timestamp,event_id,player,opponent,tour_type,model_prob,market_odds,implied_prob,edge,correct,actual_winner,settled_at
2026-09-04T07:02:32.904412+00:00,55994-27783-22014-9,Thantub Suksumrarn,Mukund Sasikumar,atp,,,,,,,
2026-09-04T07:02:33.635343+00:00,83312-85764-22012-9,Dev Javia,Michal Krajci,atp,,,,,,,
2026-09-04T07:02:34.644710+00:00,119618-85841-22012-9,Marat Salbiev,Chirag Duhan,atp,,,,,,,
2026-09-04T07:02:35.667779+00:00,48510-74570-17249-9,Kateryna Diatlova,Sarafina Olivia Hansen,wta,,,,,,,
2026-09-04T07:02:36.620347+00:00,55656-102670-21944-9,Kasidit Samrej,Enzo Aguiard,atp,,,,,,,
2026-09-04T07:02:37.547743+00:00,17335-62717-17249-9,Elina Nepliy,Laia Petretic,wta,,,,,,,
2026-09-04T07:02:38.395205+00:00,79039-91133-17249-9,Wozuko Mdlulwa,Yuliya Perapekhina,wta,,,,,,,
2026-09-04T07:02:39.279621+00:00,103054-79688-22012-9,Thijs Boogaard,Conor Gannon,atp,,,,,,,
2026-09-04T07:11:07.615770+00:00,45509-37376-22016-10,Jeremy Gschwendtner,Nicola Rispoli,atp,,,,,,,
2026-09-04T07:11:08.973803+00:00,55994-27783-22014-9,Thantub Suksumrarn,Mukund Sasikumar,atp,,,,,,,
2026-09-04T07:11:10.247710+00:00,55656-102670-21944-9,Kasidit Samrej,Enzo Aguiard,atp,,,,,,,
2026-09-04T07:11:11.528214+00:00,103054-79688-22012-9,Thijs Boogaard,Conor Gannon,atp,,,,,,,
2026-09-04T07:11:12.821862+00:00,83312-85764-22012-9,Dev Javia,Michal Krajci,atp,,,,,,,
2026-09-04T07:11:14.113394+00:00,79039-91133-17249-9,Wozuko Mdlulwa,Yuliya Perapekhina,wta,,,,,,,
2026-09-04T07:11:15.425035+00:00,48510-74570-17249-9,Kateryna Diatlova,Sarafina Olivia Hansen,wta,,,,,,,
2026-09-04T07:11:16.631034+00:00,119618-85841-22012-9,Marat Salbiev,Chirag Duhan,atp,,,,,,,
2026-09-04T07:11:17.820161+00:00,17335-62717-17249-9,Elina Nepliy,Laia Petretic,wta,,,,,,,
2026-09-04T07:20:04.303413+00:00,45509-37376-22016-10,Jeremy Gschwendtner,Nicola Rispoli,atp,,,,,,,
2026-09-04T07:20:05.587351+00:00,55994-27783-22014-9,Thantub Suksumrarn,Mukund Sasikumar,atp,,,,,,,
2026-09-04T07:20:06.748782+00:00,103054-79688-22012-9,Thijs Boogaard,Conor Gannon,atp,,,,,,,
2026-09-04T07:20:07.517224+00:00,83312-85764-22012-9,Dev Javia,Michal Krajci,atp,,,,,,,
2026-09-04T07:20:07.979883+00:00,55656-102670-21944-9,Kasidit Samrej,Enzo Aguiard,atp,,,,,,,
2026-09-04T07:20:08.522349+00:00,17335-62717-17249-9,Elina Nepliy,Laia Petretic,wta,,,,,,,
2026-09-04T07:20:08.988274+00:00,48510-74570-17249-9,Kateryna Diatlova,Sarafina Olivia Hansen,wta,,,,,,,
2026-09-04T07:20:09.466566+00:00,119618-85841-22012-9,Marat Salbiev,Chirag Duhan,atp,,,,,,,
2026-09-04T07:20:09.928928+00:00,79039-91133-17249-9,Wozuko Mdlulwa,Yuliya Perapekhina,wta,,,,,,,
2026-09-04T14:19:20.803036+00:00,12160383,N. Poznick,K. Ishii,Girls Singles,,,,,,,
2026-09-04T14:19:21.141803+00:00,12160341,Cassani/ Paun,Liu/ Ortega Redondo,Itf Women Doubles,,,,,,,
2026-09-04T14:19:21.556693+00:00,12160348,Golovina/ Senic,Glushkova/ Glushkova,Itf Women Doubles,,,,,,,
2026-09-04T14:19:21.903861+00:00,12160355,R. Yoshida,N. Kha,Girls Singles,,,,,,,
2026-09-04T14:19:22.246458+00:00,12160362,Stagno/ Tomase,Gennaro/ Lombardini,Itf Women Doubles,,,,,,,
2026-09-04T14:19:22.619214+00:00,12160366,Y. Saffar,C. Hoo,Girls Singles,,,,,,,
2026-09-04T14:19:23.047495+00:00,12160367,C. Mercier,R. Wakana,Girls Singles,,,,,,,
2026-09-04T14:19:23.417143+00:00,12160368,A. Malygina,M. Angel,Girls Singles,,,,,,,
2026-09-04T14:19:23.757830+00:00,12160373,Belozertsev/ Kucukhuseyin,Juhas/ Nikolic,Itf Men Doubles,,,,,,,
2026-09-04T14:19:24.107235+00:00,12160381,R. Bertrand,M. Bobichon,Itf Men Singles,0.6836,1.25,0.8,-0.1164,1,R. Bertrand,2026-09-04T15:57:48.247264+00:00
2026-09-04T14:19:24.478553+00:00,12160334,E. Lene,C. Burel,Itf Women Singles,0.4,4.1,0.2439,0.1561,1,C. Burel,2026-09-04T15:57:48.865239+00:00
2026-09-04T14:19:25.015228+00:00,12160386,L. Ayala,M. F. Urrutia,Itf Women Singles,0.16,,,,1,M. F. Urrutia,2026-09-04T15:57:49.480438+00:00
2026-09-04T14:19:25.391342+00:00,12160387,E. Cabezas Dominguez,J. G. Gerald Gonzalez,Itf Women Singles,0.7483,,,,1,E. Cabezas Dominguez,2026-09-04T15:57:50.009359+00:00
2026-09-04T14:19:25.765323+00:00,12160388,L. Moyano,F. Labrana,Itf Women Singles,0.3952,2.03,0.4926,-0.0974,1,F. Labrana,2026-09-04T16:03:44.227608+00:00
2026-09-04T14:19:26.107148+00:00,12160392,S. Fagan,I. O'Brien,Girls Singles,,,,,,,
2026-09-04T14:19:26.445990+00:00,12160393,D. Popovski,P. Sviglerova,Girls Singles,,,,,,,
2026-09-04T14:19:26.776986+00:00,12160394,S. Sim,M. Lauva,Girls Singles,,,,,,,
2026-09-04T14:19:27.123071+00:00,12160399,A. Danilova,M. Laron,Itf Women Singles,0.2642,3.5,0.2857,-0.0216,1,M. Laron,2026-09-04T15:57:51.144758+00:00
2026-09-04T14:19:27.488986+00:00,12160400,A. S. Sanchez,A. V. Mediorreal,Itf Women Singles,0.8148,,,,1,A. S. Sanchez,2026-09-04T15:57:51.669098+00:00
2026-09-04T14:19:27.877475+00:00,12160425,Arakawa/ Tse,Blomqvist/ Vagramov,Itf Women Doubles,,,,,,,
2026-09-04T14:19:28.216488+00:00,12160285,Elsayed/ Mabrouk,Lakshmanan/ Lorusso,Itf Men Doubles,,,,,,,
2026-09-04T14:19:28.642504+00:00,12160223,F. Urgesi,M. L. Carle,Itf Women Singles,0.4235,1.77,0.565,-0.1415,0,F. Urgesi,2026-09-04T15:57:52.273003+00:00
2026-09-04T14:19:28.990011+00:00,12160227,M. Damas,H. Dellien,Challenger Men Singles,0.2978,4.45,0.2247,0.0731,1,H. Dellien,2026-09-04T16:09:40.221576+00:00
2026-09-04T14:19:29.377477+00:00,12160229,H. Klugman,C. Fontenel,Itf Women Singles,0.6526,1.11,0.9009,-0.2483,1,H. Klugman,2026-09-04T15:57:53.378883+00:00
2026-09-04T14:19:29.711931+00:00,12160238,I. Montes-De La Torre,J. Pinnington Jones,Challenger Men Singles,0.3802,,,,0,I. Montes-De La Torre,2026-09-04T15:57:53.905784+00:00
2026-09-04T14:19:30.051282+00:00,12160239,B. Harris,F. Balshaw,Challenger Men Singles,0.607,2.07,0.4831,0.1239,0,F. Balshaw,2026-09-04T15:57:54.499651+00:00
2026-09-04T14:19:30.464142+00:00,12160257,Dhokia/ Jones,Longwe-Smit/ van Wyk,Itf Men Doubles,,,,,,,
2026-09-04T14:19:30.804494+00:00,12160269,Breaz/ Todoni,Boyden/ Iancu,Itf Women Doubles,,,,,,,
2026-09-04T14:19:31.138778+00:00,12160272,S. Cakarevic,G. Pedone,Itf Women Singles,0.2544,4.1,0.2439,0.0105,1,G. Pedone,2026-09-04T15:57:55.119522+00:00
2026-09-04T14:19:31.511771+00:00,12160279,Y. Milev,J. M. La Serna,Challenger Men Singles,0.1322,,,,0,Y. Milev,2026-09-04T15:57:55.667824+00:00
2026-09-04T14:19:31.843822+00:00,12159794,O. Roca Batalla,F. Mena,Challenger Men Singles,0.4647,1.7,0.5882,-0.1235,1,F. Mena,2026-09-04T15:57:56.189729+00:00
2026-09-04T14:19:32.216316+00:00,12160286,Gannon/ Perego,Mehra/ Qabazard,Itf Men Doubles,,,,,,,
2026-09-04T14:19:32.549167+00:00,12160293,T. Cigarran,K. Bennani,Itf Men Singles,0.3376,4.39,0.2278,0.1098,1,K. Bennani,2026-09-04T15:57:56.719997+00:00
2026-09-04T14:19:32.953038+00:00,12160297,D. Ajdukovic,J. Clarke,Challenger Men Singles,0.4244,2.38,0.4202,0.0042,1,J. Clarke,2026-09-04T15:57:57.326557+00:00
2026-09-04T14:19:33.286169+00:00,12160298,A. Nedic,J. Nikles,Challenger Men Singles,0.6548,1.17,0.8547,-0.1999,0,J. Nikles,2026-09-04T15:57:57.851831+00:00
2026-09-04T14:19:33.623988+00:00,12160300,Ingildsen/ Poulsen Brostrom,Bertola/ Kym,Challenger Men Doubles,,,,,,,
2026-09-04T14:19:33.968765+00:00,12160302,L. Primucci,G. Crivellaro,Itf Men Singles,0.4231,2.66,0.3759,0.0471,1,G. Crivellaro,2026-09-04T15:57:58.378447+00:00
2026-09-04T14:19:34.311179+00:00,12160303,G. M. Noce,M. Mazza,Itf Men Singles,0.4675,3.38,0.2959,0.1717,1,M. Mazza,2026-09-04T17:12:18.095778+00:00
2026-09-04T14:19:34.694413+00:00,12160320,P. Ormaechea,F. Trevisan,Itf Women Singles,0.2941,1.61,0.6211,-0.327,1,F. Trevisan,2026-09-04T15:57:59.523596+00:00
2026-09-04T15:58:03.094482+00:00,12160368,A. Malygina,M. Angel,Girls Singles,,,,,,,
2026-09-04T15:58:04.241373+00:00,12160301,Barroso Campos/ Vega Hernandez,Fancutt/ Watanabe,Challenger Men Doubles,,,,,,,
2026-09-04T15:58:05.302108+00:00,12160303,G. M. Noce,M. Mazza,Itf Men Singles,0.4675,3.38,0.2959,0.1717,1,M. Mazza,2026-09-04T17:12:18.491530+00:00
2026-09-04T15:58:06.365500+00:00,12160312,D. Added,J. Echeverria,Itf Men Singles,0.7491,1.56,0.641,0.1081,0,J. Echeverria,2026-09-04T17:18:10.790291+00:00
2026-09-04T15:58:07.416547+00:00,12160337,D'Agostino/ Radjenovic,Khodorchenko/ Shcherbakov,Itf Men Doubles,,,,,,,
2026-09-04T15:58:08.466582+00:00,12160349,Cvetkovic/ Virc,Yuneva/ Zaytseva,Itf Women Doubles,,,,,,,
2026-09-04T15:58:09.518064+00:00,12160351,Brooks/ Rajecki,Gasanova/ Kuzmova,Itf Women Doubles,,,,,,,
2026-09-04T15:58:10.570194+00:00,12160355,R. Yoshida,N. Kha,Girls Singles,,,,,,,
2026-09-04T15:58:11.617103+00:00,12160366,Y. Saffar,C. Hoo,Girls Singles,,,,,,,
2026-09-04T15:58:12.743728+00:00,12160367,C. Mercier,R. Wakana,Girls Singles,,,,,,,
2026-09-04T15:58:13.839874+00:00,12160299,A. Sanchez Quilez,M. Lajal,Challenger Men Singles,0.256,3.0,0.3333,-0.0774,1,M. Lajal,2026-09-04T17:12:19.274295+00:00
2026-09-04T15:58:14.947674+00:00,12160374,M. Rapolu,L. Fruhvirtova,Itf Women Singles,0.3041,2.62,0.3817,-0.0775,1,L. Fruhvirtova,2026-09-04T18:14:57.750159+00:00
2026-09-04T15:58:16.000189+00:00,12160380,G. Bosio,B. Baker,Itf Men Singles,0.8596,1.77,0.565,0.2947,1,G. Bosio,2026-09-04T18:14:58.290905+00:00
2026-09-04T15:58:17.050020+00:00,12160383,N. Poznick,K. Ishii,Girls Singles,,,,,,,
2026-09-04T15:58:18.103334+00:00,12160388,L. Moyano,F. Labrana,Itf Women Singles,0.3952,2.03,0.4926,-0.0974,1,F. Labrana,2026-09-04T16:03:48.806455+00:00
2026-09-04T15:58:19.164705+00:00,12160389,V. Bosio,C. Romero,Itf Women Singles,0.8543,1.1,0.9091,-0.0548,1,V. Bosio,2026-09-04T17:12:20.489198+00:00
2026-09-04T15:58:20.499736+00:00,12160392,S. Fagan,I. O'Brien,Girls Singles,,,,,,,
2026-09-04T15:58:21.549180+00:00,12160393,D. Popovski,P. Sviglerova,Girls Singles,,,,,,,
2026-09-04T15:58:22.597307+00:00,12160394,S. Sim,M. Lauva,Girls Singles,,,,,,,
2026-09-04T15:58:23.646834+00:00,12160145,Borges/ Hijikata,Cash/ Erler,Atp Doubles,,,,,,,
2026-09-04T15:58:24.695817+00:00,12159696,Payne/ Shumate,Hozumi/ Klepac,Wta Doubles,,,,,,,
2026-09-04T15:58:25.784594+00:00,12159794,O. Roca Batalla,F. Mena,Challenger Men Singles,0.4647,1.7,0.5882,-0.1235,1,F. Mena,2026-09-04T16:03:50.028840+00:00
2026-09-04T15:58:26.830026+00:00,12159864,M. Schoenhaus,M. Dodig,Challenger Men Singles,0.4417,2.1,0.4762,-0.0345,1,M. Dodig,2026-09-04T18:14:58.869077+00:00
2026-09-04T15:58:27.888469+00:00,12159867,J. Pegula,L. Fernandez,Wta Singles,0.8332,1.17,0.8547,-0.0215,1,J. Pegula,2026-09-04T18:14:59.404939+00:00
2026-09-04T15:58:29.185593+00:00,12159868,J. Paolini,S. Cirstea,Wta Singles,0.4806,2.54,0.3937,0.0869,1,S. Cirstea,2026-09-04T17:12:21.705153+00:00
2026-09-04T15:58:30.241053+00:00,12160126,A. Sabalenka,K. Rakhimova,Wta Singles,0.9096,1.05,0.9524,-0.0428,1,A. Sabalenka,2026-09-04T17:12:22.072526+00:00
2026-09-04T15:58:31.544332+00:00,12160127,M. Kostyuk,E. Alexandrova,Wta Singles,0.6455,1.3,0.7692,-0.1238,1,M. Kostyuk,2026-09-04T17:12:22.434345+00:00
2026-09-04T15:58:32.595845+00:00,12160143,Galloway/ Goransson,Rojer/ Winegar,Atp Doubles,,,,,,,
2026-09-04T15:58:33.639690+00:00,12160144,Frantzen/ Haase,Gonzalez/ Molteni,Atp Doubles,,,,,,,
2026-09-04T15:58:34.689139+00:00,12159695,Guarachi/ Sherif,Danilina/ Krunic,Wta Doubles,,,,,,,
2026-09-04T15:58:35.734284+00:00,12160148,Duckworth/ Kecmanovic,Melo/ Peers,Atp Doubles,,,,,,,
2026-09-04T15:58:36.794844+00:00,12160151,Luz/ Matos,Carpico/ Filin,Atp Doubles,,,,,,,
2026-09-04T15:58:37.847280+00:00,12160157,Arends/ Pel,Balaji/ King,Atp Doubles,,,,,,,
2026-09-04T15:58:38.908746+00:00,12160221,Y. Dlimi,A. Nagel,Itf Men Singles,0.3891,1.92,0.5208,-0.1317,0,Y. Dlimi,2026-09-04T18:15:00.065458+00:00
2026-09-04T15:58:40.000985+00:00,12160227,M. Damas,H. Dellien,Challenger Men Singles,0.2978,4.45,0.2247,0.0731,1,H. Dellien,2026-09-04T16:09:48.392042+00:00
2026-09-04T15:58:41.056384+00:00,12160240,E. Butvilas,L. Potenza,Challenger Men Singles,0.7546,1.23,0.813,-0.0584,0,L. Potenza,2026-09-04T18:20:58.924212+00:00
2026-09-04T15:58:42.498999+00:00,12160280,Schell/ Tsitsipas,Lahjomri/ M'Chich,Itf Men Doubles,,,,,,,
2026-09-04T15:58:43.638962+00:00,12160282,A. Tubello,F. Pace,Itf Women Singles,0.6213,1.37,0.7299,-0.1086,0,F. Pace,2026-09-04T17:12:23.569481+00:00
2026-09-04T16:03:58.489285+00:00,12160367,C. Mercier,R. Wakana,Girls Singles,,,,,,,
2026-09-04T16:03:59.640497+00:00,12160299,A. Sanchez Quilez,M. Lajal,Challenger Men Singles,0.256,3.0,0.3333,-0.0774,1,M. Lajal,2026-09-04T17:12:23.982146+00:00
2026-09-04T16:04:00.722380+00:00,12160301,Barroso Campos/ Vega Hernandez,Fancutt/ Watanabe,Challenger Men Doubles,,,,,,,
2026-09-04T16:04:01.776808+00:00,12160303,G. M. Noce,M. Mazza,Itf Men Singles,0.4675,3.38,0.2959,0.1717,1,M. Mazza,2026-09-04T17:12:24.345236+00:00
2026-09-04T16:04:02.862877+00:00,12160312,D. Added,J. Echeverria,Itf Men Singles,0.7491,1.56,0.641,0.1081,0,J. Echeverria,2026-09-04T17:18:13.565410+00:00
2026-09-04T16:04:03.919466+00:00,12160337,D'Agostino/ Radjenovic,Khodorchenko/ Shcherbakov,Itf Men Doubles,,,,,,,
2026-09-04T16:04:04.970249+00:00,12160349,Cvetkovic/ Virc,Yuneva/ Zaytseva,Itf Women Doubles,,,,,,,
2026-09-04T16:04:06.052319+00:00,12160351,Brooks/ Rajecki,Gasanova/ Kuzmova,Itf Women Doubles,,,,,,,
2026-09-04T16:04:07.095812+00:00,12160355,R. Yoshida,N. Kha,Girls Singles,,,,,,,
2026-09-04T16:04:08.142842+00:00,12160366,Y. Saffar,C. Hoo,Girls Singles,,,,,,,
2026-09-04T16:04:09.199694+00:00,12160282,A. Tubello,F. Pace,Itf Women Singles,0.6213,1.37,0.7299,-0.1086,0,F. Pace,2026-09-04T17:12:25.078577+00:00
2026-09-04T16:04:10.248581+00:00,12160368,A. Malygina,M. Angel,Girls Singles,,,,,,,
2026-09-04T16:04:11.301717+00:00,12160374,M. Rapolu,L. Fruhvirtova,Itf Women Singles,0.3041,2.62,0.3817,-0.0775,1,L. Fruhvirtova,2026-09-04T18:15:01.167265+00:00
2026-09-04T16:04:12.348077+00:00,12160380,G. Bosio,B. Baker,Itf Men Singles,0.8596,1.77,0.565,0.2947,1,G. Bosio,2026-09-04T18:15:01.705666+00:00
2026-09-04T16:04:13.401102+00:00,12160383,N. Poznick,K. Ishii,Girls Singles,,,,,,,
2026-09-04T16:04:14.447209+00:00,12160388,L. Moyano,F. Labrana,Itf Women Singles,0.3952,2.03,0.4926,-0.0974,1,F. Labrana,2026-09-04T16:09:53.215222+00:00
2026-09-04T16:04:15.494419+00:00,12160389,V. Bosio,C. Romero,Itf Women Singles,0.8543,1.1,0.9091,-0.0548,1,V. Bosio,2026-09-04T17:12:26.205717+00:00
2026-09-04T16:04:16.787862+00:00,12160392,S. Fagan,I. O'Brien,Girls Singles,,,,,,,
2026-09-04T16:04:17.833853+00:00,12160393,D. Popovski,P. Sviglerova,Girls Singles,,,,,,,
2026-09-04T16:04:18.879399+00:00,12160394,S. Sim,M. Lauva,Girls Singles,,,,,,,
2026-09-04T16:04:19.929258+00:00,12160145,Borges/ Hijikata,Cash/ Erler,Atp Doubles,,,,,,,
2026-09-04T16:04:20.990380+00:00,12159696,Payne/ Shumate,Hozumi/ Klepac,Wta Doubles,,,,,,,
2026-09-04T16:04:22.042331+00:00,12159794,O. Roca Batalla,F. Mena,Challenger Men Singles,0.4647,1.7,0.5882,-0.1235,1,F. Mena,2026-09-04T16:09:54.267350+00:00
2026-09-04T16:04:23.092072+00:00,12159864,M. Schoenhaus,M. Dodig,Challenger Men Singles,0.4417,2.1,0.4762,-0.0345,1,M. Dodig,2026-09-04T18:15:02.274451+00:00
2026-09-04T16:04:24.141779+00:00,12159867,J. Pegula,L. Fernandez,Wta Singles,0.8332,1.17,0.8547,-0.0215,1,J. Pegula,2026-09-04T18:15:02.931003+00:00
2026-09-04T16:04:25.443300+00:00,12159868,J. Paolini,S. Cirstea,Wta Singles,0.4806,2.54,0.3937,0.0869,1,S. Cirstea,2026-09-04T17:12:27.332455+00:00
2026-09-04T16:04:26.498232+00:00,12160126,A. Sabalenka,K. Rakhimova,Wta Singles,0.9096,1.05,0.9524,-0.0428,1,A. Sabalenka,2026-09-04T17:12:27.710432+00:00
2026-09-04T16:04:27.805932+00:00,12160127,M. Kostyuk,E. Alexandrova,Wta Singles,0.6455,1.3,0.7692,-0.1238,1,M. Kostyuk,2026-09-04T17:12:28.083744+00:00
2026-09-04T16:04:28.855841+00:00,12160143,Galloway/ Goransson,Rojer/ Winegar,Atp Doubles,,,,,,,
2026-09-04T16:04:29.909320+00:00,12160144,Frantzen/ Haase,Gonzalez/ Molteni,Atp Doubles,,,,,,,
2026-09-04T16:04:30.949607+00:00,12159695,Guarachi/ Sherif,Danilina/ Krunic,Wta Doubles,,,,,,,
2026-09-04T16:04:31.995438+00:00,12160148,Duckworth/ Kecmanovic,Melo/ Peers,Atp Doubles,,,,,,,
2026-09-04T16:04:33.053696+00:00,12160151,Luz/ Matos,Carpico/ Filin,Atp Doubles,,,,,,,
2026-09-04T16:04:34.104672+00:00,12160157,Arends/ Pel,Balaji/ King,Atp Doubles,,,,,,,
2026-09-04T16:04:35.161887+00:00,12160221,Y. Dlimi,A. Nagel,Itf Men Singles,0.3891,1.92,0.5208,-0.1317,0,Y. Dlimi,2026-09-04T18:15:03.457154+00:00
2026-09-04T16:04:36.218245+00:00,12160227,M. Damas,H. Dellien,Challenger Men Singles,0.2978,4.45,0.2247,0.0731,1,H. Dellien,2026-09-04T16:09:58.024122+00:00
2026-09-04T16:04:37.264727+00:00,12160240,E. Butvilas,L. Potenza,Challenger Men Singles,0.7546,1.23,0.813,-0.0584,0,L. Potenza,2026-09-04T18:20:59.471096+00:00
2026-09-04T16:04:38.558929+00:00,12160278,Milev/ Popovic,Aboian/ La Serna,Challenger Men Doubles,,,,,,,
2026-09-04T16:04:39.626630+00:00,12160280,Schell/ Tsitsipas,Lahjomri/ M'Chich,Itf Men Doubles,,,,,,,
2026-09-04T16:10:02.240889+00:00,12160367,C. Mercier,R. Wakana,Girls Singles,,,,,,,
2026-09-04T16:10:03.385244+00:00,12160299,A. Sanchez Quilez,M. Lajal,Challenger Men Singles,0.256,3.0,0.3333,-0.0774,1,M. Lajal,2026-09-04T17:12:29.258379+00:00
2026-09-04T16:10:04.430588+00:00,12160301,Barroso Campos/ Vega Hernandez,Fancutt/ Watanabe,Challenger Men Doubles,,,,,,,
2026-09-04T16:10:05.476651+00:00,12160303,G. M. Noce,M. Mazza,Itf Men Singles,0.4675,3.38,0.2959,0.1717,1,M. Mazza,2026-09-04T17:12:29.623747+00:00
2026-09-04T16:10:06.539802+00:00,12160312,D. Added,J. Echeverria,Itf Men Singles,0.7491,1.56,0.641,0.1081,0,J. Echeverria,2026-09-04T17:18:16.227918+00:00
2026-09-04T16:10:07.612435+00:00,12160337,D'Agostino/ Radjenovic,Khodorchenko/ Shcherbakov,Itf Men Doubles,,,,,,,
2026-09-04T16:10:08.750623+00:00,12160349,Cvetkovic/ Virc,Yuneva/ Zaytseva,Itf Women Doubles,,,,,,,
2026-09-04T16:10:09.798677+00:00,12160351,Brooks/ Rajecki,Gasanova/ Kuzmova,Itf Women Doubles,,,,,,,
2026-09-04T16:10:10.915235+00:00,12160355,R. Yoshida,N. Kha,Girls Singles,,,,,,,
2026-09-04T16:10:11.978416+00:00,12160366,Y. Saffar,C. Hoo,Girls Singles,,,,,,,
2026-09-04T16:10:13.024505+00:00,12160282,A. Tubello,F. Pace,Itf Women Singles,0.6213,1.37,0.7299,-0.1086,0,F. Pace,2026-09-04T17:12:30.351349+00:00
2026-09-04T16:10:14.072527+00:00,12160368,A. Malygina,M. Angel,Girls Singles,,,,,,,
2026-09-04T16:10:15.130445+00:00,12160374,M. Rapolu,L. Fruhvirtova,Itf Women Singles,0.3041,2.62,0.3817,-0.0775,1,L. Fruhvirtova,2026-09-04T18:15:04.502172+00:00
2026-09-04T16:10:16.185715+00:00,12160380,G. Bosio,B. Baker,Itf Men Singles,0.8596,1.77,0.565,0.2947,1,G. Bosio,2026-09-04T18:15:05.025250+00:00
2026-09-04T16:10:17.226883+00:00,12160383,N. Poznick,K. Ishii,Girls Singles,,,,,,,
2026-09-04T16:10:18.275736+00:00,12160388,L. Moyano,F. Labrana,Itf Women Singles,0.3952,2.03,0.4926,-0.0974,1,F. Labrana,2026-09-04T16:14:07.333845+00:00
2026-09-04T16:10:19.324332+00:00,12160389,V. Bosio,C. Romero,Itf Women Singles,0.8543,1.1,0.9091,-0.0548,1,V. Bosio,2026-09-04T17:12:31.464902+00:00
2026-09-04T16:10:20.636799+00:00,12160392,S. Fagan,I. O'Brien,Girls Singles,,,,,,,
2026-09-04T16:10:21.688653+00:00,12160393,D. Popovski,P. Sviglerova,Girls Singles,,,,,,,
2026-09-04T16:10:22.737377+00:00,12160394,S. Sim,M. Lauva,Girls Singles,,,,,,,
2026-09-04T16:10:23.784979+00:00,12160145,Borges/ Hijikata,Cash/ Erler,Atp Doubles,,,,,,,
2026-09-04T16:10:24.828829+00:00,12159696,Payne/ Shumate,Hozumi/ Klepac,Wta Doubles,,,,,,,
2026-09-04T16:10:25.884781+00:00,12159794,O. Roca Batalla,F. Mena,Challenger Men Singles,0.4647,1.7,0.5882,-0.1235,1,F. Mena,2026-09-04T16:14:08.192993+00:00
2026-09-04T16:10:26.936972+00:00,12159864,M. Schoenhaus,M. Dodig,Challenger Men Singles,0.4417,2.1,0.4762,-0.0345,1,M. Dodig,2026-09-04T18:15:05.550929+00:00
2026-09-04T16:10:27.987416+00:00,12159867,J. Pegula,L. Fernandez,Wta Singles,0.8332,1.17,0.8547,-0.0215,1,J. Pegula,2026-09-04T18:15:06.096510+00:00
2026-09-04T16:10:29.299605+00:00,12159868,J. Paolini,S. Cirstea,Wta Singles,0.4806,2.54,0.3937,0.0869,1,S. Cirstea,2026-09-04T17:12:32.566452+00:00
2026-09-04T16:10:30.352043+00:00,12160126,A. Sabalenka,K. Rakhimova,Wta Singles,0.9096,1.05,0.9524,-0.0428,1,A. Sabalenka,2026-09-04T17:12:32.945405+00:00
2026-09-04T16:10:31.663687+00:00,12160127,M. Kostyuk,E. Alexandrova,Wta Singles,0.6455,1.3,0.7692,-0.1238,1,M. Kostyuk,2026-09-04T17:12:33.311598+00:00
2026-09-04T16:10:32.713806+00:00,12160143,Galloway/ Goransson,Rojer/ Winegar,Atp Doubles,,,,,,,
2026-09-04T16:10:33.762858+00:00,12160144,Frantzen/ Haase,Gonzalez/ Molteni,Atp Doubles,,,,,,,
2026-09-04T16:10:34.811832+00:00,12159695,Guarachi/ Sherif,Danilina/ Krunic,Wta Doubles,,,,,,,
2026-09-04T16:10:35.863665+00:00,12160148,Duckworth/ Kecmanovic,Melo/ Peers,Atp Doubles,,,,,,,
2026-09-04T16:10:36.912338+00:00,12160151,Luz/ Matos,Carpico/ Filin,Atp Doubles,,,,,,,
2026-09-04T16:10:37.957307+00:00,12160157,Arends/ Pel,Balaji/ King,Atp Doubles,,,,,,,
2026-09-04T16:10:39.006863+00:00,12160221,Y. Dlimi,A. Nagel,Itf Men Singles,0.3891,1.92,0.5208,-0.1317,0,Y. Dlimi,2026-09-04T18:15:06.679026+00:00
2026-09-04T16:10:40.095760+00:00,12160227,M. Damas,H. Dellien,Challenger Men Singles,0.2978,4.45,0.2247,0.0731,1,H. Dellien,2026-09-04T16:14:11.245537+00:00
2026-09-04T16:10:41.176701+00:00,12160240,E. Butvilas,L. Potenza,Challenger Men Singles,0.7546,1.23,0.813,-0.0584,0,L. Potenza,2026-09-04T18:21:00.051377+00:00
2026-09-04T16:10:42.482830+00:00,12160278,Milev/ Popovic,Aboian/ La Serna,Challenger Men Doubles,,,,,,,
2026-09-04T16:10:43.534071+00:00,12160280,Schell/ Tsitsipas,Lahjomri/ M'Chich,Itf Men Doubles,,,,,,,
2026-09-04T16:14:14.423281+00:00,12160367,C. Mercier,R. Wakana,Girls Singles,,,,,,,
2026-09-04T16:14:15.279330+00:00,12160299,A. Sanchez Quilez,M. Lajal,Challenger Men Singles,0.256,3.0,0.3333,-0.0774,1,M. Lajal,2026-09-04T17:12:34.403929+00:00
2026-09-04T16:14:16.276349+00:00,12160303,G. M. Noce,M. Mazza,Itf Men Singles,0.4675,3.38,0.2959,0.1717,1,M. Mazza,2026-09-04T17:12:34.769961+00:00
2026-09-04T16:14:17.135555+00:00,12160312,D. Added,J. Echeverria,Itf Men Singles,0.7491,1.56,0.641,0.1081,0,J. Echeverria,2026-09-04T17:18:18.935571+00:00
2026-09-04T16:14:17.982489+00:00,12160337,D'Agostino/ Radjenovic,Khodorchenko/ Shcherbakov,Itf Men Doubles,,,,,,,
2026-09-04T16:14:18.845616+00:00,12160349,Cvetkovic/ Virc,Yuneva/ Zaytseva,Itf Women Doubles,,,,,,,
2026-09-04T16:14:19.698663+00:00,12160351,Brooks/ Rajecki,Gasanova/ Kuzmova,Itf Women Doubles,,,,,,,
2026-09-04T16:14:20.561402+00:00,12160355,R. Yoshida,N. Kha,Girls Singles,,,,,,,
2026-09-04T16:14:21.420797+00:00,12160366,Y. Saffar,C. Hoo,Girls Singles,,,,,,,
2026-09-04T16:14:22.279435+00:00,12160282,A. Tubello,F. Pace,Itf Women Singles,0.6213,1.37,0.7299,-0.1086,0,F. Pace,2026-09-04T17:12:35.502360+00:00
2026-09-04T16:14:23.137312+00:00,12160368,A. Malygina,M. Angel,Girls Singles,,,,,,,
2026-09-04T16:14:24.072001+00:00,12160374,M. Rapolu,L. Fruhvirtova,Itf Women Singles,0.3041,2.62,0.3817,-0.0775,1,L. Fruhvirtova,2026-09-04T18:15:07.719011+00:00
2026-09-04T16:14:24.903577+00:00,12160380,G. Bosio,B. Baker,Itf Men Singles,0.8596,1.77,0.565,0.2947,1,G. Bosio,2026-09-04T18:15:08.274888+00:00
2026-09-04T16:14:25.759748+00:00,12160383,N. Poznick,K. Ishii,Girls Singles,,,,,,,
2026-09-04T16:14:26.647039+00:00,12160389,V. Bosio,C. Romero,Itf Women Singles,0.8543,1.1,0.9091,-0.0548,1,V. Bosio,2026-09-04T17:12:36.679020+00:00
2026-09-04T16:14:27.882744+00:00,12160392,S. Fagan,I. O'Brien,Girls Singles,,,,,,,
2026-09-04T16:14:28.732455+00:00,12160393,D. Popovski,P. Sviglerova,Girls Singles,,,,,,,
2026-09-04T16:14:29.595053+00:00,12160394,S. Sim,M. Lauva,Girls Singles,,,,,,,
2026-09-04T16:14:30.438062+00:00,12160145,Borges/ Hijikata,Cash/ Erler,Atp Doubles,,,,,,,
2026-09-04T16:14:31.303212+00:00,12159696,Payne/ Shumate,Hozumi/ Klepac,Wta Doubles,,,,,,,
2026-09-04T16:14:32.148294+00:00,12159864,M. Schoenhaus,M. Dodig,Challenger Men Singles,0.4417,2.1,0.4762,-0.0345,1,M. Dodig,2026-09-04T18:15:08.880962+00:00
2026-09-04T16:14:33.031204+00:00,12159867,J. Pegula,L. Fernandez,Wta Singles,0.8332,1.17,0.8547,-0.0215,1,J. Pegula,2026-09-04T18:15:09.400755+00:00
2026-09-04T16:14:34.025367+00:00,12159868,J. Paolini,S. Cirstea,Wta Singles,0.4806,2.54,0.3937,0.0869,1,S. Cirstea,2026-09-04T17:12:37.781899+00:00
2026-09-04T16:14:34.893248+00:00,12160126,A. Sabalenka,K. Rakhimova,Wta Singles,0.9096,1.05,0.9524,-0.0428,1,A. Sabalenka,2026-09-04T17:12:38.147907+00:00
2026-09-04T16:14:35.953473+00:00,12160127,M. Kostyuk,E. Alexandrova,Wta Singles,0.6455,1.3,0.7692,-0.1238,1,M. Kostyuk,2026-09-04T17:12:38.512432+00:00
2026-09-04T16:14:36.819898+00:00,12160143,Galloway/ Goransson,Rojer/ Winegar,Atp Doubles,,,,,,,
2026-09-04T16:14:37.674427+00:00,12160144,Frantzen/ Haase,Gonzalez/ Molteni,Atp Doubles,,,,,,,
2026-09-04T16:14:38.524344+00:00,12159695,Guarachi/ Sherif,Danilina/ Krunic,Wta Doubles,,,,,,,
2026-09-04T16:14:39.367785+00:00,12160148,Duckworth/ Kecmanovic,Melo/ Peers,Atp Doubles,,,,,,,
2026-09-04T16:14:40.227231+00:00,12160151,Luz/ Matos,Carpico/ Filin,Atp Doubles,,,,,,,
2026-09-04T16:14:41.080488+00:00,12160157,Arends/ Pel,Balaji/ King,Atp Doubles,,,,,,,
2026-09-04T16:14:41.942943+00:00,12160221,Y. Dlimi,A. Nagel,Itf Men Singles,0.3891,1.92,0.5208,-0.1317,0,Y. Dlimi,2026-09-04T18:15:09.938199+00:00
2026-09-04T16:14:42.816629+00:00,12160227,M. Damas,H. Dellien,Challenger Men Singles,0.2978,4.45,0.2247,0.0731,1,H. Dellien,2026-09-04T16:20:10.314846+00:00
2026-09-04T16:14:43.672787+00:00,12160240,E. Butvilas,L. Potenza,Challenger Men Singles,0.7546,1.23,0.813,-0.0584,0,L. Potenza,2026-09-04T18:21:00.639500+00:00
2026-09-04T16:14:44.674374+00:00,12160278,Milev/ Popovic,Aboian/ La Serna,Challenger Men Doubles,,,,,,,
2026-09-04T16:20:13.499281+00:00,12160367,C. Mercier,R. Wakana,Girls Singles,,,,,,,
2026-09-04T16:20:14.359695+00:00,12160284,Strakhova/ Tran,Hietaranta/ Van Emst,Itf Women Doubles,,,,,,,
2026-09-04T16:20:15.220973+00:00,12160299,A. Sanchez Quilez,M. Lajal,Challenger Men Singles,0.256,3.0,0.3333,-0.0774,1,M. Lajal,2026-09-04T17:12:39.601292+00:00
2026-09-04T16:20:16.083246+00:00,12160303,G. M. Noce,M. Mazza,Itf Men Singles,0.4675,3.38,0.2959,0.1717,1,M. Mazza,2026-09-04T17:12:39.965238+00:00
2026-09-04T16:20:16.956073+00:00,12160312,D. Added,J. Echeverria,Itf Men Singles,0.7491,1.56,0.641,0.1081,0,J. Echeverria,2026-09-04T17:18:21.559303+00:00
2026-09-04T16:20:17.824356+00:00,12160337,D'Agostino/ Radjenovic,Khodorchenko/ Shcherbakov,Itf Men Doubles,,,,,,,
2026-09-04T16:20:18.670218+00:00,12160349,Cvetkovic/ Virc,Yuneva/ Zaytseva,Itf Women Doubles,,,,,,,
2026-09-04T16:20:19.529700+00:00,12160351,Brooks/ Rajecki,Gasanova/ Kuzmova,Itf Women Doubles,,,,,,,
2026-09-04T16:20:20.395708+00:00,12160355,R. Yoshida,N. Kha,Girls Singles,,,,,,,
2026-09-04T16:20:21.244632+00:00,12160366,Y. Saffar,C. Hoo,Girls Singles,,,,,,,
2026-09-04T16:20:22.096646+00:00,12160282,A. Tubello,F. Pace,Itf Women Singles,0.6213,1.37,0.7299,-0.1086,0,F. Pace,2026-09-04T17:12:40.685768+00:00
2026-09-04T16:20:22.959473+00:00,12160368,A. Malygina,M. Angel,Girls Singles,,,,,,,
2026-09-04T16:20:23.823457+00:00,12160374,M. Rapolu,L. Fruhvirtova,Itf Women Singles,0.3041,2.62,0.3817,-0.0775,1,L. Fruhvirtova,2026-09-04T18:15:10.990095+00:00
2026-09-04T16:20:24.695090+00:00,12160380,G. Bosio,B. Baker,Itf Men Singles,0.8596,1.77,0.565,0.2947,1,G. Bosio,2026-09-04T18:15:11.514229+00:00
2026-09-04T16:20:25.573049+00:00,12160383,N. Poznick,K. Ishii,Girls Singles,,,,,,,
2026-09-04T16:20:26.450769+00:00,12160389,V. Bosio,C. Romero,Itf Women Singles,0.8543,1.1,0.9091,-0.0548,1,V. Bosio,2026-09-04T17:12:41.771316+00:00
2026-09-04T16:20:27.480051+00:00,12160392,S. Fagan,I. O'Brien,Girls Singles,,,,,,,
2026-09-04T16:20:28.333057+00:00,12160393,D. Popovski,P. Sviglerova,Girls Singles,,,,,,,
2026-09-04T16:20:29.189797+00:00,12160394,S. Sim,M. Lauva,Girls Singles,,,,,,,
2026-09-04T16:20:30.048542+00:00,12160145,Borges/ Hijikata,Cash/ Erler,Atp Doubles,,,,,,,
2026-09-04T16:20:30.911008+00:00,12159696,Payne/ Shumate,Hozumi/ Klepac,Wta Doubles,,,,,,,
2026-09-04T16:20:31.812310+00:00,12159864,M. Schoenhaus,M. Dodig,Challenger Men Singles,0.4417,2.1,0.4762,-0.0345,1,M. Dodig,2026-09-04T18:15:12.053283+00:00
2026-09-04T16:20:32.679338+00:00,12159867,J. Pegula,L. Fernandez,Wta Singles,0.8332,1.17,0.8547,-0.0215,1,J. Pegula,2026-09-04T18:15:12.572389+00:00
2026-09-04T16:20:33.649630+00:00,12159868,J. Paolini,S. Cirstea,Wta Singles,0.4806,2.54,0.3937,0.0869,1,S. Cirstea,2026-09-04T17:12:42.896620+00:00
2026-09-04T16:20:34.500228+00:00,12160126,A. Sabalenka,K. Rakhimova,Wta Singles,0.9096,1.05,0.9524,-0.0428,1,A. Sabalenka,2026-09-04T17:12:43.257960+00:00
2026-09-04T16:20:35.529965+00:00,12160127,M. Kostyuk,E. Alexandrova,Wta Singles,0.6455,1.3,0.7692,-0.1238,1,M. Kostyuk,2026-09-04T17:12:43.636724+00:00
2026-09-04T16:20:36.383859+00:00,12160143,Galloway/ Goransson,Rojer/ Winegar,Atp Doubles,,,,,,,
2026-09-04T16:20:37.249146+00:00,12160144,Frantzen/ Haase,Gonzalez/ Molteni,Atp Doubles,,,,,,,
2026-09-04T16:20:38.128661+00:00,12159695,Guarachi/ Sherif,Danilina/ Krunic,Wta Doubles,,,,,,,
2026-09-04T16:20:38.992468+00:00,12160148,Duckworth/ Kecmanovic,Melo/ Peers,Atp Doubles,,,,,,,
2026-09-04T16:20:39.843868+00:00,12160151,Luz/ Matos,Carpico/ Filin,Atp Doubles,,,,,,,
2026-09-04T16:20:40.688552+00:00,12160157,Arends/ Pel,Balaji/ King,Atp Doubles,,,,,,,
2026-09-04T16:20:41.554928+00:00,12160221,Y. Dlimi,A. Nagel,Itf Men Singles,0.3891,1.92,0.5208,-0.1317,0,Y. Dlimi,2026-09-04T18:15:13.150722+00:00
2026-09-04T16:20:42.419325+00:00,12160227,M. Damas,H. Dellien,Challenger Men Singles,0.2978,4.45,0.2247,0.0731,1,H. Dellien,2026-09-04T16:26:17.088097+00:00
2026-09-04T16:20:43.283709+00:00,12160240,E. Butvilas,L. Potenza,Challenger Men Singles,0.7546,1.23,0.813,-0.0584,0,L. Potenza,2026-09-04T18:21:01.217691+00:00
2026-09-04T16:20:44.273592+00:00,12160273,Vives Marcos/ Winter Lopez,Kolar/ Poljak,Challenger Men Doubles,,,,,,,
2026-09-04T16:20:45.141512+00:00,12160278,Milev/ Popovic,Aboian/ La Serna,Challenger Men Doubles,,,,,,,
2026-09-04T16:26:20.358217+00:00,12160368,A. Malygina,M. Angel,Girls Singles,,,,,,,
2026-09-04T16:26:21.224195+00:00,12160299,A. Sanchez Quilez,M. Lajal,Challenger Men Singles,0.256,3.0,0.3333,-0.0774,1,M. Lajal,2026-09-04T17:12:44.774290+00:00
2026-09-04T16:26:22.096075+00:00,12160303,G. M. Noce,M. Mazza,Itf Men Singles,0.4675,3.38,0.2959,0.1717,1,M. Mazza,2026-09-04T17:12:45.139973+00:00
2026-09-04T16:26:22.952439+00:00,12160312,D. Added,J. Echeverria,Itf Men Singles,0.7491,1.56,0.641,0.1081,0,J. Echeverria,2026-09-04T17:18:24.219621+00:00
2026-09-04T16:26:23.829211+00:00,12160337,D'Agostino/ Radjenovic,Khodorchenko/ Shcherbakov,Itf Men Doubles,,,,,,,
2026-09-04T16:26:24.704979+00:00,12160349,Cvetkovic/ Virc,Yuneva/ Zaytseva,Itf Women Doubles,,,,,,,
2026-09-04T16:26:25.581843+00:00,12160355,R. Yoshida,N. Kha,Girls Singles,,,,,,,
2026-09-04T16:26:26.436160+00:00,12160366,Y. Saffar,C. Hoo,Girls Singles,,,,,,,
2026-09-04T16:26:27.312407+00:00,12160367,C. Mercier,R. Wakana,Girls Singles,,,,,,,
2026-09-04T16:26:28.166843+00:00,12160284,Strakhova/ Tran,Hietaranta/ Van Emst,Itf Women Doubles,,,,,,,
2026-09-04T16:26:29.028434+00:00,12160374,M. Rapolu,L. Fruhvirtova,Itf Women Singles,0.3041,2.62,0.3817,-0.0775,1,L. Fruhvirtova,2026-09-04T18:15:14.204313+00:00
2026-09-04T16:26:29.909863+00:00,12160380,G. Bosio,B. Baker,Itf Men Singles,0.8596,1.77,0.565,0.2947,1,G. Bosio,2026-09-04T18:15:14.776815+00:00
2026-09-04T16:26:30.809801+00:00,12160383,N. Poznick,K. Ishii,Girls Singles,,,,,,,
2026-09-04T16:26:31.687003+00:00,12160389,V. Bosio,C. Romero,Itf Women Singles,0.8543,1.1,0.9091,-0.0548,1,V. Bosio,2026-09-04T17:12:46.600722+00:00
2026-09-04T16:26:32.684832+00:00,12160392,S. Fagan,I. O'Brien,Girls Singles,,,,,,,
2026-09-04T16:26:33.542598+00:00,12160393,D. Popovski,P. Sviglerova,Girls Singles,,,,,,,
2026-09-04T16:26:34.398910+00:00,12160394,S. Sim,M. Lauva,Girls Singles,,,,,,,
2026-09-04T16:26:35.262717+00:00,12160148,Duckworth/ Kecmanovic,Melo/ Peers,Atp Doubles,,,,,,,
2026-09-04T16:26:36.145785+00:00,12159864,M. Schoenhaus,M. Dodig,Challenger Men Singles,0.4417,2.1,0.4762,-0.0345,1,M. Dodig,2026-09-04T18:15:15.303506+00:00
2026-09-04T16:26:37.013305+00:00,12159867,J. Pegula,L. Fernandez,Wta Singles,0.8332,1.17,0.8547,-0.0215,1,J. Pegula,2026-09-04T18:15:15.824103+00:00
2026-09-04T16:26:37.998307+00:00,12159868,J. Paolini,S. Cirstea,Wta Singles,0.4806,2.54,0.3937,0.0869,1,S. Cirstea,2026-09-04T17:12:47.783675+00:00
2026-09-04T16:26:38.880533+00:00,12160126,A. Sabalenka,K. Rakhimova,Wta Singles,0.9096,1.05,0.9524,-0.0428,1,A. Sabalenka,2026-09-04T17:12:48.150663+00:00
2026-09-04T16:26:39.895965+00:00,12160127,M. Kostyuk,E. Alexandrova,Wta Singles,0.6455,1.3,0.7692,-0.1238,1,M. Kostyuk,2026-09-04T17:12:48.510956+00:00
2026-09-04T16:26:40.764916+00:00,12160143,Galloway/ Goransson,Rojer/ Winegar,Atp Doubles,,,,,,,
2026-09-04T16:26:41.619712+00:00,12160144,Frantzen/ Haase,Gonzalez/ Molteni,Atp Doubles,,,,,,,
2026-09-04T16:26:42.503626+00:00,12160145,Borges/ Hijikata,Cash/ Erler,Atp Doubles,,,,,,,
2026-09-04T16:26:43.370639+00:00,12159695,Guarachi/ Sherif,Danilina/ Krunic,Wta Doubles,,,,,,,
2026-09-04T16:26:44.258321+00:00,12160151,Luz/ Matos,Carpico/ Filin,Atp Doubles,,,,,,,
2026-09-04T16:26:45.135820+00:00,12160157,Arends/ Pel,Balaji/ King,Atp Doubles,,,,,,,
2026-09-04T16:26:46.009115+00:00,12160221,Y. Dlimi,A. Nagel,Itf Men Singles,0.3891,1.92,0.5208,-0.1317,0,Y. Dlimi,2026-09-04T18:15:16.338908+00:00
2026-09-04T16:26:46.863110+00:00,12160240,E. Butvilas,L. Potenza,Challenger Men Singles,0.7546,1.23,0.813,-0.0584,0,L. Potenza,2026-09-04T18:21:01.801157+00:00
2026-09-04T16:26:48.050860+00:00,12160273,Vives Marcos/ Winter Lopez,Kolar/ Poljak,Challenger Men Doubles,,,,,,,
2026-09-04T16:26:49.004941+00:00,12160278,Milev/ Popovic,Aboian/ La Serna,Challenger Men Doubles,,,,,,,
2026-09-04T16:26:49.997114+00:00,12160282,A. Tubello,F. Pace,Itf Women Singles,0.6213,1.37,0.7299,-0.1086,0,F. Pace,2026-09-04T17:12:49.602480+00:00
2026-09-04T17:12:51.942013+00:00,12160240,E. Butvilas,L. Potenza,Challenger Men Singles,0.7546,1.23,0.813,-0.0584,0,L. Potenza,2026-09-04T18:21:02.339297+00:00
2026-09-04T17:12:52.736655+00:00,12160393,D. Popovski,P. Sviglerova,Girls Singles,,,,,,,
2026-09-04T17:12:53.467534+00:00,12160382,Jong/ Muller,Deden/ Meijer,Itf Men Doubles,,,,,,,
2026-09-04T17:12:54.207172+00:00,12160380,G. Bosio,B. Baker,Itf Men Singles,0.8596,1.77,0.565,0.2947,1,G. Bosio,2026-09-04T18:15:17.924416+00:00
2026-09-04T17:12:54.932489+00:00,12160374,M. Rapolu,L. Fruhvirtova,Itf Women Singles,0.3041,2.62,0.3817,-0.0775,1,L. Fruhvirtova,2026-09-04T18:15:18.441332+00:00
2026-09-04T17:12:55.657645+00:00,12160366,Y. Saffar,C. Hoo,Girls Singles,,,,,,,
2026-09-04T17:12:56.379812+00:00,12160350,Cervino Ruiz/ Martinez Vaquero,Fontenel/ Visscher,Itf Women Doubles,,,,,,,
2026-09-04T17:12:57.102996+00:00,12160349,Cvetkovic/ Virc,Yuneva/ Zaytseva,Itf Women Doubles,,,,,,,
2026-09-04T17:12:57.873393+00:00,12160312,D. Added,J. Echeverria,Itf Men Singles,0.7491,1.56,0.641,0.1081,0,J. Echeverria,2026-09-04T17:18:27.877426+00:00
2026-09-04T17:12:58.590947+00:00,12160284,Strakhova/ Tran,Hietaranta/ Van Emst,Itf Women Doubles,,,,,,,
2026-09-04T17:12:59.324632+00:00,12160281,Baumgartner/ Haddouch,Cigarran/ Perfetti,Itf Men Doubles,,,,,,,
2026-09-04T17:13:00.048446+00:00,12160278,Milev/ Popovic,Aboian/ La Serna,Challenger Men Doubles,,,,,,,
2026-09-04T17:13:00.761498+00:00,12160273,Vives Marcos/ Winter Lopez,Kolar/ Poljak,Challenger Men Doubles,,,,,,,
2026-09-04T17:13:01.497919+00:00,12159689,Marcinko/ Oliynykova,Dart/ Lumsden,Wta Doubles,,,,,,,
2026-09-04T17:13:02.213922+00:00,12160221,Y. Dlimi,A. Nagel,Itf Men Singles,0.3891,1.92,0.5208,-0.1317,0,Y. Dlimi,2026-09-04T18:15:18.966927+00:00
2026-09-04T17:13:02.930131+00:00,12160158,Miedler/ Polmans,Nakashima/ Nakashima,Atp Doubles,,,,,,,
2026-09-04T17:13:03.686643+00:00,12160157,Arends/ Pel,Balaji/ King,Atp Doubles,,,,,,,
2026-09-04T17:13:04.422010+00:00,12160151,Luz/ Matos,Carpico/ Filin,Atp Doubles,,,,,,,
2026-09-04T17:13:05.148647+00:00,12160144,Frantzen/ Haase,Gonzalez/ Molteni,Atp Doubles,,,,,,,
2026-09-04T17:13:05.869141+00:00,12160143,Galloway/ Goransson,Rojer/ Winegar,Atp Doubles,,,,,,,
2026-09-04T17:13:06.619584+00:00,12160136,A. Bublik,T. Paul,Atp Singles,0.5316,2.52,0.3968,0.1348,0,T. Paul,2026-09-04T20:18:22.844478+00:00
2026-09-04T17:13:07.353110+00:00,12160019,D. Medvedev,A. Rinderknech,Atp Singles,0.6802,1.35,0.7407,-0.0605,1,D. Medvedev,2026-09-04T19:10:44.183731+00:00
2026-09-04T17:13:08.075905+00:00,12159867,J. Pegula,L. Fernandez,Wta Singles,0.8332,1.17,0.8547,-0.0215,1,J. Pegula,2026-09-04T18:15:20.523901+00:00
2026-09-04T17:13:08.864556+00:00,12159866,T. Townsend,D. Shnaider,Wta Singles,0.2408,2.44,0.4098,-0.169,0,T. Townsend,2026-09-04T20:12:40.385037+00:00
2026-09-04T17:13:09.586859+00:00,12159864,M. Schoenhaus,M. Dodig,Challenger Men Singles,0.4417,2.1,0.4762,-0.0345,1,M. Dodig,2026-09-04T18:15:21.570750+00:00
2026-09-04T17:13:10.313849+00:00,12159695,Guarachi/ Sherif,Danilina/ Krunic,Wta Doubles,,,,,,,
2026-09-04T17:18:32.367056+00:00,12160240,E. Butvilas,L. Potenza,Challenger Men Singles,0.7546,1.23,0.813,-0.0584,0,L. Potenza,2026-09-04T18:21:04.607277+00:00
2026-09-04T17:18:33.145638+00:00,12160393,D. Popovski,P. Sviglerova,Girls Singles,,,,,,,
2026-09-04T17:18:33.877165+00:00,12160382,Jong/ Muller,Deden/ Meijer,Itf Men Doubles,,,,,,,
2026-09-04T17:18:34.708045+00:00,12160380,G. Bosio,B. Baker,Itf Men Singles,0.8596,1.77,0.565,0.2947,1,G. Bosio,2026-09-04T18:15:22.629410+00:00
2026-09-04T17:18:35.456151+00:00,12160374,M. Rapolu,L. Fruhvirtova,Itf Women Singles,0.3041,2.62,0.3817,-0.0775,1,L. Fruhvirtova,2026-09-04T18:15:23.205459+00:00
2026-09-04T17:18:36.216566+00:00,12160366,Y. Saffar,C. Hoo,Girls Singles,,,,,,,
2026-09-04T17:18:36.974634+00:00,12160350,Cervino Ruiz/ Martinez Vaquero,Fontenel/ Visscher,Itf Women Doubles,,,,,,,
2026-09-04T17:18:37.723726+00:00,12160349,Cvetkovic/ Virc,Yuneva/ Zaytseva,Itf Women Doubles,,,,,,,
2026-09-04T17:18:38.460929+00:00,12160312,D. Added,J. Echeverria,Itf Men Singles,0.7491,1.56,0.641,0.1081,0,J. Echeverria,2026-09-04T17:24:10.538841+00:00
2026-09-04T17:18:39.213291+00:00,12160284,Strakhova/ Tran,Hietaranta/ Van Emst,Itf Women Doubles,,,,,,,
2026-09-04T17:18:39.922009+00:00,12160281,Baumgartner/ Haddouch,Cigarran/ Perfetti,Itf Men Doubles,,,,,,,
2026-09-04T17:18:40.666891+00:00,12160278,Milev/ Popovic,Aboian/ La Serna,Challenger Men Doubles,,,,,,,
2026-09-04T17:18:41.587968+00:00,12160273,Vives Marcos/ Winter Lopez,Kolar/ Poljak,Challenger Men Doubles,,,,,,,
2026-09-04T17:18:42.381420+00:00,12159689,Marcinko/ Oliynykova,Dart/ Lumsden,Wta Doubles,,,,,,,
2026-09-04T17:18:43.136496+00:00,12160221,Y. Dlimi,A. Nagel,Itf Men Singles,0.3891,1.92,0.5208,-0.1317,0,Y. Dlimi,2026-09-04T18:15:23.736278+00:00
2026-09-04T17:18:43.877266+00:00,12160158,Miedler/ Polmans,Nakashima/ Nakashima,Atp Doubles,,,,,,,
2026-09-04T17:18:44.675035+00:00,12160157,Arends/ Pel,Balaji/ King,Atp Doubles,,,,,,,
2026-09-04T17:18:45.500967+00:00,12160151,Luz/ Matos,Carpico/ Filin,Atp Doubles,,,,,,,
2026-09-04T17:18:46.344468+00:00,12160144,Frantzen/ Haase,Gonzalez/ Molteni,Atp Doubles,,,,,,,
2026-09-04T17:18:47.086845+00:00,12160143,Galloway/ Goransson,Rojer/ Winegar,Atp Doubles,,,,,,,
2026-09-04T17:18:47.816676+00:00,12160136,A. Bublik,T. Paul,Atp Singles,0.5316,2.52,0.3968,0.1348,0,T. Paul,2026-09-04T20:18:23.406840+00:00
2026-09-04T17:18:48.663247+00:00,12160019,D. Medvedev,A. Rinderknech,Atp Singles,0.6802,1.35,0.7407,-0.0605,1,D. Medvedev,2026-09-04T19:10:45.634761+00:00
2026-09-04T17:18:49.397590+00:00,12159867,J. Pegula,L. Fernandez,Wta Singles,0.8332,1.17,0.8547,-0.0215,1,J. Pegula,2026-09-04T18:15:25.333094+00:00
2026-09-04T17:18:50.207085+00:00,12159866,T. Townsend,D. Shnaider,Wta Singles,0.2408,2.44,0.4098,-0.169,0,T. Townsend,2026-09-04T20:12:41.532312+00:00
2026-09-04T17:18:50.940796+00:00,12159864,M. Schoenhaus,M. Dodig,Challenger Men Singles,0.4417,2.1,0.4762,-0.0345,1,M. Dodig,2026-09-04T18:15:26.401528+00:00
2026-09-04T17:18:51.664812+00:00,12159695,Guarachi/ Sherif,Danilina/ Krunic,Wta Doubles,,,,,,,
2026-09-04T17:24:15.032071+00:00,12160258,A. Reco,R. Perot,Itf Men Singles,0.1056,4.83,0.207,-0.1015,1,R. Perot,2026-09-04T20:12:42.058684+00:00
2026-09-04T17:24:15.762316+00:00,12160395,L. Gagliardo,F. Aguilar Cardozo,Itf Men Singles,0.6667,1.82,0.5495,0.1172,1,L. Gagliardo,2026-09-04T19:22:06.766888+00:00
2026-09-04T17:24:16.484788+00:00,12160393,D. Popovski,P. Sviglerova,Girls Singles,,,,,,,
2026-09-04T17:24:17.197037+00:00,12160382,Jong/ Muller,Deden/ Meijer,Itf Men Doubles,,,,,,,
2026-09-04T17:24:17.932734+00:00,12160380,G. Bosio,B. Baker,Itf Men Singles,0.8596,1.77,0.565,0.2947,1,G. Bosio,2026-09-04T18:15:27.963334+00:00
2026-09-04T17:24:18.672279+00:00,12160374,M. Rapolu,L. Fruhvirtova,Itf Women Singles,0.3041,2.62,0.3817,-0.0775,1,L. Fruhvirtova,2026-09-04T18:15:28.490960+00:00
2026-09-04T17:24:19.394647+00:00,12160366,Y. Saffar,C. Hoo,Girls Singles,,,,,,,
2026-09-04T17:24:20.130665+00:00,12160350,Cervino Ruiz/ Martinez Vaquero,Fontenel/ Visscher,Itf Women Doubles,,,,,,,
2026-09-04T17:24:20.861861+00:00,12160349,Cvetkovic/ Virc,Yuneva/ Zaytseva,Itf Women Doubles,,,,,,,
2026-09-04T17:24:21.582154+00:00,12160335,Crivellaro/ Mecarelli,Baldisserri/ Bilardo,Itf Men Doubles,,,,,,,
2026-09-04T17:24:22.301978+00:00,12160304,L. Berto,T. C. Baragiola Mordini,Itf Men Singles,0.3684,,,,0,L. Berto,2026-09-04T19:22:07.246924+00:00
2026-09-04T17:24:23.058883+00:00,12160284,Strakhova/ Tran,Hietaranta/ Van Emst,Itf Women Doubles,,,,,,,
2026-09-04T17:24:23.786035+00:00,12160281,Baumgartner/ Haddouch,Cigarran/ Perfetti,Itf Men Doubles,,,,,,,
2026-09-04T17:24:24.527975+00:00,12160278,Milev/ Popovic,Aboian/ La Serna,Challenger Men Doubles,,,,,,,
2026-09-04T17:24:25.251466+00:00,12160273,Vives Marcos/ Winter Lopez,Kolar/ Poljak,Challenger Men Doubles,,,,,,,
2026-09-04T17:24:25.973915+00:00,12159689,Marcinko/ Oliynykova,Dart/ Lumsden,Wta Doubles,,,,,,,
2026-09-04T17:24:26.726320+00:00,12160240,E. Butvilas,L. Potenza,Challenger Men Singles,0.7546,1.23,0.813,-0.0584,0,L. Potenza,2026-09-04T18:21:08.385137+00:00
2026-09-04T17:24:27.526363+00:00,12160221,Y. Dlimi,A. Nagel,Itf Men Singles,0.3891,1.92,0.5208,-0.1317,0,Y. Dlimi,2026-09-04T18:15:30.109566+00:00
2026-09-04T17:24:28.262978+00:00,12160164,Nys/ Roger-Vasselin,Paul/ Vocel,Atp Doubles,,,,,,,
2026-09-04T17:24:28.988747+00:00,12160158,Miedler/ Polmans,Nakashima/ Nakashima,Atp Doubles,,,,,,,
2026-09-04T17:24:29.706508+00:00,12160157,Arends/ Pel,Balaji/ King,Atp Doubles,,,,,,,
2026-09-04T17:24:30.451845+00:00,12160151,Luz/ Matos,Carpico/ Filin,Atp Doubles,,,,,,,
2026-09-04T17:24:31.176737+00:00,12160144,Frantzen/ Haase,Gonzalez/ Molteni,Atp Doubles,,,,,,,
2026-09-04T17:24:31.897272+00:00,12160143,Galloway/ Goransson,Rojer/ Winegar,Atp Doubles,,,,,,,
2026-09-04T17:24:32.628307+00:00,12160136,A. Bublik,T. Paul,Atp Singles,0.5316,2.52,0.3968,0.1348,0,T. Paul,2026-09-04T20:18:23.997861+00:00
2026-09-04T17:24:33.354992+00:00,12160019,D. Medvedev,A. Rinderknech,Atp Singles,0.6802,1.35,0.7407,-0.0605,1,D. Medvedev,2026-09-04T19:10:48.738902+00:00
2026-09-04T17:24:34.095817+00:00,12159867,J. Pegula,L. Fernandez,Wta Singles,0.8332,1.17,0.8547,-0.0215,1,J. Pegula,2026-09-04T18:15:31.675754+00:00
2026-09-04T17:24:34.892657+00:00,12159866,T. Townsend,D. Shnaider,Wta Singles,0.2408,2.44,0.4098,-0.169,0,T. Townsend,2026-09-04T20:12:43.212735+00:00
2026-09-04T17:24:35.614184+00:00,12159864,M. Schoenhaus,M. Dodig,Challenger Men Singles,0.4417,2.1,0.4762,-0.0345,1,M. Dodig,2026-09-04T18:15:32.747497+00:00
2026-09-04T18:15:36.029420+00:00,12160240,E. Butvilas,L. Potenza,Challenger Men Singles,0.7546,1.23,0.813,-0.0584,0,L. Potenza,2026-09-04T18:21:10.492451+00:00
2026-09-04T18:15:37.283884+00:00,12160395,L. Gagliardo,F. Aguilar Cardozo,Itf Men Singles,0.6667,1.82,0.5495,0.1172,1,L. Gagliardo,2026-09-04T19:22:08.709725+00:00
2026-09-04T18:15:38.346364+00:00,12160391,Moyano/ Romero,Estevez/ Urrutia,Itf Women Doubles,,,,,,,
2026-09-04T18:15:39.396416+00:00,12160390,Gerald Gonzalez/ Labrana,Cabezas Dominguez/ Navarro,Itf Women Doubles,,,,,,,
2026-09-04T18:15:40.448388+00:00,12160384,Krawietz/ Puetz,Faria/ Walton,Atp Doubles,,,,,,,
2026-09-04T18:15:41.495932+00:00,12160374,M. Rapolu,L. Fruhvirtova,Itf Women Singles,0.3041,2.62,0.3817,-0.0775,1,L. Fruhvirtova,2026-09-04T18:21:11.554863+00:00
2026-09-04T18:15:42.528967+00:00,12160350,Cervino Ruiz/ Martinez Vaquero,Fontenel/ Visscher,Itf Women Doubles,,,,,,,
2026-09-04T18:15:43.574607+00:00,12160304,L. Berto,T. C. Baragiola Mordini,Itf Men Singles,0.3684,,,,0,L. Berto,2026-09-04T19:22:09.195149+00:00
2026-09-04T18:15:44.613590+00:00,12160281,Baumgartner/ Haddouch,Cigarran/ Perfetti,Itf Men Doubles,,,,,,,
2026-09-04T18:15:45.651006+00:00,12160260,Freire Da Silva/ Garcian,Bertrand/ Echeverria,Itf Men Doubles,,,,,,,
2026-09-04T18:15:46.692354+00:00,12160258,A. Reco,R. Perot,Itf Men Singles,0.1056,4.83,0.207,-0.1015,1,R. Perot,2026-09-04T20:12:43.811236+00:00
2026-09-04T18:15:47.784877+00:00,12159689,Marcinko/ Oliynykova,Dart/ Lumsden,Wta Doubles,,,,,,,
2026-09-04T18:15:48.826811+00:00,12160164,Nys/ Roger-Vasselin,Paul/ Vocel,Atp Doubles,,,,,,,
2026-09-04T18:15:49.885701+00:00,12160158,Miedler/ Polmans,Nakashima/ Nakashima,Atp Doubles,,,,,,,
2026-09-04T18:15:50.924594+00:00,12160157,Arends/ Pel,Balaji/ King,Atp Doubles,,,,,,,
2026-09-04T18:15:51.975190+00:00,12160156,Heliovaara/ Patten,Cerundolo/ Cerundolo,Atp Doubles,,,,,,,
2026-09-04T18:15:53.007300+00:00,12160150,Arneodo/ Mannarino,J- Arnaldi/ Struff,Atp Doubles,,,,,,,
2026-09-04T18:15:54.059272+00:00,12160139,Y. Wu,C. Alcaraz,Atp Singles,0.0715,12.08,0.0828,-0.0113,1,C. Alcaraz,2026-09-04T21:12:27.871445+00:00
2026-09-04T18:15:55.103103+00:00,12160136,A. Bublik,T. Paul,Atp Singles,0.5316,2.52,0.3968,0.1348,0,T. Paul,2026-09-04T20:18:25.145530+00:00
2026-09-04T18:15:56.166535+00:00,12160019,D. Medvedev,A. Rinderknech,Atp Singles,0.6802,1.35,0.7407,-0.0605,1,D. Medvedev,2026-09-04T19:10:52.334488+00:00
2026-09-04T18:15:57.267129+00:00,12159866,T. Townsend,D. Shnaider,Wta Singles,0.2408,2.44,0.4098,-0.169,0,T. Townsend,2026-09-04T20:12:45.474312+00:00
2026-09-04T18:15:58.334928+00:00,12159690,Bartunkova/ Osorio,Kichenok/ Kichenok,Wta Doubles,,,,,,,
2026-09-04T18:21:18.086167+00:00,12160240,E. Butvilas,L. Potenza,Challenger Men Singles,0.7546,1.23,0.813,-0.0584,0,L. Potenza,2026-09-04T18:26:50.991454+00:00
2026-09-04T18:21:19.396211+00:00,12160395,L. Gagliardo,F. Aguilar Cardozo,Itf Men Singles,0.6667,1.82,0.5495,0.1172,1,L. Gagliardo,2026-09-04T19:22:11.813905+00:00
2026-09-04T18:21:20.429388+00:00,12160391,Moyano/ Romero,Estevez/ Urrutia,Itf Women Doubles,,,,,,,
2026-09-04T18:21:21.470785+00:00,12160390,Gerald Gonzalez/ Labrana,Cabezas Dominguez/ Navarro,Itf Women Doubles,,,,,,,
2026-09-04T18:21:22.519666+00:00,12160384,Krawietz/ Puetz,Faria/ Walton,Atp Doubles,,,,,,,
2026-09-04T18:21:23.562632+00:00,12160374,M. Rapolu,L. Fruhvirtova,Itf Women Singles,0.3041,2.62,0.3817,-0.0775,1,L. Fruhvirtova,2026-09-04T18:26:52.024239+00:00
2026-09-04T18:21:24.668123+00:00,12160350,Cervino Ruiz/ Martinez Vaquero,Fontenel/ Visscher,Itf Women Doubles,,,,,,,
2026-09-04T18:21:25.717046+00:00,12160304,L. Berto,T. C. Baragiola Mordini,Itf Men Singles,0.3684,,,,0,L. Berto,2026-09-04T19:22:12.289515+00:00
2026-09-04T18:21:26.753792+00:00,12160281,Baumgartner/ Haddouch,Cigarran/ Perfetti,Itf Men Doubles,,,,,,,
2026-09-04T18:21:27.798564+00:00,12160260,Freire Da Silva/ Garcian,Bertrand/ Echeverria,Itf Men Doubles,,,,,,,
2026-09-04T18:21:28.848794+00:00,12160258,A. Reco,R. Perot,Itf Men Singles,0.1056,4.83,0.207,-0.1015,1,R. Perot,2026-09-04T20:12:46.094737+00:00
2026-09-04T18:21:29.916187+00:00,12159689,Marcinko/ Oliynykova,Dart/ Lumsden,Wta Doubles,,,,,,,
2026-09-04T18:21:30.950303+00:00,12160206,C. Werner,O. Dodin,Itf Women Singles,0.5421,2.15,0.4651,0.077,1,C. Werner,2026-09-04T21:12:28.365116+00:00
2026-09-04T18:21:31.997198+00:00,12160164,Nys/ Roger-Vasselin,Paul/ Vocel,Atp Doubles,,,,,,,
2026-09-04T18:21:33.031623+00:00,12160157,Arends/ Pel,Balaji/ King,Atp Doubles,,,,,,,
2026-09-04T18:21:34.101589+00:00,12160156,Heliovaara/ Patten,Cerundolo/ Cerundolo,Atp Doubles,,,,,,,
2026-09-04T18:21:35.145129+00:00,12160150,Arneodo/ Mannarino,J- Arnaldi/ Struff,Atp Doubles,,,,,,,
2026-09-04T18:21:36.189957+00:00,12160139,Y. Wu,C. Alcaraz,Atp Singles,0.0715,12.08,0.0828,-0.0113,1,C. Alcaraz,2026-09-04T21:12:28.750698+00:00
2026-09-04T18:21:37.229042+00:00,12160136,A. Bublik,T. Paul,Atp Singles,0.5316,2.52,0.3968,0.1348,0,T. Paul,2026-09-04T20:18:26.870246+00:00
2026-09-04T18:21:38.271842+00:00,12160019,D. Medvedev,A. Rinderknech,Atp Singles,0.6802,1.35,0.7407,-0.0605,1,D. Medvedev,2026-09-04T19:10:56.311465+00:00
2026-09-04T18:21:39.332070+00:00,12159866,T. Townsend,D. Shnaider,Wta Singles,0.2408,2.44,0.4098,-0.169,0,T. Townsend,2026-09-04T20:12:48.426132+00:00
2026-09-04T18:21:40.364706+00:00,12159690,Bartunkova/ Osorio,Kichenok/ Kichenok,Wta Doubles,,,,,,,
2026-09-04T18:26:59.022645+00:00,12160206,C. Werner,O. Dodin,Itf Women Singles,0.5421,2.15,0.4651,0.077,1,C. Werner,2026-09-04T21:12:29.153027+00:00
2026-09-04T18:27:00.076898+00:00,12160395,L. Gagliardo,F. Aguilar Cardozo,Itf Men Singles,0.6667,1.82,0.5495,0.1172,1,L. Gagliardo,2026-09-04T19:22:15.638259+00:00
2026-09-04T18:27:01.126505+00:00,12160391,Moyano/ Romero,Estevez/ Urrutia,Itf Women Doubles,,,,,,,
2026-09-04T18:27:02.155286+00:00,12160390,Gerald Gonzalez/ Labrana,Cabezas Dominguez/ Navarro,Itf Women Doubles,,,,,,,
2026-09-04T18:27:03.205503+00:00,12160384,Krawietz/ Puetz,Faria/ Walton,Atp Doubles,,,,,,,
2026-09-04T18:27:04.249974+00:00,12160350,Cervino Ruiz/ Martinez Vaquero,Fontenel/ Visscher,Itf Women Doubles,,,,,,,
2026-09-04T18:27:05.301853+00:00,12160304,L. Berto,T. C. Baragiola Mordini,Itf Men Singles,0.3684,,,,0,L. Berto,2026-09-04T19:22:16.113243+00:00
2026-09-04T18:27:06.339890+00:00,12160281,Baumgartner/ Haddouch,Cigarran/ Perfetti,Itf Men Doubles,,,,,,,
2026-09-04T18:27:07.371978+00:00,12160260,Freire Da Silva/ Garcian,Bertrand/ Echeverria,Itf Men Doubles,,,,,,,
2026-09-04T18:27:08.463937+00:00,12160258,A. Reco,R. Perot,Itf Men Singles,0.1056,4.83,0.207,-0.1015,1,R. Perot,2026-09-04T20:12:49.493418+00:00
2026-09-04T18:27:09.528695+00:00,12160240,E. Butvilas,L. Potenza,Challenger Men Singles,0.7546,1.23,0.813,-0.0584,0,L. Potenza,2026-09-04T19:10:59.219441+00:00
2026-09-04T18:27:10.897758+00:00,12159689,Marcinko/ Oliynykova,Dart/ Lumsden,Wta Doubles,,,,,,,
2026-09-04T18:27:11.942441+00:00,12160164,Nys/ Roger-Vasselin,Paul/ Vocel,Atp Doubles,,,,,,,
2026-09-04T18:27:12.975202+00:00,12160156,Heliovaara/ Patten,Cerundolo/ Cerundolo,Atp Doubles,,,,,,,
2026-09-04T18:27:14.013751+00:00,12160150,Arneodo/ Mannarino,J- Arnaldi/ Struff,Atp Doubles,,,,,,,
2026-09-04T18:27:15.062499+00:00,12160139,Y. Wu,C. Alcaraz,Atp Singles,0.0715,12.08,0.0828,-0.0113,1,C. Alcaraz,2026-09-04T21:12:29.535503+00:00
2026-09-04T18:27:16.112298+00:00,12160136,A. Bublik,T. Paul,Atp Singles,0.5316,2.52,0.3968,0.1348,0,T. Paul,2026-09-04T20:18:28.566823+00:00
2026-09-04T18:27:17.159863+00:00,12160019,D. Medvedev,A. Rinderknech,Atp Singles,0.6802,1.35,0.7407,-0.0605,1,D. Medvedev,2026-09-04T19:11:00.646026+00:00
2026-09-04T18:27:18.203716+00:00,12159866,T. Townsend,D. Shnaider,Wta Singles,0.2408,2.44,0.4098,-0.169,0,T. Townsend,2026-09-04T20:12:51.171157+00:00
2026-09-04T18:27:19.234886+00:00,12159711,Jiang/ Zhang,Kenin/ Potapova,Wta Doubles,,,,,,,
2026-09-04T18:27:20.266058+00:00,12159690,Bartunkova/ Osorio,Kichenok/ Kichenok,Wta Doubles,,,,,,,
2026-09-04T19:11:04.122950+00:00,12160164,Nys/ Roger-Vasselin,Paul/ Vocel,Atp Doubles,,,,,,,
2026-09-04T19:11:05.063254+00:00,12160396,C. M. Zarate,F. Corwin,Itf Men Singles,0.8365,,,,1,C. M. Zarate,2026-09-04T21:12:29.904609+00:00
2026-09-04T19:11:06.268608+00:00,12160391,Moyano/ Romero,Estevez/ Urrutia,Itf Women Doubles,,,,,,,
2026-09-04T19:11:07.220609+00:00,12160390,Gerald Gonzalez/ Labrana,Cabezas Dominguez/ Navarro,Itf Women Doubles,,,,,,,
2026-09-04T19:11:08.194945+00:00,12160384,Krawietz/ Puetz,Faria/ Walton,Atp Doubles,,,,,,,
2026-09-04T19:11:09.249509+00:00,12160370,Barth/ Groen,Lazar/ Wirges,Itf Women Doubles,,,,,,,
2026-09-04T19:11:10.195407+00:00,12160363,Coppez/ Horvit,Abendroth/ Abendroth,Itf Women Doubles,,,,,,,
2026-09-04T19:11:11.138229+00:00,12160304,L. Berto,T. C. Baragiola Mordini,Itf Men Singles,0.3684,,,,0,L. Berto,2026-09-04T19:22:18.983879+00:00
2026-09-04T19:11:12.085243+00:00,12160260,Freire Da Silva/ Garcian,Bertrand/ Echeverria,Itf Men Doubles,,,,,,,
2026-09-04T19:11:13.038140+00:00,12160258,A. Reco,R. Perot,Itf Men Singles,0.1056,4.83,0.207,-0.1015,1,R. Perot,2026-09-04T20:12:52.252077+00:00
2026-09-04T19:11:13.985130+00:00,12160206,C. Werner,O. Dodin,Itf Women Singles,0.5421,2.15,0.4651,0.077,1,C. Werner,2026-09-04T21:12:30.269749+00:00
2026-09-04T19:11:14.933091+00:00,12159689,Marcinko/ Oliynykova,Dart/ Lumsden,Wta Doubles,,,,,,,
2026-09-04T19:11:15.943005+00:00,12160156,Heliovaara/ Patten,Cerundolo/ Cerundolo,Atp Doubles,,,,,,,
2026-09-04T19:11:16.907118+00:00,12160150,Arneodo/ Mannarino,J- Arnaldi/ Struff,Atp Doubles,,,,,,,
2026-09-04T19:11:17.850189+00:00,12160139,Y. Wu,C. Alcaraz,Atp Singles,0.0715,12.08,0.0828,-0.0113,1,C. Alcaraz,2026-09-04T21:12:30.639430+00:00
2026-09-04T19:11:18.811258+00:00,12160136,A. Bublik,T. Paul,Atp Singles,0.5316,2.52,0.3968,0.1348,0,T. Paul,2026-09-04T20:18:30.878100+00:00
2026-09-04T19:11:19.813684+00:00,12160074,E. Navarro,K. Muchova,Wta Singles,0.257,4.64,0.2155,0.0415,0,E. Navarro,2026-09-04T21:12:31.004448+00:00
2026-09-04T19:11:20.764568+00:00,12160019,D. Medvedev,A. Rinderknech,Atp Singles,0.6802,1.35,0.7407,-0.0605,1,D. Medvedev,2026-09-04T19:16:42.690707+00:00
2026-09-04T19:11:21.718391+00:00,12159866,T. Townsend,D. Shnaider,Wta Singles,0.2408,2.44,0.4098,-0.169,0,T. Townsend,2026-09-04T20:12:54.995155+00:00
2026-09-04T19:11:22.657875+00:00,12159711,Jiang/ Zhang,Kenin/ Potapova,Wta Doubles,,,,,,,
2026-09-04T19:11:23.603555+00:00,12159698,Maria/ Sonmez,Alexandrova/ Gibson,Wta Doubles,,,,,,,
2026-09-04T19:11:24.602848+00:00,12159690,Bartunkova/ Osorio,Kichenok/ Kichenok,Wta Doubles,,,,,,,
2026-09-04T19:16:46.192583+00:00,12160165,Ram/ Salisbury,Gonzalez/ Smith,Atp Doubles,,,,,,,
2026-09-04T19:16:47.147642+00:00,12160396,C. M. Zarate,F. Corwin,Itf Men Singles,0.8365,,,,1,C. M. Zarate,2026-09-04T21:12:31.463044+00:00
2026-09-04T19:16:48.291460+00:00,12160391,Moyano/ Romero,Estevez/ Urrutia,Itf Women Doubles,,,,,,,
2026-09-04T19:16:49.237515+00:00,12160384,Krawietz/ Puetz,Faria/ Walton,Atp Doubles,,,,,,,
2026-09-04T19:16:50.175435+00:00,12160370,Barth/ Groen,Lazar/ Wirges,Itf Women Doubles,,,,,,,
2026-09-04T19:16:51.143596+00:00,12160363,Coppez/ Horvit,Abendroth/ Abendroth,Itf Women Doubles,,,,,,,
2026-09-04T19:16:52.120356+00:00,12160304,L. Berto,T. C. Baragiola Mordini,Itf Men Singles,0.3684,,,,0,L. Berto,2026-09-04T19:22:22.803230+00:00
2026-09-04T19:16:53.105259+00:00,12160260,Freire Da Silva/ Garcian,Bertrand/ Echeverria,Itf Men Doubles,,,,,,,
2026-09-04T19:16:54.077511+00:00,12160258,A. Reco,R. Perot,Itf Men Singles,0.1056,4.83,0.207,-0.1015,1,R. Perot,2026-09-04T20:12:56.055768+00:00
2026-09-04T19:16:55.035699+00:00,12160206,C. Werner,O. Dodin,Itf Women Singles,0.5421,2.15,0.4651,0.077,1,C. Werner,2026-09-04T21:12:31.923373+00:00
2026-09-04T19:16:55.982235+00:00,12159690,Bartunkova/ Osorio,Kichenok/ Kichenok,Wta Doubles,,,,,,,
2026-09-04T19:16:56.958838+00:00,12160164,Nys/ Roger-Vasselin,Paul/ Vocel,Atp Doubles,,,,,,,
2026-09-04T19:16:57.953327+00:00,12160150,Arneodo/ Mannarino,J- Arnaldi/ Struff,Atp Doubles,,,,,,,
2026-09-04T19:16:58.910343+00:00,12160139,Y. Wu,C. Alcaraz,Atp Singles,0.0715,12.08,0.0828,-0.0113,1,C. Alcaraz,2026-09-04T21:12:32.287098+00:00
2026-09-04T19:16:59.861005+00:00,12160136,A. Bublik,T. Paul,Atp Singles,0.5316,2.52,0.3968,0.1348,0,T. Paul,2026-09-04T20:18:33.692731+00:00
2026-09-04T19:17:00.867558+00:00,12160074,E. Navarro,K. Muchova,Wta Singles,0.257,4.64,0.2155,0.0415,0,E. Navarro,2026-09-04T21:12:32.651486+00:00
2026-09-04T19:17:01.869449+00:00,12159866,T. Townsend,D. Shnaider,Wta Singles,0.2408,2.44,0.4098,-0.169,0,T. Townsend,2026-09-04T20:12:58.714409+00:00
2026-09-04T19:17:02.821397+00:00,12159711,Jiang/ Zhang,Kenin/ Potapova,Wta Doubles,,,,,,,
2026-09-04T19:17:03.753963+00:00,12159698,Maria/ Sonmez,Alexandrova/ Gibson,Wta Doubles,,,,,,,
2026-09-04T19:22:28.750021+00:00,12160165,Ram/ Salisbury,Gonzalez/ Smith,Atp Doubles,,,,,,,
2026-09-04T19:22:29.713979+00:00,12160396,C. M. Zarate,F. Corwin,Itf Men Singles,0.8365,,,,1,C. M. Zarate,2026-09-04T21:12:33.015398+00:00
2026-09-04T19:22:30.908299+00:00,12160391,Moyano/ Romero,Estevez/ Urrutia,Itf Women Doubles,,,,,,,
2026-09-04T19:22:31.854894+00:00,12160384,Krawietz/ Puetz,Faria/ Walton,Atp Doubles,,,,,,,
2026-09-04T19:22:32.798914+00:00,12160370,Barth/ Groen,Lazar/ Wirges,Itf Women Doubles,,,,,,,
2026-09-04T19:22:33.736546+00:00,12160363,Coppez/ Horvit,Abendroth/ Abendroth,Itf Women Doubles,,,,,,,
2026-09-04T19:22:34.685663+00:00,12160260,Freire Da Silva/ Garcian,Bertrand/ Echeverria,Itf Men Doubles,,,,,,,
2026-09-04T19:22:35.629074+00:00,12160258,A. Reco,R. Perot,Itf Men Singles,0.1056,4.83,0.207,-0.1015,1,R. Perot,2026-09-04T20:12:59.861766+00:00
2026-09-04T19:22:36.574576+00:00,12160206,C. Werner,O. Dodin,Itf Women Singles,0.5421,2.15,0.4651,0.077,1,C. Werner,2026-09-04T21:12:33.397931+00:00
2026-09-04T19:22:37.579021+00:00,12159690,Bartunkova/ Osorio,Kichenok/ Kichenok,Wta Doubles,,,,,,,
2026-09-04T19:22:38.520774+00:00,12160150,Arneodo/ Mannarino,J- Arnaldi/ Struff,Atp Doubles,,,,,,,
2026-09-04T19:22:39.472346+00:00,12160139,Y. Wu,C. Alcaraz,Atp Singles,0.0715,12.08,0.0828,-0.0113,1,C. Alcaraz,2026-09-04T21:12:33.795531+00:00
2026-09-04T19:22:40.430648+00:00,12160136,A. Bublik,T. Paul,Atp Singles,0.5316,2.52,0.3968,0.1348,0,T. Paul,2026-09-04T20:18:36.362623+00:00
2026-09-04T19:22:41.381407+00:00,12160074,E. Navarro,K. Muchova,Wta Singles,0.257,4.64,0.2155,0.0415,0,E. Navarro,2026-09-04T21:12:34.188824+00:00
2026-09-04T19:22:42.336630+00:00,12159866,T. Townsend,D. Shnaider,Wta Singles,0.2408,2.44,0.4098,-0.169,0,T. Townsend,2026-09-04T20:13:02.583180+00:00
2026-09-04T19:22:43.288083+00:00,12159711,Jiang/ Zhang,Kenin/ Potapova,Wta Doubles,,,,,,,
2026-09-04T19:22:44.237432+00:00,12159698,Maria/ Sonmez,Alexandrova/ Gibson,Wta Doubles,,,,,,,
2026-09-04T20:13:05.906408+00:00,12159682,Waltert/ Golubic,Bucsa/ Melichar-Martinez,Wta Doubles,,,,,,,
2026-09-04T20:13:06.957782+00:00,12159698,Maria/ Sonmez,Alexandrova/ Gibson,Wta Doubles,,,,,,,
2026-09-04T20:13:08.010069+00:00,12159700,Kasatkina/ Starodubtseva,Chong/ Yang,Wta Doubles,,,,,,,
2026-09-04T20:13:09.205878+00:00,12159702,Muhammad/ Stollar,Parks/ Shymanovich,Wta Doubles,,,,,,,
2026-09-04T20:13:10.261344+00:00,12159703,Errani/ Tagger,Penickova/ Penickova,Wta Doubles,,,,,,,
2026-09-04T20:13:11.366587+00:00,12160074,E. Navarro,K. Muchova,Wta Singles,0.257,4.64,0.2155,0.0415,0,E. Navarro,2026-09-04T21:12:34.545346+00:00
2026-09-04T20:13:12.425800+00:00,12160136,A. Bublik,T. Paul,Atp Singles,0.5316,2.52,0.3968,0.1348,0,T. Paul,2026-09-04T20:18:38.019153+00:00
2026-09-04T20:13:13.480394+00:00,12160139,Y. Wu,C. Alcaraz,Atp Singles,0.0715,12.08,0.0828,-0.0113,1,C. Alcaraz,2026-09-04T21:12:34.899479+00:00
2026-09-04T20:13:14.543253+00:00,12160140,A. Li,L. Noskova,Wta Singles,0.2508,3.76,0.266,-0.0152,1,L. Noskova,2026-09-04T22:22:57.455814+00:00
2026-09-04T20:13:15.598465+00:00,12160159,Blockx/ Prizmic,Gille/ Verbeek,Atp Doubles,,,,,,,
2026-09-04T20:13:16.667234+00:00,12160165,Ram/ Salisbury,Gonzalez/ Smith,Atp Doubles,,,,,,,
2026-09-04T20:13:17.722429+00:00,12160206,C. Werner,O. Dodin,Itf Women Singles,0.5421,2.15,0.4651,0.077,1,C. Werner,2026-09-04T21:12:35.658090+00:00
2026-09-04T20:13:18.775324+00:00,12160396,C. M. Zarate,F. Corwin,Itf Men Singles,0.8365,,,,1,C. M. Zarate,2026-09-04T21:12:36.026558+00:00
2026-09-04T20:13:20.115760+00:00,12160407,J. Konishi Silva,A. Cruz,Itf Women Singles,,,,,,,
2026-09-04T20:13:21.171698+00:00,12160412,R. Tosetto,E. Crevelaro,Itf Men Singles,,1.07,0.9346,,,,
2026-09-04T20:13:22.225280+00:00,12160427,Nouza/ Oberleitner,Escobar/ Kaliyanda Poonacha,Atp Doubles,,,,,,,
2026-09-04T20:18:43.502187+00:00,12159682,Waltert/ Golubic,Bucsa/ Melichar-Martinez,Wta Doubles,,,,,,,
2026-09-04T20:18:44.583535+00:00,12159698,Maria/ Sonmez,Alexandrova/ Gibson,Wta Doubles,,,,,,,
2026-09-04T20:18:45.641969+00:00,12159700,Kasatkina/ Starodubtseva,Chong/ Yang,Wta Doubles,,,,,,,
2026-09-04T20:18:46.788401+00:00,12159702,Muhammad/ Stollar,Parks/ Shymanovich,Wta Doubles,,,,,,,
2026-09-04T20:18:47.872269+00:00,12159703,Errani/ Tagger,Penickova/ Penickova,Wta Doubles,,,,,,,
2026-09-04T20:18:48.930346+00:00,12160074,E. Navarro,K. Muchova,Wta Singles,0.257,4.64,0.2155,0.0415,0,E. Navarro,2026-09-04T21:12:36.476718+00:00
2026-09-04T20:18:49.986047+00:00,12160136,A. Bublik,T. Paul,Atp Singles,0.5316,2.52,0.3968,0.1348,0,T. Paul,2026-09-04T20:24:13.296467+00:00
2026-09-04T20:18:51.044119+00:00,12160139,Y. Wu,C. Alcaraz,Atp Singles,0.0715,12.08,0.0828,-0.0113,1,C. Alcaraz,2026-09-04T21:12:36.843311+00:00
2026-09-04T20:18:52.102833+00:00,12160140,A. Li,L. Noskova,Wta Singles,0.2508,3.76,0.266,-0.0152,1,L. Noskova,2026-09-04T22:22:57.819068+00:00
2026-09-04T20:18:53.171456+00:00,12160159,Blockx/ Prizmic,Gille/ Verbeek,Atp Doubles,,,,,,,
2026-09-04T20:18:54.231663+00:00,12160165,Ram/ Salisbury,Gonzalez/ Smith,Atp Doubles,,,,,,,
2026-09-04T20:18:55.286975+00:00,12160206,C. Werner,O. Dodin,Itf Women Singles,0.5421,2.15,0.4651,0.077,1,C. Werner,2026-09-04T21:12:37.570435+00:00
2026-09-04T20:18:56.340124+00:00,12160396,C. M. Zarate,F. Corwin,Itf Men Singles,0.8365,,,,1,C. M. Zarate,2026-09-04T21:12:37.936841+00:00
2026-09-04T20:18:57.640554+00:00,12160407,J. Konishi Silva,A. Cruz,Itf Women Singles,,,,,,,
2026-09-04T20:18:58.704052+00:00,12160412,R. Tosetto,E. Crevelaro,Itf Men Singles,,1.07,0.9346,,,,
2026-09-04T20:18:59.749739+00:00,12160427,Nouza/ Oberleitner,Escobar/ Kaliyanda Poonacha,Atp Doubles,,,,,,,
2026-09-04T20:24:18.921670+00:00,12159682,Waltert/ Golubic,Bucsa/ Melichar-Martinez,Wta Doubles,,,,,,,
2026-09-04T20:24:20.028511+00:00,12159698,Maria/ Sonmez,Alexandrova/ Gibson,Wta Doubles,,,,,,,
2026-09-04T20:24:21.084540+00:00,12159700,Kasatkina/ Starodubtseva,Chong/ Yang,Wta Doubles,,,,,,,
2026-09-04T20:24:22.138455+00:00,12159702,Muhammad/ Stollar,Parks/ Shymanovich,Wta Doubles,,,,,,,
2026-09-04T20:24:23.209278+00:00,12159703,Errani/ Tagger,Penickova/ Penickova,Wta Doubles,,,,,,,
2026-09-04T20:24:24.269615+00:00,12160074,E. Navarro,K. Muchova,Wta Singles,0.257,4.64,0.2155,0.0415,0,E. Navarro,2026-09-04T21:12:38.301253+00:00
2026-09-04T20:24:25.321218+00:00,12160136,A. Bublik,T. Paul,Atp Singles,0.5316,2.52,0.3968,0.1348,0,T. Paul,2026-09-04T21:12:38.665963+00:00
2026-09-04T20:24:26.374045+00:00,12160139,Y. Wu,C. Alcaraz,Atp Singles,0.0715,12.08,0.0828,-0.0113,1,C. Alcaraz,2026-09-04T21:12:39.035761+00:00
2026-09-04T20:24:27.439019+00:00,12160140,A. Li,L. Noskova,Wta Singles,0.2508,3.76,0.266,-0.0152,1,L. Noskova,2026-09-04T22:22:58.288286+00:00
2026-09-04T20:24:28.490942+00:00,12160159,Blockx/ Prizmic,Gille/ Verbeek,Atp Doubles,,,,,,,
2026-09-04T20:24:29.545990+00:00,12160165,Ram/ Salisbury,Gonzalez/ Smith,Atp Doubles,,,,,,,
2026-09-04T20:24:30.607685+00:00,12160206,C. Werner,O. Dodin,Itf Women Singles,0.5421,2.15,0.4651,0.077,1,C. Werner,2026-09-04T21:12:39.759500+00:00
2026-09-04T20:24:31.658945+00:00,12160396,C. M. Zarate,F. Corwin,Itf Men Singles,0.8365,,,,1,C. M. Zarate,2026-09-04T21:12:40.123567+00:00
2026-09-04T20:24:32.958776+00:00,12160407,J. Konishi Silva,A. Cruz,Itf Women Singles,,,,,,,
2026-09-04T20:24:34.023525+00:00,12160412,R. Tosetto,E. Crevelaro,Itf Men Singles,,1.07,0.9346,,,,
2026-09-04T20:24:35.080188+00:00,12160427,Nouza/ Oberleitner,Escobar/ Kaliyanda Poonacha,Atp Doubles,,,,,,,
2026-09-04T21:12:42.452643+00:00,12159700,Kasatkina/ Starodubtseva,Chong/ Yang,Wta Doubles,,,,,,,
2026-09-04T21:12:43.271649+00:00,12159702,Muhammad/ Stollar,Parks/ Shymanovich,Wta Doubles,,,,,,,
2026-09-04T21:12:44.003649+00:00,12159703,Errani/ Tagger,Penickova/ Penickova,Wta Doubles,,,,,,,
2026-09-04T21:12:44.727467+00:00,12159710,Kato/ Wu,Mihalikova/ Nicholls,Wta Doubles,,,,,,,
2026-09-04T21:12:45.466077+00:00,12160125,J. Lehecka,S. Tsitsipas,Atp Singles,0.7045,1.61,0.6211,0.0834,0,S. Tsitsipas,2026-09-05T00:20:57.201658+00:00
2026-09-04T21:12:46.188971+00:00,12160140,A. Li,L. Noskova,Wta Singles,0.2508,3.76,0.266,-0.0152,1,L. Noskova,2026-09-04T22:22:59.141913+00:00
2026-09-04T21:12:46.901163+00:00,12160159,Blockx/ Prizmic,Gille/ Verbeek,Atp Doubles,,,,,,,
2026-09-04T21:12:47.627944+00:00,12160165,Ram/ Salisbury,Gonzalez/ Smith,Atp Doubles,,,,,,,
2026-09-04T21:12:48.370903+00:00,12160385,Damm/ McDonald,Choinski/ Donski,Atp Doubles,,,,,,,
2026-09-04T21:12:49.072022+00:00,12160397,Castro/ Meneo,Aguilar Cardozo/ Del Pino,Itf Men Doubles,,,,,,,
2026-09-04T21:12:49.877355+00:00,12160407,J. Konishi Silva,A. Cruz,Itf Women Singles,,,,,,,
2026-09-04T21:12:50.620919+00:00,12160412,R. Tosetto,E. Crevelaro,Itf Men Singles,,1.07,0.9346,,,,
2026-09-04T21:12:51.359216+00:00,12160427,Nouza/ Oberleitner,Escobar/ Kaliyanda Poonacha,Atp Doubles,,,,,,,
2026-09-04T21:17:55.869499+00:00,12159700,Kasatkina/ Starodubtseva,Chong/ Yang,Wta Doubles,,,,,,,
2026-09-04T21:17:56.633799+00:00,12159702,Muhammad/ Stollar,Parks/ Shymanovich,Wta Doubles,,,,,,,
2026-09-04T21:17:57.503725+00:00,12159703,Errani/ Tagger,Penickova/ Penickova,Wta Doubles,,,,,,,
2026-09-04T21:17:58.261533+00:00,12159710,Kato/ Wu,Mihalikova/ Nicholls,Wta Doubles,,,,,,,
2026-09-04T21:17:59.040186+00:00,12160125,J. Lehecka,S. Tsitsipas,Atp Singles,0.7045,1.61,0.6211,0.0834,0,S. Tsitsipas,2026-09-05T00:20:57.664460+00:00
2026-09-04T21:17:59.874128+00:00,12160140,A. Li,L. Noskova,Wta Singles,0.2508,3.76,0.266,-0.0152,1,L. Noskova,2026-09-04T22:22:59.882310+00:00
2026-09-04T21:18:00.657711+00:00,12160159,Blockx/ Prizmic,Gille/ Verbeek,Atp Doubles,,,,,,,
2026-09-04T21:18:01.396070+00:00,12160165,Ram/ Salisbury,Gonzalez/ Smith,Atp Doubles,,,,,,,
2026-09-04T21:18:02.127605+00:00,12160385,Damm/ McDonald,Choinski/ Donski,Atp Doubles,,,,,,,
2026-09-04T21:18:02.856491+00:00,12160397,Castro/ Meneo,Aguilar Cardozo/ Del Pino,Itf Men Doubles,,,,,,,
2026-09-04T21:18:03.581494+00:00,12160407,J. Konishi Silva,A. Cruz,Itf Women Singles,,,,,,,
2026-09-04T21:18:04.320393+00:00,12160412,R. Tosetto,E. Crevelaro,Itf Men Singles,,1.07,0.9346,,,,
2026-09-04T21:18:05.042946+00:00,12160427,Nouza/ Oberleitner,Escobar/ Kaliyanda Poonacha,Atp Doubles,,,,,,,
2026-09-04T21:23:10.243744+00:00,12159700,Kasatkina/ Starodubtseva,Chong/ Yang,Wta Doubles,,,,,,,
2026-09-04T21:23:11.122515+00:00,12159702,Muhammad/ Stollar,Parks/ Shymanovich,Wta Doubles,,,,,,,
2026-09-04T21:23:11.882829+00:00,12159703,Errani/ Tagger,Penickova/ Penickova,Wta Doubles,,,,,,,
2026-09-04T21:23:12.719136+00:00,12159710,Kato/ Wu,Mihalikova/ Nicholls,Wta Doubles,,,,,,,
2026-09-04T21:23:13.467087+00:00,12160125,J. Lehecka,S. Tsitsipas,Atp Singles,0.7045,1.61,0.6211,0.0834,0,S. Tsitsipas,2026-09-05T00:20:58.020114+00:00
2026-09-04T21:23:14.210193+00:00,12160140,A. Li,L. Noskova,Wta Singles,0.2508,3.76,0.266,-0.0152,1,L. Noskova,2026-09-04T22:23:00.645997+00:00
2026-09-04T21:23:14.925947+00:00,12160159,Blockx/ Prizmic,Gille/ Verbeek,Atp Doubles,,,,,,,
2026-09-04T21:23:15.688311+00:00,12160165,Ram/ Salisbury,Gonzalez/ Smith,Atp Doubles,,,,,,,
2026-09-04T21:23:16.414532+00:00,12160385,Damm/ McDonald,Choinski/ Donski,Atp Doubles,,,,,,,
2026-09-04T21:23:17.183828+00:00,12160397,Castro/ Meneo,Aguilar Cardozo/ Del Pino,Itf Men Doubles,,,,,,,
2026-09-04T21:23:17.950175+00:00,12160407,J. Konishi Silva,A. Cruz,Itf Women Singles,,,,,,,
2026-09-04T21:23:18.680860+00:00,12160412,R. Tosetto,E. Crevelaro,Itf Men Singles,,1.07,0.9346,,,,
2026-09-04T21:23:19.398417+00:00,12160427,Nouza/ Oberleitner,Escobar/ Kaliyanda Poonacha,Atp Doubles,,,,,,,
2026-09-04T22:12:35.003502+00:00,12160171,Bolelli/ Vavassori,Halys/ Herbert,Atp Doubles,,,,,,,
2026-09-04T22:12:35.824220+00:00,12159691,Hsieh S-/Ostapenko,Jurak Schreiber/ Ruzic,Wta Doubles,,,,,,,
2026-09-04T22:12:36.546323+00:00,12159707,Snigur/ Vandewinkel,Mertens/ Shnaider,Wta Doubles,,,,,,,
2026-09-04T22:12:37.287431+00:00,12159708,Korneeva/ Vidmanova,Bondar/ Kalinina,Wta Doubles,,,,,,,
2026-09-04T22:12:38.001621+00:00,12159710,Kato/ Wu,Mihalikova/ Nicholls,Wta Doubles,,,,,,,
2026-09-04T22:12:38.764270+00:00,12160125,J. Lehecka,S. Tsitsipas,Atp Singles,0.7045,1.61,0.6211,0.0834,0,S. Tsitsipas,2026-09-05T00:20:58.451218+00:00
2026-09-04T22:12:39.489590+00:00,12160137,T. M. Etcheverry,M. Navone,Atp Singles,0.5749,1.97,0.5076,0.0672,1,T. M. Etcheverry,2026-09-05T00:20:58.910862+00:00
2026-09-04T22:12:40.234752+00:00,12160140,A. Li,L. Noskova,Wta Singles,0.2508,3.76,0.266,-0.0152,1,L. Noskova,2026-09-04T22:23:01.757668+00:00
2026-09-04T22:12:40.980475+00:00,12160385,Damm/ McDonald,Choinski/ Donski,Atp Doubles,,,,,,,
2026-09-04T22:12:41.693105+00:00,12160397,Castro/ Meneo,Aguilar Cardozo/ Del Pino,Itf Men Doubles,,,,,,,
2026-09-04T22:12:42.417369+00:00,12160427,Nouza/ Oberleitner,Escobar/ Kaliyanda Poonacha,Atp Doubles,,,,,,,
2026-09-04T22:17:49.612227+00:00,12159684,Fossa Huergo/ Korpatsch,Maleckova/ Skoch,Wta Doubles,,,,,,,
2026-09-04T22:17:50.354852+00:00,12160171,Bolelli/ Vavassori,Halys/ Herbert,Atp Doubles,,,,,,,
2026-09-04T22:17:51.133636+00:00,12159691,Hsieh S-/Ostapenko,Jurak Schreiber/ Ruzic,Wta Doubles,,,,,,,
2026-09-04T22:17:51.837822+00:00,12159707,Snigur/ Vandewinkel,Mertens/ Shnaider,Wta Doubles,,,,,,,
2026-09-04T22:17:52.589719+00:00,12159708,Korneeva/ Vidmanova,Bondar/ Kalinina,Wta Doubles,,,,,,,
2026-09-04T22:17:53.322852+00:00,12159710,Kato/ Wu,Mihalikova/ Nicholls,Wta Doubles,,,,,,,
2026-09-04T22:17:54.078560+00:00,12160125,J. Lehecka,S. Tsitsipas,Atp Singles,0.7045,1.61,0.6211,0.0834,0,S. Tsitsipas,2026-09-05T00:20:59.306386+00:00
2026-09-04T22:17:54.867347+00:00,12160137,T. M. Etcheverry,M. Navone,Atp Singles,0.5749,1.97,0.5076,0.0672,1,T. M. Etcheverry,2026-09-05T00:20:59.764859+00:00
2026-09-04T22:17:55.614035+00:00,12160140,A. Li,L. Noskova,Wta Singles,0.2508,3.76,0.266,-0.0152,1,L. Noskova,2026-09-04T22:23:02.898432+00:00
2026-09-04T22:17:56.336844+00:00,12160385,Damm/ McDonald,Choinski/ Donski,Atp Doubles,,,,,,,
2026-09-04T22:17:57.058274+00:00,12160397,Castro/ Meneo,Aguilar Cardozo/ Del Pino,Itf Men Doubles,,,,,,,
2026-09-04T22:23:05.347389+00:00,12159684,Fossa Huergo/ Korpatsch,Maleckova/ Skoch,Wta Doubles,,,,,,,
2026-09-04T22:23:06.061675+00:00,12160171,Bolelli/ Vavassori,Halys/ Herbert,Atp Doubles,,,,,,,
2026-09-04T22:23:06.766444+00:00,12159691,Hsieh S-/Ostapenko,Jurak Schreiber/ Ruzic,Wta Doubles,,,,,,,
2026-09-04T22:23:07.527857+00:00,12159707,Snigur/ Vandewinkel,Mertens/ Shnaider,Wta Doubles,,,,,,,
2026-09-04T22:23:08.262830+00:00,12159708,Korneeva/ Vidmanova,Bondar/ Kalinina,Wta Doubles,,,,,,,
2026-09-04T22:23:09.024434+00:00,12159710,Kato/ Wu,Mihalikova/ Nicholls,Wta Doubles,,,,,,,
2026-09-04T22:23:09.748845+00:00,12160125,J. Lehecka,S. Tsitsipas,Atp Singles,0.7045,1.61,0.6211,0.0834,0,S. Tsitsipas,2026-09-05T00:21:00.156754+00:00
2026-09-04T22:23:10.461946+00:00,12160137,T. M. Etcheverry,M. Navone,Atp Singles,0.5749,1.97,0.5076,0.0672,1,T. M. Etcheverry,2026-09-05T00:21:00.514715+00:00
2026-09-04T22:23:11.181998+00:00,12160140,A. Li,L. Noskova,Wta Singles,0.2508,3.76,0.266,-0.0152,1,L. Noskova,2026-09-04T23:11:49.869968+00:00
2026-09-04T22:23:11.903024+00:00,12160385,Damm/ McDonald,Choinski/ Donski,Atp Doubles,,,,,,,
2026-09-04T22:23:12.632922+00:00,12160397,Castro/ Meneo,Aguilar Cardozo/ Del Pino,Itf Men Doubles,,,,,,,
2026-09-04T23:11:52.290905+00:00,12159684,Fossa Huergo/ Korpatsch,Maleckova/ Skoch,Wta Doubles,,,,,,,
2026-09-04T23:11:53.038955+00:00,12159709,Williams/ Williams,Chan H-/Joint,Wta Doubles,,,,,,,
2026-09-04T23:11:53.860607+00:00,12160020,A. Michelsen,D. Merida Aguilar,Atp Singles,0.4805,1.54,0.6494,-0.1689,,,
2026-09-04T23:11:54.569338+00:00,12160138,V. Vacherot,F. Tiafoe,Atp Singles,0.4472,2.58,0.3876,0.0596,,,
2026-09-04T23:11:55.325119+00:00,12160171,Bolelli/ Vavassori,Halys/ Herbert,Atp Doubles,,,,,,,
2026-09-04T23:11:56.157928+00:00,12160398,Corwin/ Schachter,Mouilleron Salvo/ Valente,Itf Men Doubles,,,,,,,
2026-09-04T23:11:56.904301+00:00,12159691,Hsieh S-/Ostapenko,Jurak Schreiber/ Ruzic,Wta Doubles,,,,,,,
2026-09-04T23:11:57.637914+00:00,12159708,Korneeva/ Vidmanova,Bondar/ Kalinina,Wta Doubles,,,,,,,
2026-09-04T23:11:58.366949+00:00,12159710,Kato/ Wu,Mihalikova/ Nicholls,Wta Doubles,,,,,,,
2026-09-04T23:11:59.097208+00:00,12160125,J. Lehecka,S. Tsitsipas,Atp Singles,0.7045,1.61,0.6211,0.0834,0,S. Tsitsipas,2026-09-05T00:21:01.673968+00:00
2026-09-04T23:11:59.839896+00:00,12160137,T. M. Etcheverry,M. Navone,Atp Singles,0.5749,1.97,0.5076,0.0672,1,T. M. Etcheverry,2026-09-05T00:21:02.125573+00:00
2026-09-04T23:17:07.454754+00:00,12159684,Fossa Huergo/ Korpatsch,Maleckova/ Skoch,Wta Doubles,,,,,,,
2026-09-04T23:17:08.212305+00:00,12159709,Williams/ Williams,Chan H-/Joint,Wta Doubles,,,,,,,
2026-09-04T23:17:08.922306+00:00,12160020,A. Michelsen,D. Merida Aguilar,Atp Singles,0.4805,1.54,0.6494,-0.1689,,,
2026-09-04T23:17:09.735368+00:00,12160138,V. Vacherot,F. Tiafoe,Atp Singles,0.4472,2.57,0.3891,0.0581,,,
2026-09-04T23:17:10.539244+00:00,12160171,Bolelli/ Vavassori,Halys/ Herbert,Atp Doubles,,,,,,,
2026-09-04T23:17:11.262448+00:00,12160398,Corwin/ Schachter,Mouilleron Salvo/ Valente,Itf Men Doubles,,,,,,,
2026-09-04T23:17:11.998966+00:00,12159708,Korneeva/ Vidmanova,Bondar/ Kalinina,Wta Doubles,,,,,,,
2026-09-04T23:17:12.719677+00:00,12159710,Kato/ Wu,Mihalikova/ Nicholls,Wta Doubles,,,,,,,
2026-09-04T23:17:13.438072+00:00,12160125,J. Lehecka,S. Tsitsipas,Atp Singles,0.7045,1.61,0.6211,0.0834,0,S. Tsitsipas,2026-09-05T00:21:03.303328+00:00
2026-09-04T23:17:14.303068+00:00,12160137,T. M. Etcheverry,M. Navone,Atp Singles,0.5749,1.97,0.5076,0.0672,1,T. M. Etcheverry,2026-09-05T00:21:03.668226+00:00
2026-09-04T23:22:23.233712+00:00,12159684,Fossa Huergo/ Korpatsch,Maleckova/ Skoch,Wta Doubles,,,,,,,
2026-09-04T23:22:23.973864+00:00,12159709,Williams/ Williams,Chan H-/Joint,Wta Doubles,,,,,,,
2026-09-04T23:22:24.730341+00:00,12160020,A. Michelsen,D. Merida Aguilar,Atp Singles,0.4805,1.54,0.6494,-0.1689,,,
2026-09-04T23:22:25.477678+00:00,12160138,V. Vacherot,F. Tiafoe,Atp Singles,0.4472,2.57,0.3891,0.0581,,,
2026-09-04T23:22:26.210263+00:00,12160171,Bolelli/ Vavassori,Halys/ Herbert,Atp Doubles,,,,,,,
2026-09-04T23:22:26.922903+00:00,12160398,Corwin/ Schachter,Mouilleron Salvo/ Valente,Itf Men Doubles,,,,,,,
2026-09-04T23:22:27.643534+00:00,12159710,Kato/ Wu,Mihalikova/ Nicholls,Wta Doubles,,,,,,,
2026-09-04T23:22:28.383557+00:00,12160125,J. Lehecka,S. Tsitsipas,Atp Singles,0.7045,1.61,0.6211,0.0834,0,S. Tsitsipas,2026-09-05T00:21:04.840358+00:00
2026-09-04T23:22:29.093392+00:00,12160137,T. M. Etcheverry,M. Navone,Atp Singles,0.5749,1.97,0.5076,0.0672,1,T. M. Etcheverry,2026-09-05T00:21:05.204145+00:00
2026-09-05T00:21:07.476794+00:00,12159684,Fossa Huergo/ Korpatsch,Maleckova/ Skoch,Wta Doubles,,,,,,,
2026-09-05T00:21:08.192647+00:00,12159709,Williams/ Williams,Chan H-/Joint,Wta Doubles,,,,,,,
2026-09-05T00:21:08.959732+00:00,12160020,A. Michelsen,D. Merida Aguilar,Atp Singles,0.4805,1.54,0.6494,-0.1689,0,A. Michelsen,2026-09-05T01:11:38.618589+00:00
2026-09-05T00:21:09.683602+00:00,12160138,V. Vacherot,F. Tiafoe,Atp Singles,0.4472,2.57,0.3891,0.0581,1,F. Tiafoe,2026-09-05T01:11:39.044145+00:00
2026-09-05T00:21:10.419395+00:00,12160137,T. M. Etcheverry,M. Navone,Atp Singles,0.5749,1.97,0.5076,0.0672,,,
2026-09-05T00:26:16.388823+00:00,12159684,Fossa Huergo/ Korpatsch,Maleckova/ Skoch,Wta Doubles,,,,,,,
2026-09-05T00:26:17.125913+00:00,12159709,Williams/ Williams,Chan H-/Joint,Wta Doubles,,,,,,,
2026-09-05T00:26:17.945106+00:00,12160020,A. Michelsen,D. Merida Aguilar,Atp Singles,0.4805,1.54,0.6494,-0.1689,0,A. Michelsen,2026-09-05T01:11:39.816342+00:00
2026-09-05T00:26:18.665440+00:00,12160138,V. Vacherot,F. Tiafoe,Atp Singles,0.4472,2.57,0.3891,0.0581,1,F. Tiafoe,2026-09-05T01:11:40.161145+00:00
2026-09-05T00:26:19.422277+00:00,12160137,T. M. Etcheverry,M. Navone,Atp Singles,0.5749,1.97,0.5076,0.0672,,,
2026-09-05T00:31:26.367533+00:00,12159684,Fossa Huergo/ Korpatsch,Maleckova/ Skoch,Wta Doubles,,,,,,,
2026-09-05T00:31:27.094072+00:00,12159709,Williams/ Williams,Chan H-/Joint,Wta Doubles,,,,,,,
2026-09-05T00:31:27.894830+00:00,12160020,A. Michelsen,D. Merida Aguilar,Atp Singles,0.4805,1.54,0.6494,-0.1689,0,A. Michelsen,2026-09-05T01:11:40.884860+00:00
2026-09-05T00:31:28.618210+00:00,12160138,V. Vacherot,F. Tiafoe,Atp Singles,0.4472,2.57,0.3891,0.0581,1,F. Tiafoe,2026-09-05T01:11:41.235196+00:00
2026-09-05T01:11:43.279780+00:00,12159709,Williams/ Williams,Chan H-/Joint,Wta Doubles,,,,,,,
2026-09-05T01:11:43.966829+00:00,12160138,V. Vacherot,F. Tiafoe,Atp Singles,0.4472,2.57,0.3891,0.0581,1,F. Tiafoe,2026-09-05T01:16:47.337300+00:00
2026-09-05T01:16:49.625684+00:00,12159709,Williams/ Williams,Chan H-/Joint,Wta Doubles,,,,,,,
2026-09-05T01:16:50.391779+00:00,12160138,V. Vacherot,F. Tiafoe,Atp Singles,0.4472,2.57,0.3891,0.0581,1,F. Tiafoe,2026-09-05T01:21:54.517674+00:00
2026-09-05T01:16:51.109044+00:00,12160141,E. Svitolina,A. Kalinskaya,Wta Singles,0.7081,1.39,0.7194,-0.0113,0,A. Kalinskaya,2026-09-05T04:13:01.487596+00:00
2026-09-05T01:21:56.909965+00:00,12159709,Williams/ Williams,Chan H-/Joint,Wta Doubles,,,,,,,
2026-09-05T01:21:57.633768+00:00,12160138,V. Vacherot,F. Tiafoe,Atp Singles,0.4472,2.57,0.3891,0.0581,1,F. Tiafoe,2026-09-05T02:12:58.275484+00:00
2026-09-05T01:21:58.399601+00:00,12160141,E. Svitolina,A. Kalinskaya,Wta Singles,0.7081,1.39,0.7194,-0.0113,0,A. Kalinskaya,2026-09-05T04:13:01.829473+00:00
2026-09-05T02:13:00.848317+00:00,12159709,Williams/ Williams,Chan H-/Joint,Wta Doubles,,,,,,,
2026-09-05T02:13:01.629190+00:00,12160141,E. Svitolina,A. Kalinskaya,Wta Singles,0.7081,1.39,0.7194,-0.0113,0,A. Kalinskaya,2026-09-05T04:13:02.175006+00:00
2026-09-05T02:13:02.318042+00:00,12160424,D. Astakhova,P. Cheapchandej,Itf Women Singles,0.7393,1.46,0.6849,0.0544,1,D. Astakhova,2026-09-05T04:13:02.514441+00:00
2026-09-05T02:13:03.088135+00:00,12160433,L. Borg,I. Becroft,Itf Men Singles,0.6183,1.6,0.625,-0.0067,0,I. Becroft,2026-09-05T04:18:33.189412+00:00
2026-09-05T02:13:03.777433+00:00,12160437,C. Sinclair,Sun Qian,Itf Men Singles,0.8426,,,,0,Sun Qian,2026-09-05T06:16:04.065973+00:00
2026-09-05T02:13:04.546847+00:00,12160438,Y. Tomida,G. J. Kim,Itf Men Singles,0.5385,,,,1,Y. Tomida,2026-09-05T04:18:33.959436+00:00
2026-09-05T02:13:05.243716+00:00,12160440,Y. Kim,N. Sato,Itf Women Singles,,,,,,,
2026-09-05T02:13:05.936166+00:00,12160441,K. Sawashiro,K. Yodpetch,Itf Women Singles,0.5119,1.69,0.5917,-0.0798,0,K. Yodpetch,2026-09-05T06:16:04.403885+00:00
2026-09-05T02:18:14.205307+00:00,12159709,Williams/ Williams,Chan H-/Joint,Wta Doubles,,,,,,,
2026-09-05T02:18:14.889602+00:00,12160141,E. Svitolina,A. Kalinskaya,Wta Singles,0.7081,1.39,0.7194,-0.0113,0,A. Kalinskaya,2026-09-05T04:13:04.344897+00:00
2026-09-05T02:18:15.573336+00:00,12160424,D. Astakhova,P. Cheapchandej,Itf Women Singles,0.7393,1.46,0.6849,0.0544,1,D. Astakhova,2026-09-05T04:13:04.686261+00:00
2026-09-05T02:18:16.259044+00:00,12160433,L. Borg,I. Becroft,Itf Men Singles,0.6183,1.6,0.625,-0.0067,0,I. Becroft,2026-09-05T04:18:34.657701+00:00
2026-09-05T02:18:17.020771+00:00,12160437,C. Sinclair,Sun Qian,Itf Men Singles,0.8426,,,,0,Sun Qian,2026-09-05T06:16:04.736572+00:00
2026-09-05T02:18:17.744392+00:00,12160438,Y. Tomida,G. J. Kim,Itf Men Singles,0.5385,,,,1,Y. Tomida,2026-09-05T04:18:35.346908+00:00
2026-09-05T02:18:18.428893+00:00,12160440,Y. Kim,N. Sato,Itf Women Singles,,,,,,,
2026-09-05T02:18:19.106311+00:00,12160441,K. Sawashiro,K. Yodpetch,Itf Women Singles,0.5119,1.69,0.5917,-0.0798,0,K. Yodpetch,2026-09-05T06:16:05.071971+00:00
2026-09-05T02:23:29.480544+00:00,12159709,Williams/ Williams,Chan H-/Joint,Wta Doubles,,,,,,,
2026-09-05T02:23:30.165961+00:00,12160124,B. Shelton,D. Shapovalov,Atp Singles,0.7657,1.28,0.7812,-0.0156,1,B. Shelton,2026-09-05T06:16:05.434564+00:00
2026-09-05T02:23:30.905569+00:00,12160141,E. Svitolina,A. Kalinskaya,Wta Singles,0.7081,1.39,0.7194,-0.0113,0,A. Kalinskaya,2026-09-05T04:13:06.775331+00:00
2026-09-05T02:23:31.680468+00:00,12160424,D. Astakhova,P. Cheapchandej,Itf Women Singles,0.7393,1.46,0.6849,0.0544,1,D. Astakhova,2026-09-05T04:13:07.120872+00:00
2026-09-05T02:23:32.425227+00:00,12160433,L. Borg,I. Becroft,Itf Men Singles,0.6183,1.6,0.625,-0.0067,0,I. Becroft,2026-09-05T04:18:36.417816+00:00
2026-09-05T02:23:33.110775+00:00,12160437,C. Sinclair,Sun Qian,Itf Men Singles,0.8426,,,,0,Sun Qian,2026-09-05T06:16:05.775522+00:00
2026-09-05T02:23:33.947469+00:00,12160438,Y. Tomida,G. J. Kim,Itf Men Singles,0.5385,,,,1,Y. Tomida,2026-09-05T04:18:37.115647+00:00
2026-09-05T02:23:34.632717+00:00,12160440,Y. Kim,N. Sato,Itf Women Singles,,,,,,,
2026-09-05T02:23:35.314189+00:00,12160441,K. Sawashiro,K. Yodpetch,Itf Women Singles,0.5119,1.69,0.5917,-0.0798,0,K. Yodpetch,2026-09-05T06:16:06.202859+00:00
2026-09-05T03:13:20.398990+00:00,12160124,B. Shelton,D. Shapovalov,Atp Singles,0.7657,1.28,0.7812,-0.0156,1,B. Shelton,2026-09-05T06:16:06.547921+00:00
2026-09-05T03:13:21.546689+00:00,12160141,E. Svitolina,A. Kalinskaya,Wta Singles,0.7081,1.39,0.7194,-0.0113,0,A. Kalinskaya,2026-09-05T04:13:09.254539+00:00
2026-09-05T03:13:22.504668+00:00,12160424,D. Astakhova,P. Cheapchandej,Itf Women Singles,0.7393,1.46,0.6849,0.0544,1,D. Astakhova,2026-09-05T04:13:09.598102+00:00
2026-09-05T03:13:23.505375+00:00,12160430,I. Simakin,W. K. Leong M.,Challenger Men Singles,0.7368,1.27,0.7874,-0.0506,1,I. Simakin,2026-09-05T05:17:20.071045+00:00
2026-09-05T03:13:24.465155+00:00,12160433,L. Borg,I. Becroft,Itf Men Singles,0.6183,1.6,0.625,-0.0067,0,I. Becroft,2026-09-05T04:18:38.495982+00:00
2026-09-05T03:13:25.412224+00:00,12160435,F. Bax,M. Bouzige,Itf Men Singles,0.6411,1.4,0.7143,-0.0732,0,M. Bouzige,2026-09-05T06:16:06.910598+00:00
2026-09-05T03:13:26.379906+00:00,12160436,T. Suksumrarn,A. Weber,Itf Men Singles,0.0963,3.69,0.271,-0.1747,1,A. Weber,2026-09-05T06:16:07.282622+00:00
2026-09-05T03:13:27.359993+00:00,12160437,C. Sinclair,Sun Qian,Itf Men Singles,0.8426,,,,0,Sun Qian,2026-09-05T06:16:07.706807+00:00
2026-09-05T03:13:28.531146+00:00,12160438,Y. Tomida,G. J. Kim,Itf Men Singles,0.5385,,,,1,Y. Tomida,2026-09-05T04:18:39.881970+00:00
2026-09-05T03:13:29.476949+00:00,12160440,Y. Kim,N. Sato,Itf Women Singles,,,,,,,
2026-09-05T03:13:30.409255+00:00,12160441,K. Sawashiro,K. Yodpetch,Itf Women Singles,0.5119,1.69,0.5917,-0.0798,0,K. Yodpetch,2026-09-05T06:16:08.046301+00:00
2026-09-05T03:18:51.958391+00:00,12160124,B. Shelton,D. Shapovalov,Atp Singles,0.7657,1.28,0.7812,-0.0156,1,B. Shelton,2026-09-05T06:16:08.380704+00:00
2026-09-05T03:18:53.178635+00:00,12160141,E. Svitolina,A. Kalinskaya,Wta Singles,0.7081,1.39,0.7194,-0.0113,0,A. Kalinskaya,2026-09-05T04:13:12.928494+00:00
2026-09-05T03:18:54.121476+00:00,12160424,D. Astakhova,P. Cheapchandej,Itf Women Singles,0.7393,1.46,0.6849,0.0544,1,D. Astakhova,2026-09-05T04:13:13.271228+00:00
2026-09-05T03:18:55.079087+00:00,12160429,K. Samrej,C. H. Tseng,Challenger Men Singles,0.2709,4.43,0.2257,0.0452,0,K. Samrej,2026-09-05T08:13:28.422236+00:00
2026-09-05T03:18:56.070894+00:00,12160430,I. Simakin,W. K. Leong M.,Challenger Men Singles,0.7368,1.27,0.7874,-0.0506,1,I. Simakin,2026-09-05T05:17:22.531226+00:00
2026-09-05T03:18:57.025224+00:00,12160433,L. Borg,I. Becroft,Itf Men Singles,0.6183,1.6,0.625,-0.0067,0,I. Becroft,2026-09-05T04:18:41.833234+00:00
2026-09-05T03:18:58.015802+00:00,12160435,F. Bax,M. Bouzige,Itf Men Singles,0.6411,1.4,0.7143,-0.0732,0,M. Bouzige,2026-09-05T06:16:09.133527+00:00
2026-09-05T03:18:58.989443+00:00,12160436,T. Suksumrarn,A. Weber,Itf Men Singles,0.0963,3.69,0.271,-0.1747,1,A. Weber,2026-09-05T06:16:09.501970+00:00
2026-09-05T03:18:59.993236+00:00,12160437,C. Sinclair,Sun Qian,Itf Men Singles,0.8426,,,,0,Sun Qian,2026-09-05T06:16:09.842295+00:00
2026-09-05T03:19:01.150870+00:00,12160438,Y. Tomida,G. J. Kim,Itf Men Singles,0.5385,,,,1,Y. Tomida,2026-09-05T04:18:43.196197+00:00
2026-09-05T03:19:02.148717+00:00,12160440,Y. Kim,N. Sato,Itf Women Singles,,,,,,,
2026-09-05T03:19:03.134530+00:00,12160441,K. Sawashiro,K. Yodpetch,Itf Women Singles,0.5119,1.69,0.5917,-0.0798,0,K. Yodpetch,2026-09-05T06:16:10.257109+00:00
2026-09-05T03:24:30.298551+00:00,12160124,B. Shelton,D. Shapovalov,Atp Singles,0.7657,1.28,0.7812,-0.0156,1,B. Shelton,2026-09-05T06:16:10.598292+00:00
2026-09-05T03:24:31.454026+00:00,12160141,E. Svitolina,A. Kalinskaya,Wta Singles,0.7081,1.39,0.7194,-0.0113,0,A. Kalinskaya,2026-09-05T04:13:16.719900+00:00
2026-09-05T03:24:32.482645+00:00,12160424,D. Astakhova,P. Cheapchandej,Itf Women Singles,0.7393,1.46,0.6849,0.0544,1,D. Astakhova,2026-09-05T04:13:17.069582+00:00
2026-09-05T03:24:33.443013+00:00,12160429,K. Samrej,C. H. Tseng,Challenger Men Singles,0.2709,4.43,0.2257,0.0452,0,K. Samrej,2026-09-05T08:13:29.003149+00:00
2026-09-05T03:24:34.469785+00:00,12160430,I. Simakin,W. K. Leong M.,Challenger Men Singles,0.7368,1.27,0.7874,-0.0506,1,I. Simakin,2026-09-05T05:17:25.109950+00:00
2026-09-05T03:24:35.412821+00:00,12160433,L. Borg,I. Becroft,Itf Men Singles,0.6183,1.6,0.625,-0.0067,0,I. Becroft,2026-09-05T04:18:44.941902+00:00
2026-09-05T03:24:36.407180+00:00,12160435,F. Bax,M. Bouzige,Itf Men Singles,0.6411,1.4,0.7143,-0.0732,0,M. Bouzige,2026-09-05T06:16:11.274064+00:00
2026-09-05T03:24:37.420592+00:00,12160436,T. Suksumrarn,A. Weber,Itf Men Singles,0.0963,3.69,0.271,-0.1747,1,A. Weber,2026-09-05T06:16:11.613234+00:00
2026-09-05T03:24:38.392356+00:00,12160437,C. Sinclair,Sun Qian,Itf Men Singles,0.8426,,,,0,Sun Qian,2026-09-05T06:16:11.947447+00:00
2026-09-05T03:24:39.575510+00:00,12160438,Y. Tomida,G. J. Kim,Itf Men Singles,0.5385,,,,1,Y. Tomida,2026-09-05T04:18:46.391597+00:00
2026-09-05T03:24:40.576945+00:00,12160440,Y. Kim,N. Sato,Itf Women Singles,,,,,,,
2026-09-05T03:24:41.522431+00:00,12160441,K. Sawashiro,K. Yodpetch,Itf Women Singles,0.5119,1.69,0.5917,-0.0798,0,K. Yodpetch,2026-09-05T06:16:12.283240+00:00
2026-09-05T04:13:21.881648+00:00,12160124,B. Shelton,D. Shapovalov,Atp Singles,0.7657,1.28,0.7812,-0.0156,1,B. Shelton,2026-09-05T06:16:12.704679+00:00
2026-09-05T04:13:22.652022+00:00,12160422,Y. Erel,R. Matsuda,Itf Men Singles,0.8198,1.16,0.8621,-0.0422,0,R. Matsuda,2026-09-05T06:16:13.043953+00:00
2026-09-05T04:13:23.389786+00:00,12160423,N. Nakagawa,K. Lee,Itf Men Singles,0.3838,,,,0,N. Nakagawa,2026-09-05T06:16:13.393387+00:00
2026-09-05T04:13:24.156102+00:00,12160430,I. Simakin,W. K. Leong M.,Challenger Men Singles,0.7368,1.27,0.7874,-0.0506,1,I. Simakin,2026-09-05T05:17:27.974007+00:00
2026-09-05T04:13:24.846682+00:00,12160433,L. Borg,I. Becroft,Itf Men Singles,0.6183,1.6,0.625,-0.0067,0,I. Becroft,2026-09-05T04:18:48.607106+00:00
2026-09-05T04:13:25.615173+00:00,12160434,R. Taguchi,K. Singh,Itf Men Singles,0.2727,1.75,0.5714,-0.2987,1,K. Singh,2026-09-05T06:16:13.744317+00:00
2026-09-05T04:13:26.302849+00:00,12160435,F. Bax,M. Bouzige,Itf Men Singles,0.6411,1.4,0.7143,-0.0732,0,M. Bouzige,2026-09-05T06:16:14.090601+00:00
2026-09-05T04:13:26.978852+00:00,12160436,T. Suksumrarn,A. Weber,Itf Men Singles,0.0963,3.69,0.271,-0.1747,1,A. Weber,2026-09-05T06:16:14.427171+00:00
2026-09-05T04:13:27.663116+00:00,12160437,C. Sinclair,Sun Qian,Itf Men Singles,0.8426,,,,0,Sun Qian,2026-09-05T06:16:14.765280+00:00
2026-09-05T04:13:28.392515+00:00,12160441,K. Sawashiro,K. Yodpetch,Itf Women Singles,0.5119,1.69,0.5917,-0.0798,0,K. Yodpetch,2026-09-05T06:16:15.109170+00:00
2026-09-05T04:13:29.076635+00:00,12160443,Z. Bai,J. Garland,Itf Women Singles,0.4348,,,,1,J. Garland,2026-09-05T06:16:15.445115+00:00
2026-09-05T04:13:29.767232+00:00,12160448,Muramatsu/ Yoshioka,Jeong/ Kim,Itf Women Doubles,,,,,,,
2026-09-05T04:18:52.702075+00:00,12160124,B. Shelton,D. Shapovalov,Atp Singles,0.7657,1.28,0.7812,-0.0156,1,B. Shelton,2026-09-05T06:16:15.784652+00:00
2026-09-05T04:18:53.428649+00:00,12160422,Y. Erel,R. Matsuda,Itf Men Singles,0.8198,1.16,0.8621,-0.0422,0,R. Matsuda,2026-09-05T06:16:16.119425+00:00
2026-09-05T04:18:54.160927+00:00,12160423,N. Nakagawa,K. Lee,Itf Men Singles,0.3838,,,,0,N. Nakagawa,2026-09-05T06:16:16.455882+00:00
2026-09-05T04:18:54.858011+00:00,12160430,I. Simakin,W. K. Leong M.,Challenger Men Singles,0.7368,1.27,0.7874,-0.0506,1,I. Simakin,2026-09-05T05:17:31.687470+00:00
2026-09-05T04:18:55.551687+00:00,12160433,L. Borg,I. Becroft,Itf Men Singles,0.6183,1.6,0.625,-0.0067,0,I. Becroft,2026-09-05T04:24:18.246897+00:00
2026-09-05T04:18:56.245514+00:00,12160434,R. Taguchi,K. Singh,Itf Men Singles,0.2727,1.75,0.5714,-0.2987,1,K. Singh,2026-09-05T06:16:16.799256+00:00
2026-09-05T04:18:56.949118+00:00,12160435,F. Bax,M. Bouzige,Itf Men Singles,0.6411,1.4,0.7143,-0.0732,0,M. Bouzige,2026-09-05T06:16:17.147496+00:00
2026-09-05T04:18:57.637260+00:00,12160436,T. Suksumrarn,A. Weber,Itf Men Singles,0.0963,3.69,0.271,-0.1747,1,A. Weber,2026-09-05T06:16:17.484299+00:00
2026-09-05T04:18:58.330715+00:00,12160437,C. Sinclair,Sun Qian,Itf Men Singles,0.8426,,,,0,Sun Qian,2026-09-05T06:16:17.913842+00:00
2026-09-05T04:18:59.058360+00:00,12160441,K. Sawashiro,K. Yodpetch,Itf Women Singles,0.5119,1.69,0.5917,-0.0798,0,K. Yodpetch,2026-09-05T06:16:18.249842+00:00
2026-09-05T04:18:59.744166+00:00,12160443,Z. Bai,J. Garland,Itf Women Singles,0.4348,,,,1,J. Garland,2026-09-05T06:16:18.586181+00:00
2026-09-05T04:19:00.453810+00:00,12160448,Muramatsu/ Yoshioka,Jeong/ Kim,Itf Women Doubles,,,,,,,
2026-09-05T04:24:22.418838+00:00,12160124,B. Shelton,D. Shapovalov,Atp Singles,0.7657,1.28,0.7812,-0.0156,1,B. Shelton,2026-09-05T06:16:18.934109+00:00
2026-09-05T04:24:23.369722+00:00,12160422,Y. Erel,R. Matsuda,Itf Men Singles,0.8198,1.16,0.8621,-0.0422,0,R. Matsuda,2026-09-05T06:16:19.306256+00:00
2026-09-05T04:24:24.099568+00:00,12160423,N. Nakagawa,K. Lee,Itf Men Singles,0.3838,,,,0,N. Nakagawa,2026-09-05T06:16:19.644589+00:00
2026-09-05T04:24:24.787344+00:00,12160430,I. Simakin,W. K. Leong M.,Challenger Men Singles,0.7368,1.27,0.7874,-0.0506,1,I. Simakin,2026-09-05T05:17:35.154988+00:00
2026-09-05T04:24:25.480605+00:00,12160434,R. Taguchi,K. Singh,Itf Men Singles,0.2727,1.75,0.5714,-0.2987,1,K. Singh,2026-09-05T06:16:19.983694+00:00
2026-09-05T04:24:26.166002+00:00,12160435,F. Bax,M. Bouzige,Itf Men Singles,0.6411,1.4,0.7143,-0.0732,0,M. Bouzige,2026-09-05T06:16:20.323839+00:00
2026-09-05T04:24:26.849450+00:00,12160436,T. Suksumrarn,A. Weber,Itf Men Singles,0.0963,3.69,0.271,-0.1747,1,A. Weber,2026-09-05T06:16:20.660781+00:00
2026-09-05T04:24:27.544347+00:00,12160437,C. Sinclair,Sun Qian,Itf Men Singles,0.8426,,,,0,Sun Qian,2026-09-05T06:16:21.067143+00:00
2026-09-05T04:24:28.278622+00:00,12160441,K. Sawashiro,K. Yodpetch,Itf Women Singles,0.5119,1.69,0.5917,-0.0798,0,K. Yodpetch,2026-09-05T06:16:21.404618+00:00
2026-09-05T04:24:28.966581+00:00,12160443,Z. Bai,J. Garland,Itf Women Singles,0.4348,,,,1,J. Garland,2026-09-05T06:16:21.739652+00:00
2026-09-05T04:24:29.647730+00:00,12160448,Muramatsu/ Yoshioka,Jeong/ Kim,Itf Women Doubles,,,,,,,
2026-09-05T05:12:08.345436+00:00,12160124,B. Shelton,D. Shapovalov,Atp Singles,0.7657,1.25,0.8,-0.0343,1,B. Shelton,2026-09-05T06:16:22.088595+00:00
2026-09-05T05:12:09.364569+00:00,12160422,Y. Erel,R. Matsuda,Itf Men Singles,0.8198,1.17,0.8547,-0.0349,0,R. Matsuda,2026-09-05T06:16:22.430554+00:00
2026-09-05T05:12:10.217840+00:00,12160423,N. Nakagawa,K. Lee,Itf Men Singles,0.3838,,,,0,N. Nakagawa,2026-09-05T06:16:22.765636+00:00
2026-09-05T05:12:10.912092+00:00,12160430,I. Simakin,W. K. Leong M.,Challenger Men Singles,0.7368,1.28,0.7812,-0.0444,1,I. Simakin,2026-09-05T05:17:38.652723+00:00
2026-09-05T05:12:11.602959+00:00,12160435,F. Bax,M. Bouzige,Itf Men Singles,0.6411,1.4,0.7143,-0.0732,0,M. Bouzige,2026-09-05T06:16:23.102823+00:00
2026-09-05T05:12:12.287939+00:00,12160437,C. Sinclair,Sun Qian,Itf Men Singles,0.8426,,,,0,Sun Qian,2026-09-05T06:16:23.440072+00:00
2026-09-05T05:12:13.021338+00:00,12160443,Z. Bai,J. Garland,Itf Women Singles,0.4348,,,,1,J. Garland,2026-09-05T06:16:23.775219+00:00
2026-09-05T05:12:13.715069+00:00,12160448,Muramatsu/ Yoshioka,Jeong/ Kim,Itf Women Doubles,,,,,,,
2026-09-05T05:17:41.817995+00:00,12160124,B. Shelton,D. Shapovalov,Atp Singles,0.7657,1.25,0.8,-0.0343,1,B. Shelton,2026-09-05T06:16:24.111507+00:00
2026-09-05T05:17:42.556384+00:00,12160422,Y. Erel,R. Matsuda,Itf Men Singles,0.8198,1.17,0.8547,-0.0349,0,R. Matsuda,2026-09-05T06:16:24.446464+00:00
2026-09-05T05:17:43.293814+00:00,12160423,N. Nakagawa,K. Lee,Itf Men Singles,0.3838,,,,0,N. Nakagawa,2026-09-05T06:16:24.819029+00:00
2026-09-05T05:17:43.992869+00:00,12160430,I. Simakin,W. K. Leong M.,Challenger Men Singles,0.7368,1.28,0.7812,-0.0444,1,I. Simakin,2026-09-05T05:23:10.911070+00:00
2026-09-05T05:17:44.683836+00:00,12160435,F. Bax,M. Bouzige,Itf Men Singles,0.6411,1.4,0.7143,-0.0732,0,M. Bouzige,2026-09-05T06:16:25.154255+00:00
2026-09-05T05:17:45.374501+00:00,12160437,C. Sinclair,Sun Qian,Itf Men Singles,0.8426,,,,0,Sun Qian,2026-09-05T06:16:25.530240+00:00
2026-09-05T05:17:46.112911+00:00,12160443,Z. Bai,J. Garland,Itf Women Singles,0.4348,,,,1,J. Garland,2026-09-05T06:16:25.877233+00:00
2026-09-05T05:17:46.789395+00:00,12160448,Muramatsu/ Yoshioka,Jeong/ Kim,Itf Women Doubles,,,,,,,
2026-09-05T05:23:14.496212+00:00,12160124,B. Shelton,D. Shapovalov,Atp Singles,0.7657,1.25,0.8,-0.0343,1,B. Shelton,2026-09-05T06:16:26.216132+00:00
2026-09-05T05:23:15.314739+00:00,12160422,Y. Erel,R. Matsuda,Itf Men Singles,0.8198,1.17,0.8547,-0.0349,0,R. Matsuda,2026-09-05T06:16:26.550994+00:00
2026-09-05T05:23:16.143314+00:00,12160423,N. Nakagawa,K. Lee,Itf Men Singles,0.3838,,,,0,N. Nakagawa,2026-09-05T06:16:26.887241+00:00
2026-09-05T05:23:16.832419+00:00,12160430,I. Simakin,W. K. Leong M.,Challenger Men Singles,0.7368,1.28,0.7812,-0.0444,1,I. Simakin,2026-09-05T06:16:27.225755+00:00
2026-09-05T05:23:17.521932+00:00,12160435,F. Bax,M. Bouzige,Itf Men Singles,0.6411,1.4,0.7143,-0.0732,0,M. Bouzige,2026-09-05T06:16:27.562057+00:00
2026-09-05T05:23:18.238929+00:00,12160443,Z. Bai,J. Garland,Itf Women Singles,0.4348,,,,1,J. Garland,2026-09-05T06:16:27.896107+00:00
2026-09-05T05:23:18.916869+00:00,12160448,Muramatsu/ Yoshioka,Jeong/ Kim,Itf Women Doubles,,,,,,,
2026-09-05T06:16:29.909315+00:00,12160124,B. Shelton,D. Shapovalov,Atp Singles,0.7657,1.25,0.8,-0.0343,1,B. Shelton,2026-09-05T06:21:38.884660+00:00
2026-09-05T06:16:30.784342+00:00,12160423,N. Nakagawa,K. Lee,Itf Men Singles,0.3838,,,,0,N. Nakagawa,2026-09-05T06:21:39.272030+00:00
2026-09-05T06:16:31.470843+00:00,12160429,K. Samrej,C. H. Tseng,Challenger Men Singles,0.2709,4.45,0.2247,0.0462,0,K. Samrej,2026-09-05T08:13:29.520581+00:00
2026-09-05T06:16:32.160680+00:00,12160449,Kobori/ Shimizu,Li/ Zhang,Itf Women Doubles,,,,,,,
2026-09-05T06:16:32.840656+00:00,12160488,C. Gannon,D. Javia,Itf Men Singles,0.7333,1.96,0.5102,0.2231,0,D. Javia,2026-09-05T08:13:30.039622+00:00
2026-09-05T06:16:33.549182+00:00,12160489,J. Fellows,C. Duhan,Itf Men Singles,,1.69,0.5917,,,,
2026-09-05T06:16:34.227499+00:00,12160490,E. Nepliy,Y. Ezzat,Itf Women Singles,0.6763,1.94,0.5155,0.1608,0,Y. Ezzat,2026-09-05T08:13:30.574974+00:00
2026-09-05T06:16:34.903304+00:00,12160491,S. O. Hansen,Y. Perapekhina,Itf Women Singles,0.3023,,,,1,Y. Perapekhina,2026-09-05T08:13:31.115797+00:00
2026-09-05T06:21:42.848485+00:00,12160124,B. Shelton,D. Shapovalov,Atp Singles,0.7657,1.25,0.8,-0.0343,1,B. Shelton,2026-09-05T06:26:52.627674+00:00
2026-09-05T06:21:43.563329+00:00,12160429,K. Samrej,C. H. Tseng,Challenger Men Singles,0.2709,4.45,0.2247,0.0462,0,K. Samrej,2026-09-05T08:13:31.696388+00:00
2026-09-05T06:21:44.237591+00:00,12160449,Kobori/ Shimizu,Li/ Zhang,Itf Women Doubles,,,,,,,
2026-09-05T06:21:44.941426+00:00,12160488,C. Gannon,D. Javia,Itf Men Singles,0.7333,1.96,0.5102,0.2231,0,D. Javia,2026-09-05T08:13:32.264737+00:00
2026-09-05T06:21:45.657616+00:00,12160489,J. Fellows,C. Duhan,Itf Men Singles,,1.69,0.5917,,,,
2026-09-05T06:21:46.334776+00:00,12160490,E. Nepliy,Y. Ezzat,Itf Women Singles,0.6763,1.94,0.5155,0.1608,0,Y. Ezzat,2026-09-05T08:13:32.818122+00:00
2026-09-05T06:21:47.047855+00:00,12160491,S. O. Hansen,Y. Perapekhina,Itf Women Singles,0.3023,,,,1,Y. Perapekhina,2026-09-05T08:13:33.402578+00:00
2026-09-05T06:26:56.095031+00:00,12160429,K. Samrej,C. H. Tseng,Challenger Men Singles,0.2709,4.45,0.2247,0.0462,0,K. Samrej,2026-09-05T08:13:34.052829+00:00
2026-09-05T06:26:56.770994+00:00,12160449,Kobori/ Shimizu,Li/ Zhang,Itf Women Doubles,,,,,,,
2026-09-05T06:26:57.444958+00:00,12160488,C. Gannon,D. Javia,Itf Men Singles,0.7333,1.96,0.5102,0.2231,0,D. Javia,2026-09-05T08:13:34.713733+00:00
2026-09-05T06:26:58.159764+00:00,12160489,J. Fellows,C. Duhan,Itf Men Singles,,1.69,0.5917,,,,
2026-09-05T06:26:58.839967+00:00,12160490,E. Nepliy,Y. Ezzat,Itf Women Singles,0.6763,1.94,0.5155,0.1608,0,Y. Ezzat,2026-09-05T08:13:35.247522+00:00
2026-09-05T06:26:59.524118+00:00,12160491,S. O. Hansen,Y. Perapekhina,Itf Women Singles,0.3023,,,,1,Y. Perapekhina,2026-09-05T08:13:35.767055+00:00
2026-09-05T07:12:02.927279+00:00,12160429,K. Samrej,C. H. Tseng,Challenger Men Singles,0.2709,4.45,0.2247,0.0462,0,K. Samrej,2026-09-05T08:13:36.418326+00:00
2026-09-05T07:12:03.995054+00:00,12160449,Kobori/ Shimizu,Li/ Zhang,Itf Women Doubles,,,,,,,
2026-09-05T07:12:05.048443+00:00,12160452,N. Madaras,N. Rispoli,Itf Men Singles,0.9481,1.1,0.9091,0.039,1,N. Madaras,2026-09-05T09:18:03.134517+00:00
2026-09-05T07:12:06.394289+00:00,12160488,C. Gannon,D. Javia,Itf Men Singles,0.7333,1.96,0.5102,0.2231,0,D. Javia,2026-09-05T08:13:37.441670+00:00
2026-09-05T07:12:07.470567+00:00,12160489,J. Fellows,C. Duhan,Itf Men Singles,,1.69,0.5917,,,,
2026-09-05T07:12:08.550692+00:00,12160490,E. Nepliy,Y. Ezzat,Itf Women Singles,0.6763,1.94,0.5155,0.1608,0,Y. Ezzat,2026-09-05T08:13:38.041312+00:00
2026-09-05T07:12:09.654056+00:00,12160491,S. O. Hansen,Y. Perapekhina,Itf Women Singles,0.3023,,,,1,Y. Perapekhina,2026-09-05T08:13:38.576524+00:00
2026-09-05T07:17:28.257666+00:00,12160429,K. Samrej,C. H. Tseng,Challenger Men Singles,0.2709,4.45,0.2247,0.0462,0,K. Samrej,2026-09-05T08:13:39.116503+00:00
2026-09-05T07:17:29.405029+00:00,12160449,Kobori/ Shimizu,Li/ Zhang,Itf Women Doubles,,,,,,,
2026-09-05T07:17:30.463738+00:00,12160452,N. Madaras,N. Rispoli,Itf Men Singles,0.9481,1.1,0.9091,0.039,1,N. Madaras,2026-09-05T09:18:03.641187+00:00
2026-09-05T07:17:31.784719+00:00,12160488,C. Gannon,D. Javia,Itf Men Singles,0.7333,1.96,0.5102,0.2231,0,D. Javia,2026-09-05T08:13:40.157042+00:00
2026-09-05T07:17:32.950078+00:00,12160489,J. Fellows,C. Duhan,Itf Men Singles,,1.69,0.5917,,,,
2026-09-05T07:17:34.008172+00:00,12160490,E. Nepliy,Y. Ezzat,Itf Women Singles,0.6763,1.94,0.5155,0.1608,0,Y. Ezzat,2026-09-05T08:13:40.687132+00:00
2026-09-05T07:17:35.082845+00:00,12160491,S. O. Hansen,Y. Perapekhina,Itf Women Singles,0.3023,,,,1,Y. Perapekhina,2026-09-05T08:13:41.235264+00:00
2026-09-05T07:22:55.964499+00:00,12160429,K. Samrej,C. H. Tseng,Challenger Men Singles,0.2709,4.45,0.2247,0.0462,0,K. Samrej,2026-09-05T08:13:41.761922+00:00
2026-09-05T07:22:57.066014+00:00,12160449,Kobori/ Shimizu,Li/ Zhang,Itf Women Doubles,,,,,,,
2026-09-05T07:22:58.223592+00:00,12160452,N. Madaras,N. Rispoli,Itf Men Singles,0.9481,1.1,0.9091,0.039,1,N. Madaras,2026-09-05T09:18:04.034846+00:00
2026-09-05T07:22:59.526797+00:00,12160488,C. Gannon,D. Javia,Itf Men Singles,0.7333,1.96,0.5102,0.2231,0,D. Javia,2026-09-05T08:13:42.803022+00:00
2026-09-05T07:23:00.616863+00:00,12160489,J. Fellows,C. Duhan,Itf Men Singles,,1.69,0.5917,,,,
2026-09-05T07:23:01.766683+00:00,12160490,E. Nepliy,Y. Ezzat,Itf Women Singles,0.6763,1.94,0.5155,0.1608,0,Y. Ezzat,2026-09-05T08:13:43.321113+00:00
2026-09-05T07:23:02.826879+00:00,12160491,S. O. Hansen,Y. Perapekhina,Itf Women Singles,0.3023,,,,1,Y. Perapekhina,2026-09-05T08:13:43.904622+00:00
2026-09-05T08:13:47.109142+00:00,12160246,R. Faucon,A. Tahirovic,Itf Men Singles,,1.3,0.7692,,,,
2026-09-05T08:13:48.151924+00:00,12160432,Nam Ji/ Park,Charlton/ Wang,Challenger Men Doubles,,,,,,,
2026-09-05T08:13:49.286268+00:00,12160442,N. Radovanovic,K. Zaytseva,Itf Women Singles,0.3625,2.41,0.4149,-0.0524,1,K. Zaytseva,2026-09-05T10:12:58.054948+00:00
2026-09-05T08:13:50.378272+00:00,12160447,Kusuhara/ Nakagawa,Mitsui/ Nakagawa,Itf Men Doubles,,,,,,,
2026-09-05T08:13:51.421336+00:00,12160450,Vasa/ Vasa,Braynin/ Hipfl,Itf Men Doubles,,,,,,,
2026-09-05T08:13:52.449142+00:00,12160452,N. Madaras,N. Rispoli,Itf Men Singles,0.9481,1.1,0.9091,0.039,1,N. Madaras,2026-09-05T09:18:04.927924+00:00
2026-09-05T08:13:53.714024+00:00,12160453,M. Bayerlova,J. Van Zyl,Itf Women Singles,0.6538,1.75,0.5714,0.0824,0,J. Van Zyl,2026-09-05T10:24:21.922840+00:00
2026-09-05T08:13:54.792291+00:00,12160470,S. Ogescu,A. Breaz,Itf Women Singles,0.4583,2.84,0.3521,0.1062,1,A. Breaz,2026-09-05T10:12:58.811332+00:00
2026-09-05T08:13:55.899404+00:00,12160475,K. Lazarenko,J. Adams,Itf Women Singles,0.2781,3.03,0.33,-0.0519,0,K. Lazarenko,2026-09-05T10:12:59.196935+00:00
2026-09-05T08:13:56.944908+00:00,12160481,L. Mair,M. Argyrokastriti,Itf Women Singles,0.7059,1.95,0.5128,0.1931,0,M. Argyrokastriti,2026-09-05T12:15:52.273041+00:00
2026-09-05T08:13:57.974125+00:00,12160484,F. Sziedat,E. Chiesa,Itf Women Singles,0.5061,1.72,0.5814,-0.0753,0,E. Chiesa,2026-09-05T12:15:52.672366+00:00
2026-09-05T08:13:59.064276+00:00,12160488,C. Gannon,D. Javia,Itf Men Singles,0.7333,1.96,0.5102,0.2231,0,D. Javia,2026-09-05T08:19:11.701147+00:00
2026-09-05T08:14:00.093814+00:00,12160489,J. Fellows,C. Duhan,Itf Men Singles,,1.69,0.5917,,,,
2026-09-05T08:14:01.195307+00:00,12160490,E. Nepliy,Y. Ezzat,Itf Women Singles,0.6763,1.94,0.5155,0.1608,0,Y. Ezzat,2026-09-05T08:19:12.245604+00:00
2026-09-05T08:19:15.367083+00:00,12160246,R. Faucon,A. Tahirovic,Itf Men Singles,,1.3,0.7692,,,,
2026-09-05T08:19:16.452488+00:00,12160432,Nam Ji/ Park,Charlton/ Wang,Challenger Men Doubles,,,,,,,
2026-09-05T08:19:17.546588+00:00,12160442,N. Radovanovic,K. Zaytseva,Itf Women Singles,0.3625,2.41,0.4149,-0.0524,1,K. Zaytseva,2026-09-05T10:13:00.290910+00:00
2026-09-05T08:19:18.594935+00:00,12160447,Kusuhara/ Nakagawa,Mitsui/ Nakagawa,Itf Men Doubles,,,,,,,
2026-09-05T08:19:19.650393+00:00,12160450,Vasa/ Vasa,Braynin/ Hipfl,Itf Men Doubles,,,,,,,
2026-09-05T08:19:20.740536+00:00,12160452,N. Madaras,N. Rispoli,Itf Men Singles,0.9481,1.1,0.9091,0.039,1,N. Madaras,2026-09-05T09:18:07.494380+00:00
2026-09-05T08:19:21.981598+00:00,12160453,M. Bayerlova,J. Van Zyl,Itf Women Singles,0.6538,1.75,0.5714,0.0824,0,J. Van Zyl,2026-09-05T10:24:23.121337+00:00
2026-09-05T08:19:23.027240+00:00,12160470,S. Ogescu,A. Breaz,Itf Women Singles,0.4583,2.84,0.3521,0.1062,1,A. Breaz,2026-09-05T10:13:01.004392+00:00
2026-09-05T08:19:24.116099+00:00,12160475,K. Lazarenko,J. Adams,Itf Women Singles,0.2781,3.03,0.33,-0.0519,0,K. Lazarenko,2026-09-05T10:13:01.400945+00:00
2026-09-05T08:19:25.165919+00:00,12160481,L. Mair,M. Argyrokastriti,Itf Women Singles,0.7059,1.95,0.5128,0.1931,0,M. Argyrokastriti,2026-09-05T12:15:53.071279+00:00
2026-09-05T08:19:26.243835+00:00,12160484,F. Sziedat,E. Chiesa,Itf Women Singles,0.5061,1.72,0.5814,-0.0753,0,E. Chiesa,2026-09-05T12:15:53.497392+00:00
2026-09-05T08:19:27.273293+00:00,12160489,J. Fellows,C. Duhan,Itf Men Singles,,1.69,0.5917,,,,
2026-09-05T08:24:43.907760+00:00,12160246,R. Faucon,A. Tahirovic,Itf Men Singles,,1.3,0.7692,,,,
2026-09-05T08:24:44.969221+00:00,12160432,Nam Ji/ Park,Charlton/ Wang,Challenger Men Doubles,,,,,,,
2026-09-05T08:24:46.019276+00:00,12160442,N. Radovanovic,K. Zaytseva,Itf Women Singles,0.3625,2.41,0.4149,-0.0524,1,K. Zaytseva,2026-09-05T10:13:02.522813+00:00
2026-09-05T08:24:47.132934+00:00,12160447,Kusuhara/ Nakagawa,Mitsui/ Nakagawa,Itf Men Doubles,,,,,,,
2026-09-05T08:24:48.275739+00:00,12160450,Vasa/ Vasa,Braynin/ Hipfl,Itf Men Doubles,,,,,,,
2026-09-05T08:24:49.463336+00:00,12160452,N. Madaras,N. Rispoli,Itf Men Singles,0.9481,1.1,0.9091,0.039,1,N. Madaras,2026-09-05T09:18:10.193306+00:00
2026-09-05T08:24:50.715842+00:00,12160453,M. Bayerlova,J. Van Zyl,Itf Women Singles,0.6538,1.75,0.5714,0.0824,0,J. Van Zyl,2026-09-05T10:24:24.290831+00:00
2026-09-05T08:24:51.766199+00:00,12160470,S. Ogescu,A. Breaz,Itf Women Singles,0.4583,2.84,0.3521,0.1062,1,A. Breaz,2026-09-05T10:13:03.241874+00:00
2026-09-05T08:24:52.945045+00:00,12160475,K. Lazarenko,J. Adams,Itf Women Singles,0.2781,3.03,0.33,-0.0519,0,K. Lazarenko,2026-09-05T10:13:03.619844+00:00
2026-09-05T08:24:54.051532+00:00,12160481,L. Mair,M. Argyrokastriti,Itf Women Singles,0.7059,1.95,0.5128,0.1931,0,M. Argyrokastriti,2026-09-05T12:15:53.947800+00:00
2026-09-05T08:24:55.085995+00:00,12160484,F. Sziedat,E. Chiesa,Itf Women Singles,0.5061,1.72,0.5814,-0.0753,0,E. Chiesa,2026-09-05T12:15:54.340036+00:00
2026-09-05T08:24:56.125747+00:00,12160489,J. Fellows,C. Duhan,Itf Men Singles,,1.69,0.5917,,,,
2026-09-05T09:12:42.550014+00:00,12160462,C. Ansari,C. Blomqvist,Itf Women Singles,0.9401,1.05,0.9524,-0.0123,1,C. Ansari,2026-09-05T10:13:04.804971+00:00
2026-09-05T09:12:43.534190+00:00,12160527,Dragoni/ Filippi,Baldisserri/ Bilardo,Itf Men Doubles,,,,,,,
2026-09-05T09:12:44.348430+00:00,12160489,J. Fellows,C. Duhan,Itf Men Singles,,1.69,0.5917,,,,
2026-09-05T09:12:45.083544+00:00,12160484,F. Sziedat,E. Chiesa,Itf Women Singles,0.5061,1.72,0.5814,-0.0753,0,E. Chiesa,2026-09-05T12:15:54.733005+00:00
2026-09-05T09:12:45.807108+00:00,12160481,L. Mair,M. Argyrokastriti,Itf Women Singles,0.7059,1.95,0.5128,0.1931,0,M. Argyrokastriti,2026-09-05T12:15:55.125392+00:00
2026-09-05T09:12:46.521919+00:00,12160475,K. Lazarenko,J. Adams,Itf Women Singles,0.2781,3.03,0.33,-0.0519,0,K. Lazarenko,2026-09-05T10:13:05.970623+00:00
2026-09-05T09:12:47.244454+00:00,12160472,N. Maines,A. Gentili,Itf Women Singles,0.8806,1.94,0.5155,0.3651,1,N. Maines,2026-09-05T12:15:55.519314+00:00
2026-09-05T09:12:47.979615+00:00,12160470,S. Ogescu,A. Breaz,Itf Women Singles,0.4583,2.84,0.3521,0.1062,1,A. Breaz,2026-09-05T10:13:06.686223+00:00
2026-09-05T09:12:48.701206+00:00,12160467,P. Juszczak,J. Hallquist Lithen,Itf Men Singles,,2.0,0.5,,,,
2026-09-05T09:12:49.423510+00:00,12160466,L. Lagerbohm,M. Agwi,Itf Men Singles,0.377,3.4,0.2941,0.0829,0,L. Lagerbohm,2026-09-05T10:24:26.571566+00:00
2026-09-05T09:12:50.137629+00:00,12160464,C. Bouchelaghem,R. Jones,Itf Men Singles,0.9167,1.49,0.6711,0.2455,1,C. Bouchelaghem,2026-09-05T12:15:55.926928+00:00
2026-09-05T09:12:50.855780+00:00,12160463,J. Plans,A. Dougaz,Itf Men Singles,0.2821,11.67,0.0857,0.1964,1,A. Dougaz,2026-09-05T11:11:48.153067+00:00
2026-09-05T09:12:51.668484+00:00,12160246,R. Faucon,A. Tahirovic,Itf Men Singles,,1.3,0.7692,,,,
2026-09-05T09:12:52.378701+00:00,12160461,S. C. Rojas,E. Tse,Itf Women Singles,,,,,,,
2026-09-05T09:12:53.106418+00:00,12160459,R. Nijboer,A. Manzanera Pertusa,Itf Men Singles,0.8817,1.43,0.6993,0.1824,1,R. Nijboer,2026-09-05T11:11:48.580888+00:00
2026-09-05T09:12:53.829231+00:00,12160458,P. Rodenas,M. Van Der Meerschen,Itf Men Singles,0.4274,1.4,0.7143,-0.2869,1,M. Van Der Meerschen,2026-09-05T12:15:56.337127+00:00
2026-09-05T09:12:54.550211+00:00,12160453,M. Bayerlova,J. Van Zyl,Itf Women Singles,0.6538,1.75,0.5714,0.0824,0,J. Van Zyl,2026-09-05T10:24:28.495546+00:00
2026-09-05T09:12:55.266619+00:00,12160452,N. Madaras,N. Rispoli,Itf Men Singles,0.9481,1.1,0.9091,0.039,1,N. Madaras,2026-09-05T09:18:17.151518+00:00
2026-09-05T09:12:56.044510+00:00,12160450,Vasa/ Vasa,Braynin/ Hipfl,Itf Men Doubles,,,,,,,
2026-09-05T09:12:56.767562+00:00,12160442,N. Radovanovic,K. Zaytseva,Itf Women Singles,0.3625,2.41,0.4149,-0.0524,1,K. Zaytseva,2026-09-05T10:13:09.310953+00:00
2026-09-05T09:12:57.477127+00:00,12160432,Nam Ji/ Park,Charlton/ Wang,Challenger Men Doubles,,,,,,,
2026-09-05T09:12:58.204582+00:00,12160431,G. Kravchenko,D. Obradovic,Challenger Men Singles,0.5856,1.4,0.7143,-0.1287,1,G. Kravchenko,2026-09-05T11:11:49.269801+00:00
2026-09-05T09:12:58.923317+00:00,12160307,F. Van Sambeek,P. De Lange,Itf Men Singles,0.2329,3.25,0.3077,-0.0748,1,P. De Lange,2026-09-05T12:15:56.733090+00:00
2026-09-05T09:12:59.637498+00:00,12160306,S. Paardekooper,S. Jong,Itf Men Singles,0.3718,3.04,0.3289,0.0428,1,S. Jong,2026-09-05T11:11:49.957599+00:00
2026-09-05T09:18:20.869326+00:00,12160462,C. Ansari,C. Blomqvist,Itf Women Singles,0.9401,1.05,0.9524,-0.0123,1,C. Ansari,2026-09-05T10:13:10.747628+00:00
2026-09-05T09:18:21.649915+00:00,12160527,Dragoni/ Filippi,Baldisserri/ Bilardo,Itf Men Doubles,,,,,,,
2026-09-05T09:18:22.361199+00:00,12160489,J. Fellows,C. Duhan,Itf Men Singles,,1.69,0.5917,,,,
2026-09-05T09:18:23.092529+00:00,12160484,F. Sziedat,E. Chiesa,Itf Women Singles,0.5061,1.72,0.5814,-0.0753,0,E. Chiesa,2026-09-05T12:15:57.132889+00:00
2026-09-05T09:18:23.801124+00:00,12160481,L. Mair,M. Argyrokastriti,Itf Women Singles,0.7059,1.95,0.5128,0.1931,0,M. Argyrokastriti,2026-09-05T12:15:57.535779+00:00
2026-09-05T09:18:24.529954+00:00,12160475,K. Lazarenko,J. Adams,Itf Women Singles,0.2781,3.03,0.33,-0.0519,0,K. Lazarenko,2026-09-05T10:13:11.867650+00:00
2026-09-05T09:18:25.249872+00:00,12160472,N. Maines,A. Gentili,Itf Women Singles,0.8806,1.94,0.5155,0.3651,1,N. Maines,2026-09-05T12:15:57.935673+00:00
2026-09-05T09:18:25.962708+00:00,12160470,S. Ogescu,A. Breaz,Itf Women Singles,0.4583,2.84,0.3521,0.1062,1,A. Breaz,2026-09-05T10:13:12.615663+00:00
2026-09-05T09:18:26.686691+00:00,12160467,P. Juszczak,J. Hallquist Lithen,Itf Men Singles,,2.0,0.5,,,,
2026-09-05T09:18:27.406365+00:00,12160466,L. Lagerbohm,M. Agwi,Itf Men Singles,0.377,3.4,0.2941,0.0829,0,L. Lagerbohm,2026-09-05T10:18:50.601467+00:00
2026-09-05T09:18:28.127681+00:00,12160464,C. Bouchelaghem,R. Jones,Itf Men Singles,0.9167,1.49,0.6711,0.2455,1,C. Bouchelaghem,2026-09-05T12:15:58.325353+00:00
2026-09-05T09:18:28.845294+00:00,12160463,J. Plans,A. Dougaz,Itf Men Singles,0.2821,11.67,0.0857,0.1964,1,A. Dougaz,2026-09-05T11:11:51.726764+00:00
2026-09-05T09:18:29.560793+00:00,12160246,R. Faucon,A. Tahirovic,Itf Men Singles,,1.3,0.7692,,,,
2026-09-05T09:18:30.282207+00:00,12160461,S. C. Rojas,E. Tse,Itf Women Singles,,,,,,,
2026-09-05T09:18:31.077714+00:00,12160459,R. Nijboer,A. Manzanera Pertusa,Itf Men Singles,0.8817,1.43,0.6993,0.1824,1,R. Nijboer,2026-09-05T11:11:52.138175+00:00
2026-09-05T09:18:31.792648+00:00,12160458,P. Rodenas,M. Van Der Meerschen,Itf Men Singles,0.4274,1.4,0.7143,-0.2869,1,M. Van Der Meerschen,2026-09-05T12:15:58.716556+00:00
2026-09-05T09:18:32.523641+00:00,12160453,M. Bayerlova,J. Van Zyl,Itf Women Singles,0.6538,1.75,0.5714,0.0824,0,J. Van Zyl,2026-09-05T10:24:32.604963+00:00
2026-09-05T09:18:33.242294+00:00,12160452,N. Madaras,N. Rispoli,Itf Men Singles,0.9481,1.1,0.9091,0.039,1,N. Madaras,2026-09-05T09:23:58.683401+00:00
2026-09-05T09:18:34.036396+00:00,12160450,Vasa/ Vasa,Braynin/ Hipfl,Itf Men Doubles,,,,,,,
2026-09-05T09:18:34.742515+00:00,12160442,N. Radovanovic,K. Zaytseva,Itf Women Singles,0.3625,2.41,0.4149,-0.0524,1,K. Zaytseva,2026-09-05T10:13:15.184829+00:00
2026-09-05T09:18:35.459270+00:00,12160432,Nam Ji/ Park,Charlton/ Wang,Challenger Men Doubles,,,,,,,
2026-09-05T09:18:36.190672+00:00,12160431,G. Kravchenko,D. Obradovic,Challenger Men Singles,0.5856,1.4,0.7143,-0.1287,1,G. Kravchenko,2026-09-05T11:11:52.830283+00:00
2026-09-05T09:18:36.910140+00:00,12160307,F. Van Sambeek,P. De Lange,Itf Men Singles,0.2329,3.25,0.3077,-0.0748,1,P. De Lange,2026-09-05T12:15:59.125340+00:00
2026-09-05T09:18:37.621396+00:00,12160306,S. Paardekooper,S. Jong,Itf Men Singles,0.3718,3.04,0.3289,0.0428,1,S. Jong,2026-09-05T11:11:53.688937+00:00
2026-09-05T09:24:02.350740+00:00,12160462,C. Ansari,C. Blomqvist,Itf Women Singles,0.9401,1.05,0.9524,-0.0123,1,C. Ansari,2026-09-05T10:13:16.637831+00:00
2026-09-05T09:24:03.131489+00:00,12160527,Dragoni/ Filippi,Baldisserri/ Bilardo,Itf Men Doubles,,,,,,,
2026-09-05T09:24:03.880640+00:00,12160489,J. Fellows,C. Duhan,Itf Men Singles,,1.69,0.5917,,,,
2026-09-05T09:24:04.599430+00:00,12160484,F. Sziedat,E. Chiesa,Itf Women Singles,0.5061,1.72,0.5814,-0.0753,0,E. Chiesa,2026-09-05T12:15:59.516353+00:00
2026-09-05T09:24:05.328249+00:00,12160481,L. Mair,M. Argyrokastriti,Itf Women Singles,0.7059,1.95,0.5128,0.1931,0,M. Argyrokastriti,2026-09-05T12:15:59.915356+00:00
2026-09-05T09:24:06.052952+00:00,12160475,K. Lazarenko,J. Adams,Itf Women Singles,0.2781,3.03,0.33,-0.0519,0,K. Lazarenko,2026-09-05T10:13:17.763767+00:00
2026-09-05T09:24:06.783363+00:00,12160472,N. Maines,A. Gentili,Itf Women Singles,0.8806,1.94,0.5155,0.3651,1,N. Maines,2026-09-05T12:16:00.313772+00:00
2026-09-05T09:24:07.489793+00:00,12160470,S. Ogescu,A. Breaz,Itf Women Singles,0.4583,2.84,0.3521,0.1062,1,A. Breaz,2026-09-05T10:13:18.481905+00:00
2026-09-05T09:24:08.219143+00:00,12160467,P. Juszczak,J. Hallquist Lithen,Itf Men Singles,,2.0,0.5,,,,
2026-09-05T09:24:08.949891+00:00,12160466,L. Lagerbohm,M. Agwi,Itf Men Singles,0.377,3.4,0.2941,0.0829,0,L. Lagerbohm,2026-09-05T10:24:35.273175+00:00
2026-09-05T09:24:09.666405+00:00,12160464,C. Bouchelaghem,R. Jones,Itf Men Singles,0.9167,1.49,0.6711,0.2455,1,C. Bouchelaghem,2026-09-05T12:16:00.705803+00:00
2026-09-05T09:24:10.399364+00:00,12160463,J. Plans,A. Dougaz,Itf Men Singles,0.2821,11.67,0.0857,0.1964,1,A. Dougaz,2026-09-05T11:11:55.411104+00:00
2026-09-05T09:24:11.120977+00:00,12160246,R. Faucon,A. Tahirovic,Itf Men Singles,,1.3,0.7692,,,,
2026-09-05T09:24:11.847125+00:00,12160461,S. C. Rojas,E. Tse,Itf Women Singles,,,,,,,
2026-09-05T09:24:12.572544+00:00,12160460,A. Oetzbach,B. Fernandez,Itf Men Singles,0.5089,1.79,0.5587,-0.0497,1,A. Oetzbach,2026-09-05T11:17:35.510332+00:00
2026-09-05T09:24:13.353339+00:00,12160459,R. Nijboer,A. Manzanera Pertusa,Itf Men Singles,0.8817,1.43,0.6993,0.1824,1,R. Nijboer,2026-09-05T11:11:56.098105+00:00
2026-09-05T09:24:14.068903+00:00,12160458,P. Rodenas,M. Van Der Meerschen,Itf Men Singles,0.4274,1.4,0.7143,-0.2869,1,M. Van Der Meerschen,2026-09-05T12:16:01.102338+00:00
2026-09-05T09:24:14.781281+00:00,12160453,M. Bayerlova,J. Van Zyl,Itf Women Singles,0.6538,1.75,0.5714,0.0824,0,J. Van Zyl,2026-09-05T10:24:37.520150+00:00
2026-09-05T09:24:15.503910+00:00,12160442,N. Radovanovic,K. Zaytseva,Itf Women Singles,0.3625,2.41,0.4149,-0.0524,1,K. Zaytseva,2026-09-05T10:13:21.365657+00:00
2026-09-05T09:24:16.227061+00:00,12160432,Nam Ji/ Park,Charlton/ Wang,Challenger Men Doubles,,,,,,,
2026-09-05T09:24:16.940254+00:00,12160431,G. Kravchenko,D. Obradovic,Challenger Men Singles,0.5856,1.4,0.7143,-0.1287,1,G. Kravchenko,2026-09-05T11:11:56.786885+00:00
2026-09-05T09:24:17.704060+00:00,12160307,F. Van Sambeek,P. De Lange,Itf Men Singles,0.2329,3.25,0.3077,-0.0748,1,P. De Lange,2026-09-05T12:16:01.491999+00:00
2026-09-05T09:24:18.427758+00:00,12160306,S. Paardekooper,S. Jong,Itf Men Singles,0.3718,3.04,0.3289,0.0428,1,S. Jong,2026-09-05T11:11:57.573763+00:00
2026-09-05T10:13:24.702149+00:00,12160464,C. Bouchelaghem,R. Jones,Itf Men Singles,0.9167,1.49,0.6711,0.2455,1,C. Bouchelaghem,2026-09-05T12:16:01.994690+00:00
2026-09-05T10:13:25.417599+00:00,12160496,B. Djuric,N. Belozertsev,Itf Men Singles,,,,,,,
2026-09-05T10:13:26.141150+00:00,12160489,J. Fellows,C. Duhan,Itf Men Singles,,1.69,0.5917,,,,
2026-09-05T10:13:26.872559+00:00,12160484,F. Sziedat,E. Chiesa,Itf Women Singles,0.5061,1.72,0.5814,-0.0753,0,E. Chiesa,2026-09-05T12:16:02.388911+00:00
2026-09-05T10:13:27.606195+00:00,12160481,L. Mair,M. Argyrokastriti,Itf Women Singles,0.7059,1.95,0.5128,0.1931,0,M. Argyrokastriti,2026-09-05T12:16:02.784399+00:00
2026-09-05T10:13:28.335671+00:00,12160478,P. Vives Marcos,H. Dellien,Challenger Men Singles,0.1594,4.45,0.2247,-0.0654,1,H. Dellien,2026-09-05T12:16:03.289367+00:00
2026-09-05T10:13:29.053609+00:00,12160474,E. Appleton,Z. Bednarz,Itf Women Singles,,1.11,0.9009,,,,
2026-09-05T10:13:29.788910+00:00,12160472,N. Maines,A. Gentili,Itf Women Singles,0.8806,1.94,0.5155,0.3651,1,N. Maines,2026-09-05T12:16:03.683811+00:00
2026-09-05T10:13:30.526860+00:00,12160469,D. Lopatetska,A. Raggi,Itf Women Singles,,1.57,0.6369,,,,
2026-09-05T10:13:31.240551+00:00,12160466,L. Lagerbohm,M. Agwi,Itf Men Singles,0.377,3.4,0.2941,0.0829,0,L. Lagerbohm,2026-09-05T10:24:40.773019+00:00
2026-09-05T10:13:31.975961+00:00,12160246,R. Faucon,A. Tahirovic,Itf Men Singles,,1.3,0.7692,,,,
2026-09-05T10:13:32.698776+00:00,12160463,J. Plans,A. Dougaz,Itf Men Singles,0.2821,11.67,0.0857,0.1964,1,A. Dougaz,2026-09-05T11:11:59.685876+00:00
2026-09-05T10:13:33.453798+00:00,12160460,A. Oetzbach,B. Fernandez,Itf Men Singles,0.5089,1.79,0.5587,-0.0497,1,A. Oetzbach,2026-09-05T11:17:38.416534+00:00
2026-09-05T10:13:34.184591+00:00,12160459,R. Nijboer,A. Manzanera Pertusa,Itf Men Singles,0.8817,1.43,0.6993,0.1824,1,R. Nijboer,2026-09-05T11:12:00.384501+00:00
2026-09-05T10:13:34.906702+00:00,12160458,P. Rodenas,M. Van Der Meerschen,Itf Men Singles,0.4274,1.4,0.7143,-0.2869,1,M. Van Der Meerschen,2026-09-05T12:16:04.084726+00:00
2026-09-05T10:13:35.624600+00:00,12160455,Drzewiecki/ Matuszewski,Kalender/ Serdarusic,Challenger Men Doubles,,,,,,,
2026-09-05T10:13:36.450351+00:00,12160431,G. Kravchenko,D. Obradovic,Challenger Men Singles,0.5856,1.4,0.7143,-0.1287,1,G. Kravchenko,2026-09-05T11:12:01.070187+00:00
2026-09-05T10:13:37.169676+00:00,12160307,F. Van Sambeek,P. De Lange,Itf Men Singles,0.2329,3.25,0.3077,-0.0748,1,P. De Lange,2026-09-05T12:16:04.479530+00:00
2026-09-05T10:13:37.891528+00:00,12160306,S. Paardekooper,S. Jong,Itf Men Singles,0.3718,3.04,0.3289,0.0428,1,S. Jong,2026-09-05T11:12:01.792980+00:00
2026-09-05T10:19:05.227135+00:00,12160464,C. Bouchelaghem,R. Jones,Itf Men Singles,0.9167,1.49,0.6711,0.2455,1,C. Bouchelaghem,2026-09-05T12:16:04.871415+00:00
2026-09-05T10:19:05.954785+00:00,12160496,B. Djuric,N. Belozertsev,Itf Men Singles,,,,,,,
2026-09-05T10:19:06.672245+00:00,12160489,J. Fellows,C. Duhan,Itf Men Singles,,1.69,0.5917,,,,
2026-09-05T10:19:07.402594+00:00,12160484,F. Sziedat,E. Chiesa,Itf Women Singles,0.5061,1.72,0.5814,-0.0753,0,E. Chiesa,2026-09-05T12:16:05.271617+00:00
2026-09-05T10:19:08.121385+00:00,12160481,L. Mair,M. Argyrokastriti,Itf Women Singles,0.7059,1.95,0.5128,0.1931,0,M. Argyrokastriti,2026-09-05T12:16:05.789027+00:00
2026-09-05T10:19:08.842822+00:00,12160478,P. Vives Marcos,H. Dellien,Challenger Men Singles,0.1594,4.45,0.2247,-0.0654,1,H. Dellien,2026-09-05T12:16:06.180520+00:00
2026-09-05T10:19:09.560254+00:00,12160474,E. Appleton,Z. Bednarz,Itf Women Singles,,1.11,0.9009,,,,
2026-09-05T10:19:10.289125+00:00,12160472,N. Maines,A. Gentili,Itf Women Singles,0.8806,1.94,0.5155,0.3651,1,N. Maines,2026-09-05T12:16:06.581495+00:00
2026-09-05T10:19:11.110543+00:00,12160469,D. Lopatetska,A. Raggi,Itf Women Singles,,1.57,0.6369,,,,
2026-09-05T10:19:11.834926+00:00,12160466,L. Lagerbohm,M. Agwi,Itf Men Singles,0.377,3.4,0.2941,0.0829,0,L. Lagerbohm,2026-09-05T10:24:45.497968+00:00
2026-09-05T10:19:12.552410+00:00,12160246,R. Faucon,A. Tahirovic,Itf Men Singles,,1.3,0.7692,,,,
2026-09-05T10:19:13.278212+00:00,12160463,J. Plans,A. Dougaz,Itf Men Singles,0.2821,11.67,0.0857,0.1964,1,A. Dougaz,2026-09-05T11:12:03.933758+00:00
2026-09-05T10:19:14.006096+00:00,12160460,A. Oetzbach,B. Fernandez,Itf Men Singles,0.5089,1.79,0.5587,-0.0497,1,A. Oetzbach,2026-09-05T11:17:41.261286+00:00
2026-09-05T10:19:14.735435+00:00,12160459,R. Nijboer,A. Manzanera Pertusa,Itf Men Singles,0.8817,1.43,0.6993,0.1824,1,R. Nijboer,2026-09-05T11:12:04.613001+00:00
2026-09-05T10:19:15.507343+00:00,12160458,P. Rodenas,M. Van Der Meerschen,Itf Men Singles,0.4274,1.4,0.7143,-0.2869,1,M. Van Der Meerschen,2026-09-05T12:16:06.976338+00:00
2026-09-05T10:19:16.246522+00:00,12160455,Drzewiecki/ Matuszewski,Kalender/ Serdarusic,Challenger Men Doubles,,,,,,,
2026-09-05T10:19:16.995133+00:00,12160431,G. Kravchenko,D. Obradovic,Challenger Men Singles,0.5856,1.4,0.7143,-0.1287,1,G. Kravchenko,2026-09-05T11:12:05.309941+00:00
2026-09-05T10:19:17.733871+00:00,12160307,F. Van Sambeek,P. De Lange,Itf Men Singles,0.2329,3.25,0.3077,-0.0748,1,P. De Lange,2026-09-05T12:16:07.365690+00:00
2026-09-05T10:19:18.488290+00:00,12160306,S. Paardekooper,S. Jong,Itf Men Singles,0.3718,3.04,0.3289,0.0428,1,S. Jong,2026-09-05T11:12:06.000470+00:00
2026-09-05T10:24:50.308419+00:00,12160464,C. Bouchelaghem,R. Jones,Itf Men Singles,0.9167,1.49,0.6711,0.2455,1,C. Bouchelaghem,2026-09-05T12:16:07.759875+00:00
2026-09-05T10:24:51.028053+00:00,12160496,B. Djuric,N. Belozertsev,Itf Men Singles,,,,,,,
2026-09-05T10:24:51.755111+00:00,12160489,J. Fellows,C. Duhan,Itf Men Singles,,1.69,0.5917,,,,
2026-09-05T10:24:52.470259+00:00,12160484,F. Sziedat,E. Chiesa,Itf Women Singles,0.5061,1.72,0.5814,-0.0753,0,E. Chiesa,2026-09-05T12:16:08.163754+00:00
2026-09-05T10:24:53.194002+00:00,12160481,L. Mair,M. Argyrokastriti,Itf Women Singles,0.7059,1.95,0.5128,0.1931,0,M. Argyrokastriti,2026-09-05T12:16:08.561156+00:00
2026-09-05T10:24:53.922486+00:00,12160478,P. Vives Marcos,H. Dellien,Challenger Men Singles,0.1594,4.45,0.2247,-0.0654,1,H. Dellien,2026-09-05T12:16:08.956984+00:00
2026-09-05T10:24:54.641088+00:00,12160474,E. Appleton,Z. Bednarz,Itf Women Singles,,1.11,0.9009,,,,
2026-09-05T10:24:55.367234+00:00,12160472,N. Maines,A. Gentili,Itf Women Singles,0.8806,1.94,0.5155,0.3651,1,N. Maines,2026-09-05T12:16:09.349831+00:00
2026-09-05T10:24:56.102740+00:00,12160469,D. Lopatetska,A. Raggi,Itf Women Singles,,1.57,0.6369,,,,
2026-09-05T10:24:56.824481+00:00,12160466,L. Lagerbohm,M. Agwi,Itf Men Singles,0.377,3.4,0.2941,0.0829,0,L. Lagerbohm,2026-09-05T11:12:08.132975+00:00
2026-09-05T10:24:57.548775+00:00,12160246,R. Faucon,A. Tahirovic,Itf Men Singles,,1.3,0.7692,,,,
2026-09-05T10:24:58.284260+00:00,12160463,J. Plans,A. Dougaz,Itf Men Singles,0.2821,11.67,0.0857,0.1964,1,A. Dougaz,2026-09-05T11:12:08.473777+00:00
2026-09-05T10:24:59.001147+00:00,12160460,A. Oetzbach,B. Fernandez,Itf Men Singles,0.5089,1.79,0.5587,-0.0497,1,A. Oetzbach,2026-09-05T11:17:44.059156+00:00
2026-09-05T10:24:59.737666+00:00,12160459,R. Nijboer,A. Manzanera Pertusa,Itf Men Singles,0.8817,1.43,0.6993,0.1824,1,R. Nijboer,2026-09-05T11:12:09.158696+00:00
2026-09-05T10:25:00.456758+00:00,12160458,P. Rodenas,M. Van Der Meerschen,Itf Men Singles,0.4274,1.4,0.7143,-0.2869,1,M. Van Der Meerschen,2026-09-05T12:16:09.765704+00:00
2026-09-05T10:25:01.194040+00:00,12160455,Drzewiecki/ Matuszewski,Kalender/ Serdarusic,Challenger Men Doubles,,,,,,,
2026-09-05T10:25:01.912834+00:00,12160431,G. Kravchenko,D. Obradovic,Challenger Men Singles,0.5856,1.4,0.7143,-0.1287,1,G. Kravchenko,2026-09-05T11:12:09.849233+00:00
2026-09-05T10:25:02.634280+00:00,12160307,F. Van Sambeek,P. De Lange,Itf Men Singles,0.2329,3.25,0.3077,-0.0748,1,P. De Lange,2026-09-05T12:16:10.161402+00:00
2026-09-05T10:25:03.355527+00:00,12160306,S. Paardekooper,S. Jong,Itf Men Singles,0.3718,3.04,0.3289,0.0428,1,S. Jong,2026-09-05T11:12:10.529510+00:00
2026-09-05T11:12:12.606728+00:00,12160472,N. Maines,A. Gentili,Itf Women Singles,0.8806,1.94,0.5155,0.3651,1,N. Maines,2026-09-05T12:16:10.562658+00:00
2026-09-05T11:12:13.306971+00:00,12160526,M. Mazza,G. Crivellaro,Itf Men Singles,0.7321,1.4,0.7143,0.0179,1,M. Mazza,2026-09-05T13:11:51.579627+00:00
2026-09-05T11:12:13.989365+00:00,12160504,Freire Da Silva/ Garcian,Dalmasso/ Pietri,Itf Men Doubles,,,,,,,
2026-09-05T11:12:14.670320+00:00,12160503,Schell/ Tsitsipas,Cigarran/ Perfetti,Itf Men Doubles,,,,,,,
2026-09-05T11:12:15.367523+00:00,12160500,S. Johnson,L. Fruhvirtova,Itf Women Singles,0.2279,2.62,0.3817,-0.1538,1,L. Fruhvirtova,2026-09-05T13:11:52.136990+00:00
2026-09-05T11:12:16.053357+00:00,12160486,Mehra/ Qabazard,Lakshmanan/ Lorusso,Itf Men Doubles,,,,,,,
2026-09-05T11:12:16.737906+00:00,12160484,F. Sziedat,E. Chiesa,Itf Women Singles,0.5061,1.72,0.5814,-0.0753,0,E. Chiesa,2026-09-05T12:16:11.792759+00:00
2026-09-05T11:12:17.440801+00:00,12160478,P. Vives Marcos,H. Dellien,Challenger Men Singles,0.1594,4.45,0.2247,-0.0654,1,H. Dellien,2026-09-05T12:16:12.191364+00:00
2026-09-05T11:12:18.211782+00:00,12160474,E. Appleton,Z. Bednarz,Itf Women Singles,,1.11,0.9009,,,,
2026-09-05T11:12:18.902762+00:00,12160358,V. Brand,S. Zhenikhova,Itf Women Singles,0.5455,1.64,0.6098,-0.0643,1,V. Brand,2026-09-05T15:24:44.502414+00:00
2026-09-05T11:12:19.588716+00:00,12160469,D. Lopatetska,A. Raggi,Itf Women Singles,,1.57,0.6369,,,,
2026-09-05T11:12:20.278061+00:00,12160460,A. Oetzbach,B. Fernandez,Itf Men Singles,0.5089,1.79,0.5587,-0.0497,1,A. Oetzbach,2026-09-05T11:17:47.135394+00:00
2026-09-05T11:12:21.067930+00:00,12160458,P. Rodenas,M. Van Der Meerschen,Itf Men Singles,0.4274,1.4,0.7143,-0.2869,1,M. Van Der Meerschen,2026-09-05T12:16:12.972215+00:00
2026-09-05T11:12:21.760878+00:00,12160431,G. Kravchenko,D. Obradovic,Challenger Men Singles,0.5856,1.4,0.7143,-0.1287,1,G. Kravchenko,2026-09-05T11:17:47.823964+00:00
2026-09-05T11:12:22.463843+00:00,12160361,C. Van Zonneveld,L. Claeys,Itf Women Singles,0.1636,2.1,0.4762,-0.3126,0,C. Van Zonneveld,2026-09-05T15:24:45.034794+00:00
2026-09-05T11:12:23.163635+00:00,12160360,J. De Zeeuw,M. Horvit,Itf Women Singles,0.2222,1.93,0.5181,-0.2959,1,M. Horvit,2026-09-05T14:17:36.876941+00:00
2026-09-05T11:12:23.850510+00:00,12160359,R. De Koning,L. Tran,Itf Women Singles,0.4521,2.18,0.4587,-0.0067,0,R. De Koning,2026-09-05T14:11:50.428168+00:00
2026-09-05T11:17:50.888973+00:00,12160358,V. Brand,S. Zhenikhova,Itf Women Singles,0.5455,1.64,0.6098,-0.0643,1,V. Brand,2026-09-05T15:24:45.608897+00:00
2026-09-05T11:17:51.635431+00:00,12160359,R. De Koning,L. Tran,Itf Women Singles,0.4521,2.18,0.4587,-0.0067,0,R. De Koning,2026-09-05T14:11:51.166183+00:00
2026-09-05T11:17:52.346353+00:00,12160360,J. De Zeeuw,M. Horvit,Itf Women Singles,0.2222,1.93,0.5181,-0.2959,1,M. Horvit,2026-09-05T14:17:37.557499+00:00
2026-09-05T11:17:53.041051+00:00,12160361,C. Van Zonneveld,L. Claeys,Itf Women Singles,0.1636,2.1,0.4762,-0.3126,0,C. Van Zonneveld,2026-09-05T15:24:46.225290+00:00
2026-09-05T11:17:53.732008+00:00,12160460,A. Oetzbach,B. Fernandez,Itf Men Singles,0.5089,1.79,0.5587,-0.0497,1,A. Oetzbach,2026-09-05T11:23:24.999277+00:00
2026-09-05T11:17:54.422435+00:00,12160469,D. Lopatetska,A. Raggi,Itf Women Singles,,1.57,0.6369,,,,
2026-09-05T11:17:55.106498+00:00,12160472,N. Maines,A. Gentili,Itf Women Singles,0.8806,1.94,0.5155,0.3651,1,N. Maines,2026-09-05T12:16:16.134133+00:00
2026-09-05T11:17:55.809909+00:00,12160473,A. Petkovic,G. Pedone,Itf Women Singles,0.1738,6.08,0.1645,0.0093,1,G. Pedone,2026-09-05T13:11:57.232381+00:00
2026-09-05T11:17:56.499636+00:00,12160474,E. Appleton,Z. Bednarz,Itf Women Singles,,1.11,0.9009,,,,
2026-09-05T11:17:57.190651+00:00,12160478,P. Vives Marcos,H. Dellien,Challenger Men Singles,0.1594,4.45,0.2247,-0.0654,1,H. Dellien,2026-09-05T12:16:16.925104+00:00
2026-09-05T11:17:57.891129+00:00,12160486,Mehra/ Qabazard,Lakshmanan/ Lorusso,Itf Men Doubles,,,,,,,
2026-09-05T11:17:58.576911+00:00,12160500,S. Johnson,L. Fruhvirtova,Itf Women Singles,0.2279,2.62,0.3817,-0.1538,1,L. Fruhvirtova,2026-09-05T13:11:57.794092+00:00
2026-09-05T11:17:59.261404+00:00,12160503,Schell/ Tsitsipas,Cigarran/ Perfetti,Itf Men Doubles,,,,,,,
2026-09-05T11:17:59.940968+00:00,12160504,Freire Da Silva/ Garcian,Dalmasso/ Pietri,Itf Men Doubles,,,,,,,
2026-09-05T11:18:00.633116+00:00,12160526,M. Mazza,G. Crivellaro,Itf Men Singles,0.7321,1.41,0.7092,0.0229,1,M. Mazza,2026-09-05T13:11:58.354147+00:00
2026-09-05T11:23:28.814119+00:00,12160358,V. Brand,S. Zhenikhova,Itf Women Singles,0.5455,1.64,0.6098,-0.0643,1,V. Brand,2026-09-05T15:24:46.777168+00:00
2026-09-05T11:23:29.580087+00:00,12160359,R. De Koning,L. Tran,Itf Women Singles,0.4521,2.18,0.4587,-0.0067,0,R. De Koning,2026-09-05T14:11:52.556656+00:00
2026-09-05T11:23:30.263817+00:00,12160360,J. De Zeeuw,M. Horvit,Itf Women Singles,0.2222,1.93,0.5181,-0.2959,1,M. Horvit,2026-09-05T14:17:38.588482+00:00
2026-09-05T11:23:30.950331+00:00,12160361,C. Van Zonneveld,L. Claeys,Itf Women Singles,0.1636,2.1,0.4762,-0.3126,0,C. Van Zonneveld,2026-09-05T15:24:47.372943+00:00
2026-09-05T11:23:31.650996+00:00,12160469,D. Lopatetska,A. Raggi,Itf Women Singles,,1.57,0.6369,,,,
2026-09-05T11:23:32.367912+00:00,12160472,N. Maines,A. Gentili,Itf Women Singles,0.8806,1.94,0.5155,0.3651,1,N. Maines,2026-09-05T12:16:19.808747+00:00
2026-09-05T11:23:33.051850+00:00,12160473,A. Petkovic,G. Pedone,Itf Women Singles,0.1738,6.08,0.1645,0.0093,1,G. Pedone,2026-09-05T13:12:01.101635+00:00
2026-09-05T11:23:33.740649+00:00,12160474,E. Appleton,Z. Bednarz,Itf Women Singles,,1.11,0.9009,,,,
2026-09-05T11:23:34.431314+00:00,12160478,P. Vives Marcos,H. Dellien,Challenger Men Singles,0.1594,4.45,0.2247,-0.0654,1,H. Dellien,2026-09-05T12:16:20.604757+00:00
2026-09-05T11:23:35.124807+00:00,12160479,Y. Milev,V. Aboian,Challenger Men Singles,0.2098,2.25,0.4444,-0.2347,0,Y. Milev,2026-09-05T14:23:28.118143+00:00
2026-09-05T11:23:35.824806+00:00,12160486,Mehra/ Qabazard,Lakshmanan/ Lorusso,Itf Men Doubles,,,,,,,
2026-09-05T11:23:36.526411+00:00,12160500,S. Johnson,L. Fruhvirtova,Itf Women Singles,0.2279,2.62,0.3817,-0.1538,1,L. Fruhvirtova,2026-09-05T13:12:02.268043+00:00
2026-09-05T11:23:37.210385+00:00,12160503,Schell/ Tsitsipas,Cigarran/ Perfetti,Itf Men Doubles,,,,,,,
2026-09-05T11:23:37.910646+00:00,12160504,Freire Da Silva/ Garcian,Dalmasso/ Pietri,Itf Men Doubles,,,,,,,
2026-09-05T11:23:38.596891+00:00,12160526,M. Mazza,G. Crivellaro,Itf Men Singles,0.7321,1.41,0.7092,0.0229,1,M. Mazza,2026-09-05T13:12:02.806984+00:00
2026-09-05T12:16:24.239454+00:00,12160359,R. De Koning,L. Tran,Itf Women Singles,0.4521,2.18,0.4587,-0.0067,0,R. De Koning,2026-09-05T14:11:53.969797+00:00
2026-09-05T12:16:25.037522+00:00,12160360,J. De Zeeuw,M. Horvit,Itf Women Singles,0.2222,1.93,0.5181,-0.2959,1,M. Horvit,2026-09-05T14:17:39.688551+00:00
2026-09-05T12:16:25.842714+00:00,12160468,Blazka/ Homola,Hallquist Lithen/ Lagerbohm,Itf Men Doubles,,,,,,,
2026-09-05T12:16:26.640593+00:00,12160469,D. Lopatetska,A. Raggi,Itf Women Singles,,1.57,0.6369,,,,
2026-09-05T12:16:27.433954+00:00,12160471,F. Gandolfi,F. Trevisan,Itf Women Singles,0.7241,1.76,0.5682,0.156,0,F. Trevisan,2026-09-05T16:12:48.893683+00:00
2026-09-05T12:16:28.223259+00:00,12160473,A. Petkovic,G. Pedone,Itf Women Singles,0.1738,6.08,0.1645,0.0093,1,G. Pedone,2026-09-05T13:12:05.050364+00:00
2026-09-05T12:16:29.008627+00:00,12160476,Gorska/ Lazarenko,Hrastar/ Sharabura,Itf Women Doubles,,,,,,,
2026-09-05T12:16:29.799880+00:00,12160477,G. Heide,F. Mena,Challenger Men Singles,0.7226,1.28,0.7812,-0.0587,0,F. Mena,2026-09-05T15:12:11.602412+00:00
2026-09-05T12:16:30.603404+00:00,12160479,Y. Milev,V. Aboian,Challenger Men Singles,0.2098,2.25,0.4444,-0.2347,0,Y. Milev,2026-09-05T14:23:29.168645+00:00
2026-09-05T12:16:31.398449+00:00,12160480,R. Roura Llaverias,A. Lahey,Itf Women Singles,0.7281,2.34,0.4274,0.3007,0,A. Lahey,2026-09-05T14:17:41.200120+00:00
2026-09-05T12:16:32.190541+00:00,12160486,Mehra/ Qabazard,Lakshmanan/ Lorusso,Itf Men Doubles,,,,,,,
2026-09-05T12:16:32.994753+00:00,12160500,S. Johnson,L. Fruhvirtova,Itf Women Singles,0.2279,2.62,0.3817,-0.1538,1,L. Fruhvirtova,2026-09-05T13:12:07.258759+00:00
2026-09-05T12:16:33.802279+00:00,12160503,Schell/ Tsitsipas,Cigarran/ Perfetti,Itf Men Doubles,,,,,,,
2026-09-05T12:16:34.618588+00:00,12160509,Golovina/ Senic,Yuneva/ Zaytseva,Itf Women Doubles,,,,,,,
2026-09-05T12:16:35.414293+00:00,12160526,M. Mazza,G. Crivellaro,Itf Men Singles,0.7321,1.41,0.7092,0.0229,1,M. Mazza,2026-09-05T13:12:07.827527+00:00
2026-09-05T12:16:36.224379+00:00,12160550,R. Faucon,E. Vasa,Itf Men Singles,0.4483,,,,1,E. Vasa,2026-09-05T16:12:49.248112+00:00
2026-09-05T12:21:54.831785+00:00,12160359,R. De Koning,L. Tran,Itf Women Singles,0.4521,2.18,0.4587,-0.0067,0,R. De Koning,2026-09-05T14:11:56.609796+00:00
2026-09-05T12:21:55.616547+00:00,12160468,Blazka/ Homola,Hallquist Lithen/ Lagerbohm,Itf Men Doubles,,,,,,,
2026-09-05T12:21:56.410652+00:00,12160469,D. Lopatetska,A. Raggi,Itf Women Singles,,1.57,0.6369,,,,
2026-09-05T12:21:57.203800+00:00,12160471,F. Gandolfi,F. Trevisan,Itf Women Singles,0.7241,1.76,0.5682,0.156,0,F. Trevisan,2026-09-05T16:12:49.589895+00:00
2026-09-05T12:21:58.010414+00:00,12160473,A. Petkovic,G. Pedone,Itf Women Singles,0.1738,6.08,0.1645,0.0093,1,G. Pedone,2026-09-05T13:12:10.027946+00:00
2026-09-05T12:21:58.796788+00:00,12160476,Gorska/ Lazarenko,Hrastar/ Sharabura,Itf Women Doubles,,,,,,,
2026-09-05T12:21:59.589933+00:00,12160477,G. Heide,F. Mena,Challenger Men Singles,0.7226,1.28,0.7812,-0.0587,0,F. Mena,2026-09-05T15:12:13.224955+00:00
2026-09-05T12:22:00.397531+00:00,12160479,Y. Milev,V. Aboian,Challenger Men Singles,0.2098,2.25,0.4444,-0.2347,0,Y. Milev,2026-09-05T14:23:30.541092+00:00
2026-09-05T12:22:01.191780+00:00,12160480,R. Roura Llaverias,A. Lahey,Itf Women Singles,0.7281,2.34,0.4274,0.3007,0,A. Lahey,2026-09-05T14:17:43.098581+00:00
2026-09-05T12:22:01.980748+00:00,12160486,Mehra/ Qabazard,Lakshmanan/ Lorusso,Itf Men Doubles,,,,,,,
2026-09-05T12:22:02.780381+00:00,12160499,J. Echeverria,R. Bertrand,Itf Men Singles,0.3598,1.96,0.5102,-0.1504,1,R. Bertrand,2026-09-05T15:12:13.776041+00:00
2026-09-05T12:22:03.580271+00:00,12160500,S. Johnson,L. Fruhvirtova,Itf Women Singles,0.2279,2.62,0.3817,-0.1538,1,L. Fruhvirtova,2026-09-05T13:12:12.763246+00:00
2026-09-05T12:22:04.387224+00:00,12160503,Schell/ Tsitsipas,Cigarran/ Perfetti,Itf Men Doubles,,,,,,,
2026-09-05T12:22:05.172964+00:00,12160509,Golovina/ Senic,Yuneva/ Zaytseva,Itf Women Doubles,,,,,,,
2026-09-05T12:22:05.969755+00:00,12160526,M. Mazza,G. Crivellaro,Itf Men Singles,0.7321,1.41,0.7092,0.0229,1,M. Mazza,2026-09-05T13:12:13.295517+00:00
2026-09-05T12:22:06.760956+00:00,12160550,R. Faucon,E. Vasa,Itf Men Singles,0.4483,,,,1,E. Vasa,2026-09-05T16:12:50.018996+00:00
2026-09-05T12:27:28.652970+00:00,12160359,R. De Koning,L. Tran,Itf Women Singles,0.4521,2.18,0.4587,-0.0067,0,R. De Koning,2026-09-05T14:11:59.035903+00:00
2026-09-05T12:27:29.468893+00:00,12160468,Blazka/ Homola,Hallquist Lithen/ Lagerbohm,Itf Men Doubles,,,,,,,
2026-09-05T12:27:30.255004+00:00,12160469,D. Lopatetska,A. Raggi,Itf Women Singles,,1.57,0.6369,,,,
2026-09-05T12:27:31.047772+00:00,12160471,F. Gandolfi,F. Trevisan,Itf Women Singles,0.7241,1.76,0.5682,0.156,0,F. Trevisan,2026-09-05T16:12:50.357904+00:00
2026-09-05T12:27:31.838284+00:00,12160473,A. Petkovic,G. Pedone,Itf Women Singles,0.1738,6.08,0.1645,0.0093,1,G. Pedone,2026-09-05T13:12:15.516109+00:00
2026-09-05T12:27:32.619279+00:00,12160476,Gorska/ Lazarenko,Hrastar/ Sharabura,Itf Women Doubles,,,,,,,
2026-09-05T12:27:33.414297+00:00,12160477,G. Heide,F. Mena,Challenger Men Singles,0.7226,1.28,0.7812,-0.0587,0,F. Mena,2026-09-05T15:12:15.412237+00:00
2026-09-05T12:27:34.222511+00:00,12160479,Y. Milev,V. Aboian,Challenger Men Singles,0.2098,2.25,0.4444,-0.2347,0,Y. Milev,2026-09-05T14:23:32.263236+00:00
2026-09-05T12:27:35.014756+00:00,12160480,R. Roura Llaverias,A. Lahey,Itf Women Singles,0.7281,2.34,0.4274,0.3007,0,A. Lahey,2026-09-05T14:17:45.326689+00:00
2026-09-05T12:27:35.799980+00:00,12160486,Mehra/ Qabazard,Lakshmanan/ Lorusso,Itf Men Doubles,,,,,,,
2026-09-05T12:27:36.636610+00:00,12160499,J. Echeverria,R. Bertrand,Itf Men Singles,0.3598,1.96,0.5102,-0.1504,1,R. Bertrand,2026-09-05T15:12:15.965259+00:00
2026-09-05T12:27:37.426016+00:00,12160500,S. Johnson,L. Fruhvirtova,Itf Women Singles,0.2279,2.62,0.3817,-0.1538,1,L. Fruhvirtova,2026-09-05T13:12:18.246482+00:00
2026-09-05T12:27:38.213617+00:00,12160503,Schell/ Tsitsipas,Cigarran/ Perfetti,Itf Men Doubles,,,,,,,
2026-09-05T12:27:39.000213+00:00,12160509,Golovina/ Senic,Yuneva/ Zaytseva,Itf Women Doubles,,,,,,,
2026-09-05T12:27:39.793442+00:00,12160526,M. Mazza,G. Crivellaro,Itf Men Singles,0.7321,1.41,0.7092,0.0229,1,M. Mazza,2026-09-05T13:12:18.790207+00:00
2026-09-05T12:27:40.589618+00:00,12160550,R. Faucon,E. Vasa,Itf Men Singles,0.4483,,,,1,E. Vasa,2026-09-05T16:12:50.715262+00:00
2026-09-05T13:12:22.793916+00:00,12160480,R. Roura Llaverias,A. Lahey,Itf Women Singles,0.7281,2.34,0.4274,0.3007,0,A. Lahey,2026-09-05T14:17:46.529489+00:00
2026-09-05T13:12:23.895103+00:00,12160550,R. Faucon,E. Vasa,Itf Men Singles,0.4483,,,,1,E. Vasa,2026-09-05T16:12:51.058834+00:00
2026-09-05T13:12:24.985712+00:00,12160538,L. Berto,G. Bosio,Itf Men Singles,0.125,2.48,0.4032,-0.2782,1,G. Bosio,2026-09-05T17:11:34.619271+00:00
2026-09-05T13:12:26.063697+00:00,12160528,C. Werner,H. Klugman,Itf Women Singles,0.6436,2.2,0.4545,0.189,0,H. Klugman,2026-09-05T16:12:51.777006+00:00
2026-09-05T13:12:27.169696+00:00,12160526,M. Mazza,G. Crivellaro,Itf Men Singles,0.7321,1.41,0.7092,0.0229,1,M. Mazza,2026-09-05T13:18:13.035573+00:00
2026-09-05T13:12:28.241855+00:00,12160524,V. Bosio,E. Cabezas Dominguez,Itf Women Singles,0.6576,1.23,0.813,-0.1554,1,V. Bosio,2026-09-05T15:24:52.919013+00:00
2026-09-05T13:12:29.356751+00:00,12160523,M. F. Urrutia,F. Labrana,Itf Women Singles,0.498,,,,0,M. F. Urrutia,2026-09-05T15:12:19.284262+00:00
2026-09-05T13:12:30.446872+00:00,12160507,Sevcikova/ Voracek,Stagno/ Tomase,Itf Women Doubles,,,,,,,
2026-09-05T13:12:31.531634+00:00,12160502,D'Agostino/ Radjenovic,Belozertsev/ Kucukhuseyin,Itf Men Doubles,,,,,,,
2026-09-05T13:12:32.658641+00:00,12160499,J. Echeverria,R. Bertrand,Itf Men Singles,0.3598,1.95,0.5128,-0.153,1,R. Bertrand,2026-09-05T15:12:19.817620+00:00
2026-09-05T13:12:33.765323+00:00,12160497,A. Aubriot,D. Popko,Itf Men Singles,0.28,3.62,0.2762,0.0038,1,D. Popko,2026-09-05T15:12:20.371500+00:00
2026-09-05T13:12:34.861006+00:00,12160483,C. Burel,F. Urgesi,Itf Women Singles,0.3678,1.25,0.8,-0.4322,0,C. Burel,2026-09-05T15:12:20.920377+00:00
2026-09-05T13:12:35.950451+00:00,12160406,L. F. Silva,J. E. Schiessl,Itf Men Singles,,,,,,,
2026-09-05T13:12:37.061848+00:00,12160479,Y. Milev,V. Aboian,Challenger Men Singles,0.2098,2.25,0.4444,-0.2347,0,Y. Milev,2026-09-05T14:23:36.103487+00:00
2026-09-05T13:12:38.156204+00:00,12160477,G. Heide,F. Mena,Challenger Men Singles,0.7226,1.28,0.7812,-0.0587,0,F. Mena,2026-09-05T15:12:21.457397+00:00
2026-09-05T13:12:39.247850+00:00,12160476,Gorska/ Lazarenko,Hrastar/ Sharabura,Itf Women Doubles,,,,,,,
2026-09-05T13:12:40.322993+00:00,12160471,F. Gandolfi,F. Trevisan,Itf Women Singles,0.7241,1.76,0.5682,0.156,0,F. Trevisan,2026-09-05T16:12:52.121099+00:00
2026-09-05T13:12:41.414759+00:00,12160469,D. Lopatetska,A. Raggi,Itf Women Singles,,1.57,0.6369,,,,
2026-09-05T13:12:42.480124+00:00,12160468,Blazka/ Homola,Hallquist Lithen/ Lagerbohm,Itf Men Doubles,,,,,,,
2026-09-05T13:12:43.657560+00:00,12160456,M. Lajal,F. Balshaw,Challenger Men Singles,0.624,1.54,0.6494,-0.0254,0,F. Balshaw,2026-09-05T15:18:43.270076+00:00
2026-09-05T13:12:44.751551+00:00,12160439,M. Houkes,J. Loge,Itf Men Singles,0.6939,1.33,0.7519,-0.058,1,M. Houkes,2026-09-05T15:18:43.808733+00:00
2026-09-05T13:12:45.836701+00:00,12160412,R. Tosetto,E. Crevelaro,Itf Men Singles,,1.1,0.9091,,,,
2026-09-05T13:12:46.922913+00:00,12160407,J. Konishi Silva,A. Cruz,Itf Women Singles,,,,,,,
2026-09-05T13:18:21.923789+00:00,12160483,C. Burel,F. Urgesi,Itf Women Singles,0.3678,1.25,0.8,-0.4322,0,C. Burel,2026-09-05T15:12:23.663200+00:00
2026-09-05T13:18:23.039495+00:00,12160550,R. Faucon,E. Vasa,Itf Men Singles,0.4483,,,,1,E. Vasa,2026-09-05T16:12:52.550309+00:00
2026-09-05T13:18:24.155252+00:00,12160538,L. Berto,G. Bosio,Itf Men Singles,0.125,2.48,0.4032,-0.2782,1,G. Bosio,2026-09-05T17:11:35.196675+00:00
2026-09-05T13:18:25.255260+00:00,12160528,C. Werner,H. Klugman,Itf Women Singles,0.6436,2.24,0.4464,0.1972,0,H. Klugman,2026-09-05T16:12:53.236849+00:00
2026-09-05T13:18:26.338000+00:00,12160524,V. Bosio,E. Cabezas Dominguez,Itf Women Singles,0.6576,1.25,0.8,-0.1424,1,V. Bosio,2026-09-05T15:24:55.639627+00:00
2026-09-05T13:18:27.454348+00:00,12160523,M. F. Urrutia,F. Labrana,Itf Women Singles,0.498,,,,0,M. F. Urrutia,2026-09-05T15:12:26.344473+00:00
2026-09-05T13:18:28.540997+00:00,12160507,Sevcikova/ Voracek,Stagno/ Tomase,Itf Women Doubles,,,,,,,
2026-09-05T13:18:29.641317+00:00,12160502,D'Agostino/ Radjenovic,Belozertsev/ Kucukhuseyin,Itf Men Doubles,,,,,,,
2026-09-05T13:18:30.750520+00:00,12160499,J. Echeverria,R. Bertrand,Itf Men Singles,0.3598,1.95,0.5128,-0.153,1,R. Bertrand,2026-09-05T15:12:26.887711+00:00
2026-09-05T13:18:31.847799+00:00,12160497,A. Aubriot,D. Popko,Itf Men Singles,0.28,3.62,0.2762,0.0038,1,D. Popko,2026-09-05T15:12:27.435328+00:00
2026-09-05T13:18:32.939937+00:00,12160406,L. F. Silva,J. E. Schiessl,Itf Men Singles,,,,,,,
2026-09-05T13:18:34.026524+00:00,12160480,R. Roura Llaverias,A. Lahey,Itf Women Singles,0.7281,2.34,0.4274,0.3007,0,A. Lahey,2026-09-05T14:17:54.115282+00:00
2026-09-05T13:18:35.139415+00:00,12160479,Y. Milev,V. Aboian,Challenger Men Singles,0.2098,2.25,0.4444,-0.2347,0,Y. Milev,2026-09-05T14:23:40.648239+00:00
2026-09-05T13:18:36.256502+00:00,12160477,G. Heide,F. Mena,Challenger Men Singles,0.7226,1.28,0.7812,-0.0587,0,F. Mena,2026-09-05T15:12:27.970567+00:00
2026-09-05T13:18:37.375107+00:00,12160471,F. Gandolfi,F. Trevisan,Itf Women Singles,0.7241,1.76,0.5682,0.156,0,F. Trevisan,2026-09-05T16:12:53.583176+00:00
2026-09-05T13:18:38.469384+00:00,12160469,D. Lopatetska,A. Raggi,Itf Women Singles,,1.57,0.6369,,,,
2026-09-05T13:18:39.555607+00:00,12160456,M. Lajal,F. Balshaw,Challenger Men Singles,0.624,1.54,0.6494,-0.0254,0,F. Balshaw,2026-09-05T15:18:47.113668+00:00
2026-09-05T13:18:40.644384+00:00,12160439,M. Houkes,J. Loge,Itf Men Singles,0.6939,1.33,0.7519,-0.058,1,M. Houkes,2026-09-05T15:18:47.673672+00:00
2026-09-05T13:18:41.750072+00:00,12160412,R. Tosetto,E. Crevelaro,Itf Men Singles,,1.1,0.9091,,,,
2026-09-05T13:18:42.838393+00:00,12160407,J. Konishi Silva,A. Cruz,Itf Women Singles,,,,,,,
2026-09-05T13:24:24.649282+00:00,12160483,C. Burel,F. Urgesi,Itf Women Singles,0.3678,1.25,0.8,-0.4322,0,C. Burel,2026-09-05T15:12:30.165924+00:00
2026-09-05T13:24:25.718716+00:00,12160550,R. Faucon,E. Vasa,Itf Men Singles,0.4483,,,,1,E. Vasa,2026-09-05T16:12:53.930158+00:00
2026-09-05T13:24:26.800956+00:00,12160538,L. Berto,G. Bosio,Itf Men Singles,0.125,2.48,0.4032,-0.2782,1,G. Bosio,2026-09-05T17:11:35.780198+00:00
2026-09-05T13:24:27.933901+00:00,12160528,C. Werner,H. Klugman,Itf Women Singles,0.6436,2.24,0.4464,0.1972,0,H. Klugman,2026-09-05T16:12:54.630429+00:00
2026-09-05T13:24:29.004348+00:00,12160524,V. Bosio,E. Cabezas Dominguez,Itf Women Singles,0.6576,1.25,0.8,-0.1424,1,V. Bosio,2026-09-05T15:24:58.408128+00:00
2026-09-05T13:24:30.110804+00:00,12160523,M. F. Urrutia,F. Labrana,Itf Women Singles,0.498,,,,0,M. F. Urrutia,2026-09-05T15:12:32.844420+00:00
2026-09-05T13:24:31.211761+00:00,12160507,Sevcikova/ Voracek,Stagno/ Tomase,Itf Women Doubles,,,,,,,
2026-09-05T13:24:32.272164+00:00,12160502,D'Agostino/ Radjenovic,Belozertsev/ Kucukhuseyin,Itf Men Doubles,,,,,,,
2026-09-05T13:24:33.357872+00:00,12160499,J. Echeverria,R. Bertrand,Itf Men Singles,0.3598,1.95,0.5128,-0.153,1,R. Bertrand,2026-09-05T15:12:33.390551+00:00
2026-09-05T13:24:34.453278+00:00,12160497,A. Aubriot,D. Popko,Itf Men Singles,0.28,3.62,0.2762,0.0038,1,D. Popko,2026-09-05T15:12:33.940223+00:00
2026-09-05T13:24:35.579345+00:00,12160406,L. F. Silva,J. E. Schiessl,Itf Men Singles,,,,,,,
2026-09-05T13:24:36.682787+00:00,12160480,R. Roura Llaverias,A. Lahey,Itf Women Singles,0.7281,2.34,0.4274,0.3007,0,A. Lahey,2026-09-05T14:17:59.004595+00:00
2026-09-05T13:24:37.788541+00:00,12160479,Y. Milev,V. Aboian,Challenger Men Singles,0.2098,2.25,0.4444,-0.2347,0,Y. Milev,2026-09-05T14:23:45.166935+00:00
2026-09-05T13:24:38.874096+00:00,12160477,G. Heide,F. Mena,Challenger Men Singles,0.7226,1.28,0.7812,-0.0587,0,F. Mena,2026-09-05T15:12:34.507791+00:00
2026-09-05T13:24:39.945239+00:00,12160471,F. Gandolfi,F. Trevisan,Itf Women Singles,0.7241,1.76,0.5682,0.156,0,F. Trevisan,2026-09-05T16:12:54.973996+00:00
2026-09-05T13:24:41.029644+00:00,12160469,D. Lopatetska,A. Raggi,Itf Women Singles,,1.57,0.6369,,,,
2026-09-05T13:24:42.134832+00:00,12160456,M. Lajal,F. Balshaw,Challenger Men Singles,0.624,1.54,0.6494,-0.0254,0,F. Balshaw,2026-09-05T15:18:51.006449+00:00
2026-09-05T13:24:43.234264+00:00,12160439,M. Houkes,J. Loge,Itf Men Singles,0.6939,1.33,0.7519,-0.058,1,M. Houkes,2026-09-05T15:18:51.543124+00:00
2026-09-05T13:24:44.388314+00:00,12160412,R. Tosetto,E. Crevelaro,Itf Men Singles,,1.1,0.9091,,,,
2026-09-05T13:24:45.560482+00:00,12160407,J. Konishi Silva,A. Cruz,Itf Women Singles,,,,,,,
2026-09-05T14:12:18.105615+00:00,12160483,C. Burel,F. Urgesi,Itf Women Singles,0.3678,1.25,0.8,-0.4322,0,C. Burel,2026-09-05T15:12:36.717351+00:00
2026-09-05T14:12:18.789561+00:00,12160550,R. Faucon,E. Vasa,Itf Men Singles,0.4483,,,,1,E. Vasa,2026-09-05T16:12:55.316187+00:00
2026-09-05T14:12:19.471193+00:00,12160538,L. Berto,G. Bosio,Itf Men Singles,0.125,2.48,0.4032,-0.2782,1,G. Bosio,2026-09-05T17:11:36.316785+00:00
2026-09-05T14:12:20.150170+00:00,12160528,C. Werner,H. Klugman,Itf Women Singles,0.6436,2.24,0.4464,0.1972,0,H. Klugman,2026-09-05T16:12:56.000881+00:00
2026-09-05T14:12:20.912432+00:00,12160524,V. Bosio,E. Cabezas Dominguez,Itf Women Singles,0.6576,1.25,0.8,-0.1424,1,V. Bosio,2026-09-05T15:25:01.130917+00:00
2026-09-05T14:12:21.599841+00:00,12160523,M. F. Urrutia,F. Labrana,Itf Women Singles,0.498,,,,0,M. F. Urrutia,2026-09-05T15:12:39.396274+00:00
2026-09-05T14:12:22.284754+00:00,12160507,Sevcikova/ Voracek,Stagno/ Tomase,Itf Women Doubles,,,,,,,
2026-09-05T14:12:22.969690+00:00,12160506,Breaz/ Todoni,Ogescu/ Varsa,Itf Women Doubles,,,,,,,
2026-09-05T14:12:23.663382+00:00,12160502,D'Agostino/ Radjenovic,Belozertsev/ Kucukhuseyin,Itf Men Doubles,,,,,,,
2026-09-05T14:12:24.358050+00:00,12160499,J. Echeverria,R. Bertrand,Itf Men Singles,0.3598,1.95,0.5128,-0.153,1,R. Bertrand,2026-09-05T15:12:39.945424+00:00
2026-09-05T14:12:25.041861+00:00,12160497,A. Aubriot,D. Popko,Itf Men Singles,0.28,3.62,0.2762,0.0038,1,D. Popko,2026-09-05T15:12:40.491698+00:00
2026-09-05T14:12:25.724640+00:00,12160406,L. F. Silva,J. E. Schiessl,Itf Men Singles,,,,,,,
2026-09-05T14:12:26.412934+00:00,12160480,R. Roura Llaverias,A. Lahey,Itf Women Singles,0.7281,2.34,0.4274,0.3007,0,A. Lahey,2026-09-05T14:18:03.893369+00:00
2026-09-05T14:12:27.105209+00:00,12160479,Y. Milev,V. Aboian,Challenger Men Singles,0.2098,2.25,0.4444,-0.2347,0,Y. Milev,2026-09-05T14:23:49.673264+00:00
2026-09-05T14:12:27.826481+00:00,12160477,G. Heide,F. Mena,Challenger Men Singles,0.7226,1.28,0.7812,-0.0587,0,F. Mena,2026-09-05T15:12:41.020658+00:00
2026-09-05T14:12:28.516629+00:00,12160471,F. Gandolfi,F. Trevisan,Itf Women Singles,0.7241,1.76,0.5682,0.156,0,F. Trevisan,2026-09-05T16:12:56.427786+00:00
2026-09-05T14:12:29.279958+00:00,12160456,M. Lajal,F. Balshaw,Challenger Men Singles,0.624,1.54,0.6494,-0.0254,0,F. Balshaw,2026-09-05T15:18:54.811474+00:00
2026-09-05T14:12:30.004290+00:00,12160454,J. P. Varillas,J. Clarke,Challenger Men Singles,0.5042,1.87,0.5348,-0.0306,1,J. P. Varillas,2026-09-05T17:17:30.109452+00:00
2026-09-05T14:12:30.722383+00:00,12160451,Sakellaridis/ Stanke,Fernandez/ Ratti,Itf Men Doubles,,,,,,,
2026-09-05T14:12:31.405754+00:00,12160439,M. Houkes,J. Loge,Itf Men Singles,0.6939,1.33,0.7519,-0.058,1,M. Houkes,2026-09-05T15:18:55.915493+00:00
2026-09-05T14:12:32.085279+00:00,12160412,R. Tosetto,E. Crevelaro,Itf Men Singles,,1.1,0.9091,,,,
2026-09-05T14:12:32.777629+00:00,12160407,J. Konishi Silva,A. Cruz,Itf Women Singles,,,,,,,
2026-09-05T14:18:08.098719+00:00,12160483,C. Burel,F. Urgesi,Itf Women Singles,0.3678,1.25,0.8,-0.4322,0,C. Burel,2026-09-05T15:12:43.755397+00:00
2026-09-05T14:18:08.775721+00:00,12160550,R. Faucon,E. Vasa,Itf Men Singles,0.4483,,,,1,E. Vasa,2026-09-05T16:12:57.159814+00:00
2026-09-05T14:18:09.462686+00:00,12160538,L. Berto,G. Bosio,Itf Men Singles,0.125,2.48,0.4032,-0.2782,1,G. Bosio,2026-09-05T17:11:37.499661+00:00
2026-09-05T14:18:10.138986+00:00,12160528,C. Werner,H. Klugman,Itf Women Singles,0.6436,2.24,0.4464,0.1972,0,H. Klugman,2026-09-05T16:12:57.845722+00:00
2026-09-05T14:18:10.884038+00:00,12160524,V. Bosio,E. Cabezas Dominguez,Itf Women Singles,0.6576,1.25,0.8,-0.1424,1,V. Bosio,2026-09-05T15:25:04.377678+00:00
2026-09-05T14:18:11.573134+00:00,12160523,M. F. Urrutia,F. Labrana,Itf Women Singles,0.498,,,,0,M. F. Urrutia,2026-09-05T15:12:46.445211+00:00
2026-09-05T14:18:12.266778+00:00,12160507,Sevcikova/ Voracek,Stagno/ Tomase,Itf Women Doubles,,,,,,,
2026-09-05T14:18:12.942051+00:00,12160506,Breaz/ Todoni,Ogescu/ Varsa,Itf Women Doubles,,,,,,,
2026-09-05T14:18:13.630323+00:00,12160502,D'Agostino/ Radjenovic,Belozertsev/ Kucukhuseyin,Itf Men Doubles,,,,,,,
2026-09-05T14:18:14.332496+00:00,12160499,J. Echeverria,R. Bertrand,Itf Men Singles,0.3598,1.95,0.5128,-0.153,1,R. Bertrand,2026-09-05T15:12:46.994193+00:00
2026-09-05T14:18:15.010526+00:00,12160497,A. Aubriot,D. Popko,Itf Men Singles,0.28,3.62,0.2762,0.0038,1,D. Popko,2026-09-05T15:12:47.541057+00:00
2026-09-05T14:18:15.695385+00:00,12160406,L. F. Silva,J. E. Schiessl,Itf Men Singles,,,,,,,
2026-09-05T14:18:16.374294+00:00,12160480,R. Roura Llaverias,A. Lahey,Itf Women Singles,0.7281,2.34,0.4274,0.3007,0,A. Lahey,2026-09-05T14:23:54.508204+00:00
2026-09-05T14:18:17.065614+00:00,12160479,Y. Milev,V. Aboian,Challenger Men Singles,0.2098,2.25,0.4444,-0.2347,0,Y. Milev,2026-09-05T14:23:54.851287+00:00
2026-09-05T14:18:17.759377+00:00,12160477,G. Heide,F. Mena,Challenger Men Singles,0.7226,1.28,0.7812,-0.0587,0,F. Mena,2026-09-05T15:12:48.090858+00:00
2026-09-05T14:18:18.441614+00:00,12160471,F. Gandolfi,F. Trevisan,Itf Women Singles,0.7241,1.76,0.5682,0.156,0,F. Trevisan,2026-09-05T16:12:58.192732+00:00
2026-09-05T14:18:19.121816+00:00,12160456,M. Lajal,F. Balshaw,Challenger Men Singles,0.624,1.54,0.6494,-0.0254,0,F. Balshaw,2026-09-05T15:18:59.132440+00:00
2026-09-05T14:18:19.812237+00:00,12160454,J. P. Varillas,J. Clarke,Challenger Men Singles,0.5042,1.87,0.5348,-0.0306,1,J. P. Varillas,2026-09-05T17:17:30.635105+00:00
2026-09-05T14:18:20.512758+00:00,12160451,Sakellaridis/ Stanke,Fernandez/ Ratti,Itf Men Doubles,,,,,,,
2026-09-05T14:18:21.200026+00:00,12160439,M. Houkes,J. Loge,Itf Men Singles,0.6939,1.33,0.7519,-0.058,1,M. Houkes,2026-09-05T15:19:00.209689+00:00
2026-09-05T14:18:21.922142+00:00,12160412,R. Tosetto,E. Crevelaro,Itf Men Singles,,1.1,0.9091,,,,
2026-09-05T14:18:22.599019+00:00,12160407,J. Konishi Silva,A. Cruz,Itf Women Singles,,,,,,,
2026-09-05T14:23:58.756972+00:00,12160483,C. Burel,F. Urgesi,Itf Women Singles,0.3678,1.25,0.8,-0.4322,0,C. Burel,2026-09-05T15:12:50.804588+00:00
2026-09-05T14:23:59.439117+00:00,12160550,R. Faucon,E. Vasa,Itf Men Singles,0.4483,,,,1,E. Vasa,2026-09-05T16:12:58.873531+00:00
2026-09-05T14:24:00.138465+00:00,12160538,L. Berto,G. Bosio,Itf Men Singles,0.125,2.48,0.4032,-0.2782,1,G. Bosio,2026-09-05T17:11:38.653520+00:00
2026-09-05T14:24:00.835584+00:00,12160528,C. Werner,H. Klugman,Itf Women Singles,0.6436,2.24,0.4464,0.1972,0,H. Klugman,2026-09-05T16:12:59.574854+00:00
2026-09-05T14:24:01.517045+00:00,12160524,V. Bosio,E. Cabezas Dominguez,Itf Women Singles,0.6576,1.25,0.8,-0.1424,1,V. Bosio,2026-09-05T15:25:07.644382+00:00
2026-09-05T14:24:02.196361+00:00,12160523,M. F. Urrutia,F. Labrana,Itf Women Singles,0.498,,,,0,M. F. Urrutia,2026-09-05T15:12:53.512638+00:00
2026-09-05T14:24:02.872804+00:00,12160507,Sevcikova/ Voracek,Stagno/ Tomase,Itf Women Doubles,,,,,,,
2026-09-05T14:24:03.554043+00:00,12160506,Breaz/ Todoni,Ogescu/ Varsa,Itf Women Doubles,,,,,,,
2026-09-05T14:24:04.235559+00:00,12160502,D'Agostino/ Radjenovic,Belozertsev/ Kucukhuseyin,Itf Men Doubles,,,,,,,
2026-09-05T14:24:04.915501+00:00,12160499,J. Echeverria,R. Bertrand,Itf Men Singles,0.3598,1.95,0.5128,-0.153,1,R. Bertrand,2026-09-05T15:12:54.041515+00:00
2026-09-05T14:24:05.598396+00:00,12160497,A. Aubriot,D. Popko,Itf Men Singles,0.28,3.62,0.2762,0.0038,1,D. Popko,2026-09-05T15:12:54.590124+00:00
2026-09-05T14:24:06.282579+00:00,12160406,L. F. Silva,J. E. Schiessl,Itf Men Singles,,,,,,,
2026-09-05T14:24:06.971201+00:00,12160479,Y. Milev,V. Aboian,Challenger Men Singles,0.2098,2.25,0.4444,-0.2347,0,Y. Milev,2026-09-05T15:12:55.143543+00:00
2026-09-05T14:24:07.656124+00:00,12160477,G. Heide,F. Mena,Challenger Men Singles,0.7226,1.28,0.7812,-0.0587,0,F. Mena,2026-09-05T15:12:55.698167+00:00
2026-09-05T14:24:08.414598+00:00,12160471,F. Gandolfi,F. Trevisan,Itf Women Singles,0.7241,1.76,0.5682,0.156,0,F. Trevisan,2026-09-05T16:12:59.920909+00:00
2026-09-05T14:24:09.108044+00:00,12160456,M. Lajal,F. Balshaw,Challenger Men Singles,0.624,1.54,0.6494,-0.0254,0,F. Balshaw,2026-09-05T15:19:03.476394+00:00
2026-09-05T14:24:09.852197+00:00,12160454,J. P. Varillas,J. Clarke,Challenger Men Singles,0.5042,1.87,0.5348,-0.0306,1,J. P. Varillas,2026-09-05T17:17:31.171282+00:00
2026-09-05T14:24:10.537069+00:00,12160451,Sakellaridis/ Stanke,Fernandez/ Ratti,Itf Men Doubles,,,,,,,
2026-09-05T14:24:11.218805+00:00,12160439,M. Houkes,J. Loge,Itf Men Singles,0.6939,1.33,0.7519,-0.058,1,M. Houkes,2026-09-05T15:19:04.550709+00:00
2026-09-05T14:24:11.904468+00:00,12160412,R. Tosetto,E. Crevelaro,Itf Men Singles,,1.1,0.9091,,,,
2026-09-05T14:24:12.587653+00:00,12160407,J. Konishi Silva,A. Cruz,Itf Women Singles,,,,,,,
2026-09-05T15:13:01.238180+00:00,12160456,M. Lajal,F. Balshaw,Challenger Men Singles,0.624,1.54,0.6494,-0.0254,0,F. Balshaw,2026-09-05T15:19:05.089772+00:00
2026-09-05T15:13:02.343973+00:00,12160580,S. Jong,P. De Lange,Itf Men Singles,0.4667,1.14,0.8772,-0.4105,0,S. Jong,2026-09-05T16:13:00.676637+00:00
2026-09-05T15:13:03.411495+00:00,12160550,R. Faucon,E. Vasa,Itf Men Singles,0.4483,,,,1,E. Vasa,2026-09-05T16:13:01.020873+00:00
2026-09-05T15:13:04.490239+00:00,12160538,L. Berto,G. Bosio,Itf Men Singles,0.125,2.48,0.4032,-0.2782,1,G. Bosio,2026-09-05T17:11:39.759070+00:00
2026-09-05T15:13:05.578251+00:00,12160528,C. Werner,H. Klugman,Itf Women Singles,0.6436,2.24,0.4464,0.1972,0,H. Klugman,2026-09-05T16:13:01.715780+00:00
2026-09-05T15:13:06.653983+00:00,12160523,M. F. Urrutia,F. Labrana,Itf Women Singles,0.498,,,,0,M. F. Urrutia,2026-09-05T15:19:07.842918+00:00
2026-09-05T15:13:07.731176+00:00,12160522,A. Knaff,R. Perot,Itf Men Singles,0.1658,3.52,0.2841,-0.1183,1,R. Perot,2026-09-05T17:11:40.281696+00:00
2026-09-05T15:13:08.836086+00:00,12160506,Breaz/ Todoni,Ogescu/ Varsa,Itf Women Doubles,,,,,,,
2026-09-05T15:13:09.904224+00:00,12160502,D'Agostino/ Radjenovic,Belozertsev/ Kucukhuseyin,Itf Men Doubles,,,,,,,
2026-09-05T15:13:10.968738+00:00,12160495,Vives Marcos/ Winter Lopez,Martos Gornes/ Walkow,Challenger Men Doubles,,,,,,,
2026-09-05T15:13:12.062334+00:00,12160482,F. Ferro,F. Pace,Itf Women Singles,0.7111,1.16,0.8621,-0.151,1,F. Ferro,2026-09-05T16:13:02.420756+00:00
2026-09-05T15:13:13.176229+00:00,12160477,G. Heide,F. Mena,Challenger Men Singles,0.7226,1.28,0.7812,-0.0587,0,F. Mena,2026-09-05T15:19:09.504268+00:00
2026-09-05T15:13:14.274097+00:00,12160471,F. Gandolfi,F. Trevisan,Itf Women Singles,0.7241,1.76,0.5682,0.156,0,F. Trevisan,2026-09-05T16:13:02.842457+00:00
2026-09-05T15:13:15.378077+00:00,12160146,Demoliner/ Ho,Lammons/ Withrow,Atp Doubles,,,,,,,
2026-09-05T15:13:16.508353+00:00,12160454,J. P. Varillas,J. Clarke,Challenger Men Singles,0.5042,1.87,0.5348,-0.0306,1,J. P. Varillas,2026-09-05T17:17:31.719537+00:00
2026-09-05T15:13:17.647893+00:00,12160451,Sakellaridis/ Stanke,Fernandez/ Ratti,Itf Men Doubles,,,,,,,
2026-09-05T15:13:18.802994+00:00,12160439,M. Houkes,J. Loge,Itf Men Singles,0.6939,1.33,0.7519,-0.058,1,M. Houkes,2026-09-05T15:19:11.112788+00:00
2026-09-05T15:13:19.907569+00:00,12160412,R. Tosetto,E. Crevelaro,Itf Men Singles,,1.1,0.9091,,,,
2026-09-05T15:13:21.055845+00:00,12160407,J. Konishi Silva,A. Cruz,Itf Women Singles,,,,,,,
2026-09-05T15:13:22.181983+00:00,12160379,M. Keys,Q. Zheng,Wta Singles,0.7569,1.63,0.6135,0.1434,0,Q. Zheng,2026-09-05T18:14:11.945848+00:00
2026-09-05T15:13:23.280595+00:00,12160364,Fernandez/ Tjen,Routliffe/ Sutjiadi,Wta Doubles,,,,,,,
2026-09-05T15:13:24.410614+00:00,12160357,Perez/ Schuurs,Pridankina/ Tang,Wta Doubles,,,,,,,
2026-09-05T15:13:25.500698+00:00,12160295,A. Potapova,A. Anisimova,Wta Singles,0.2792,5.64,0.1773,0.1019,0,A. Potapova,2026-09-05T17:11:41.967562+00:00
2026-09-05T15:13:26.578165+00:00,12160170,Seggerman/ Trhac,Bhambri/ Venus,Atp Doubles,,,,,,,
2026-09-05T15:13:27.655041+00:00,12160169,Pieczonka/ Stevens,Krajicek/ Mektic,Atp Doubles,,,,,,,
2026-09-05T15:13:28.755442+00:00,12160162,Jebens/ Reyes-Varela,Granollers/ Zeballos,Atp Doubles,,,,,,,
2026-09-05T15:19:15.641188+00:00,12160451,Sakellaridis/ Stanke,Fernandez/ Ratti,Itf Men Doubles,,,,,,,
2026-09-05T15:19:16.701654+00:00,12160580,S. Jong,P. De Lange,Itf Men Singles,0.4667,1.14,0.8772,-0.4105,0,S. Jong,2026-09-05T16:13:04.300666+00:00
2026-09-05T15:19:17.777620+00:00,12160550,R. Faucon,E. Vasa,Itf Men Singles,0.4483,,,,1,E. Vasa,2026-09-05T16:13:04.642260+00:00
2026-09-05T15:19:18.856851+00:00,12160538,L. Berto,G. Bosio,Itf Men Singles,0.125,2.48,0.4032,-0.2782,1,G. Bosio,2026-09-05T17:11:42.505579+00:00
2026-09-05T15:19:19.946436+00:00,12160528,C. Werner,H. Klugman,Itf Women Singles,0.6436,2.24,0.4464,0.1972,0,H. Klugman,2026-09-05T16:13:05.328528+00:00
2026-09-05T15:19:21.039051+00:00,12160522,A. Knaff,R. Perot,Itf Men Singles,0.1658,3.52,0.2841,-0.1183,1,R. Perot,2026-09-05T17:11:43.036666+00:00
2026-09-05T15:19:22.139751+00:00,12160506,Breaz/ Todoni,Ogescu/ Varsa,Itf Women Doubles,,,,,,,
2026-09-05T15:19:23.207801+00:00,12160495,Vives Marcos/ Winter Lopez,Martos Gornes/ Walkow,Challenger Men Doubles,,,,,,,
2026-09-05T15:19:24.285136+00:00,12160482,F. Ferro,F. Pace,Itf Women Singles,0.7111,1.16,0.8621,-0.151,1,F. Ferro,2026-09-05T16:13:06.017952+00:00
2026-09-05T15:19:25.359572+00:00,12160471,F. Gandolfi,F. Trevisan,Itf Women Singles,0.7241,1.76,0.5682,0.156,0,F. Trevisan,2026-09-05T16:13:06.378043+00:00
2026-09-05T15:19:26.448285+00:00,12160456,M. Lajal,F. Balshaw,Challenger Men Singles,0.624,1.54,0.6494,-0.0254,0,F. Balshaw,2026-09-05T15:25:18.576571+00:00
2026-09-05T15:19:27.544357+00:00,12160454,J. P. Varillas,J. Clarke,Challenger Men Singles,0.5042,1.87,0.5348,-0.0306,1,J. P. Varillas,2026-09-05T17:17:32.858795+00:00
2026-09-05T15:19:28.646007+00:00,12160146,Demoliner/ Ho,Lammons/ Withrow,Atp Doubles,,,,,,,
2026-09-05T15:19:29.713602+00:00,12160439,M. Houkes,J. Loge,Itf Men Singles,0.6939,1.33,0.7519,-0.058,1,M. Houkes,2026-09-05T15:25:19.693595+00:00
2026-09-05T15:19:30.787384+00:00,12160407,J. Konishi Silva,A. Cruz,Itf Women Singles,,,,,,,
2026-09-05T15:19:31.866970+00:00,12160379,M. Keys,Q. Zheng,Wta Singles,0.7569,1.63,0.6135,0.1434,0,Q. Zheng,2026-09-05T18:14:12.354703+00:00
2026-09-05T15:19:32.956994+00:00,12160378,T. Fritz,F. Cerundolo,Atp Singles,0.637,1.16,0.8621,-0.225,0,F. Cerundolo,2026-09-05T20:12:59.351823+00:00
2026-09-05T15:19:34.045354+00:00,12160364,Fernandez/ Tjen,Routliffe/ Sutjiadi,Wta Doubles,,,,,,,
2026-09-05T15:19:35.158744+00:00,12160357,Perez/ Schuurs,Pridankina/ Tang,Wta Doubles,,,,,,,
2026-09-05T15:19:36.223875+00:00,12160295,A. Potapova,A. Anisimova,Wta Singles,0.2792,5.64,0.1773,0.1019,0,A. Potapova,2026-09-05T17:11:45.145346+00:00
2026-09-05T15:19:37.360524+00:00,12160170,Seggerman/ Trhac,Bhambri/ Venus,Atp Doubles,,,,,,,
2026-09-05T15:19:38.435746+00:00,12160169,Pieczonka/ Stevens,Krajicek/ Mektic,Atp Doubles,,,,,,,
2026-09-05T15:19:39.521480+00:00,12160162,Jebens/ Reyes-Varela,Granollers/ Zeballos,Atp Doubles,,,,,,,
2026-09-05T15:25:24.729322+00:00,12160451,Sakellaridis/ Stanke,Fernandez/ Ratti,Itf Men Doubles,,,,,,,
2026-09-05T15:25:25.834486+00:00,12160580,S. Jong,P. De Lange,Itf Men Singles,0.4667,1.14,0.8772,-0.4105,0,S. Jong,2026-09-05T16:13:08.110988+00:00
2026-09-05T15:25:26.919683+00:00,12160550,R. Faucon,E. Vasa,Itf Men Singles,0.4483,,,,1,E. Vasa,2026-09-05T16:13:08.452791+00:00
2026-09-05T15:25:28.011200+00:00,12160538,L. Berto,G. Bosio,Itf Men Singles,0.125,2.48,0.4032,-0.2782,1,G. Bosio,2026-09-05T17:11:45.675937+00:00
2026-09-05T15:25:29.095681+00:00,12160528,C. Werner,H. Klugman,Itf Women Singles,0.6436,2.24,0.4464,0.1972,0,H. Klugman,2026-09-05T16:13:09.137888+00:00
2026-09-05T15:25:30.168971+00:00,12160522,A. Knaff,R. Perot,Itf Men Singles,0.1658,3.52,0.2841,-0.1183,1,R. Perot,2026-09-05T17:11:46.196001+00:00
2026-09-05T15:25:31.268200+00:00,12160506,Breaz/ Todoni,Ogescu/ Varsa,Itf Women Doubles,,,,,,,
2026-09-05T15:25:32.365099+00:00,12160495,Vives Marcos/ Winter Lopez,Martos Gornes/ Walkow,Challenger Men Doubles,,,,,,,
2026-09-05T15:25:33.445381+00:00,12160482,F. Ferro,F. Pace,Itf Women Singles,0.7111,1.16,0.8621,-0.151,1,F. Ferro,2026-09-05T16:13:09.818492+00:00
2026-09-05T15:25:34.537755+00:00,12160471,F. Gandolfi,F. Trevisan,Itf Women Singles,0.7241,1.76,0.5682,0.156,0,F. Trevisan,2026-09-05T16:13:10.158689+00:00
2026-09-05T15:25:35.643627+00:00,12160456,M. Lajal,F. Balshaw,Challenger Men Singles,0.624,1.54,0.6494,-0.0254,0,F. Balshaw,2026-09-05T16:13:10.502701+00:00
2026-09-05T15:25:36.731953+00:00,12160454,J. P. Varillas,J. Clarke,Challenger Men Singles,0.5042,1.87,0.5348,-0.0306,1,J. P. Varillas,2026-09-05T17:17:34.465068+00:00
2026-09-05T15:25:37.821596+00:00,12160146,Demoliner/ Ho,Lammons/ Withrow,Atp Doubles,,,,,,,
2026-09-05T15:25:38.935036+00:00,12160439,M. Houkes,J. Loge,Itf Men Singles,0.6939,1.33,0.7519,-0.058,1,M. Houkes,2026-09-05T16:13:11.198025+00:00
2026-09-05T15:25:40.018211+00:00,12160407,J. Konishi Silva,A. Cruz,Itf Women Singles,,,,,,,
2026-09-05T15:25:41.118708+00:00,12160379,M. Keys,Q. Zheng,Wta Singles,0.7569,1.63,0.6135,0.1434,0,Q. Zheng,2026-09-05T18:14:13.211821+00:00
2026-09-05T15:25:42.208042+00:00,12160378,T. Fritz,F. Cerundolo,Atp Singles,0.637,1.16,0.8621,-0.225,0,F. Cerundolo,2026-09-05T20:12:59.925770+00:00
2026-09-05T15:25:43.277357+00:00,12160364,Fernandez/ Tjen,Routliffe/ Sutjiadi,Wta Doubles,,,,,,,
2026-09-05T15:25:44.365520+00:00,12160357,Perez/ Schuurs,Pridankina/ Tang,Wta Doubles,,,,,,,
2026-09-05T15:25:45.495676+00:00,12160295,A. Potapova,A. Anisimova,Wta Singles,0.2792,5.64,0.1773,0.1019,0,A. Potapova,2026-09-05T17:11:48.274666+00:00
2026-09-05T15:25:46.613652+00:00,12160170,Seggerman/ Trhac,Bhambri/ Venus,Atp Doubles,,,,,,,
2026-09-05T15:25:47.700933+00:00,12160169,Pieczonka/ Stevens,Krajicek/ Mektic,Atp Doubles,,,,,,,
2026-09-05T15:25:48.789285+00:00,12160162,Jebens/ Reyes-Varela,Granollers/ Zeballos,Atp Doubles,,,,,,,
2026-09-05T16:13:14.460303+00:00,12160379,M. Keys,Q. Zheng,Wta Singles,0.7569,1.65,0.6061,0.1509,0,Q. Zheng,2026-09-05T18:14:14.052007+00:00
2026-09-05T16:13:15.179178+00:00,12160538,L. Berto,G. Bosio,Itf Men Singles,0.125,2.5,0.4,-0.275,1,G. Bosio,2026-09-05T17:11:49.302334+00:00
2026-09-05T16:13:15.864228+00:00,12160528,C. Werner,H. Klugman,Itf Women Singles,0.6436,2.46,0.4065,0.2371,0,H. Klugman,2026-09-05T16:18:39.291235+00:00
2026-09-05T16:13:16.549694+00:00,12160522,A. Knaff,R. Perot,Itf Men Singles,0.1658,4.1,0.2439,-0.0781,1,R. Perot,2026-09-05T17:11:49.830968+00:00
2026-09-05T16:13:17.235324+00:00,12160498,K. Bennani,Y. Dlimi,Itf Men Singles,0.5279,1.9,0.5263,0.0016,1,K. Bennani,2026-09-05T17:11:50.345025+00:00
2026-09-05T16:13:17.919607+00:00,12160495,Vives Marcos/ Winter Lopez,Martos Gornes/ Walkow,Challenger Men Doubles,,,,,,,
2026-09-05T16:13:18.604533+00:00,12160494,Genov/ Ovcharenko,Aboian/ La Serna,Challenger Men Doubles,,,,,,,
2026-09-05T16:13:19.380903+00:00,12160493,L. Potenza,I. Montes-De La Torre,Challenger Men Singles,0.3059,,,,1,I. Montes-De La Torre,2026-09-05T19:11:26.950813+00:00
2026-09-05T16:13:20.068157+00:00,12160454,J. P. Varillas,J. Clarke,Challenger Men Singles,0.5042,1.81,0.5525,-0.0483,1,J. P. Varillas,2026-09-05T17:17:37.101544+00:00
2026-09-05T16:13:20.748990+00:00,12160146,Demoliner/ Ho,Lammons/ Withrow,Atp Doubles,,,,,,,
2026-09-05T16:13:21.458185+00:00,12160378,T. Fritz,F. Cerundolo,Atp Singles,0.637,1.15,0.8696,-0.2325,0,F. Cerundolo,2026-09-05T20:13:00.479930+00:00
2026-09-05T16:13:22.139639+00:00,12160364,Fernandez/ Tjen,Routliffe/ Sutjiadi,Wta Doubles,,,,,,,
2026-09-05T16:13:22.819523+00:00,12160357,Perez/ Schuurs,Pridankina/ Tang,Wta Doubles,,,,,,,
2026-09-05T16:13:23.520822+00:00,12160295,A. Potapova,A. Anisimova,Wta Singles,0.2792,5.55,0.1802,0.099,0,A. Potapova,2026-09-05T17:11:52.437569+00:00
2026-09-05T16:13:24.206348+00:00,12160170,Seggerman/ Trhac,Bhambri/ Venus,Atp Doubles,,,,,,,
2026-09-05T16:13:24.893140+00:00,12160169,Pieczonka/ Stevens,Krajicek/ Mektic,Atp Doubles,,,,,,,
2026-09-05T16:13:25.587031+00:00,12160162,Jebens/ Reyes-Varela,Granollers/ Zeballos,Atp Doubles,,,,,,,
2026-09-05T16:18:43.673869+00:00,12160454,J. P. Varillas,J. Clarke,Challenger Men Singles,0.5042,1.81,0.5525,-0.0483,1,J. P. Varillas,2026-09-05T17:17:38.152699+00:00
2026-09-05T16:18:44.356544+00:00,12160538,L. Berto,G. Bosio,Itf Men Singles,0.125,2.5,0.4,-0.275,1,G. Bosio,2026-09-05T17:11:53.538026+00:00
2026-09-05T16:18:45.052701+00:00,12160525,Moyano/ Romero,Cabezas Dominguez/ Navarro,Itf Women Doubles,,,,,,,
2026-09-05T16:18:45.742861+00:00,12160522,A. Knaff,R. Perot,Itf Men Singles,0.1658,4.1,0.2439,-0.0781,1,R. Perot,2026-09-05T17:11:54.069831+00:00
2026-09-05T16:18:46.426827+00:00,12160510,Brooks/ Rajecki,Fontenel/ Visscher,Itf Women Doubles,,,,,,,
2026-09-05T16:18:47.109731+00:00,12160498,K. Bennani,Y. Dlimi,Itf Men Singles,0.5279,1.9,0.5263,0.0016,1,K. Bennani,2026-09-05T17:11:54.648519+00:00
2026-09-05T16:18:47.836011+00:00,12160495,Vives Marcos/ Winter Lopez,Martos Gornes/ Walkow,Challenger Men Doubles,,,,,,,
2026-09-05T16:18:48.522211+00:00,12160494,Genov/ Ovcharenko,Aboian/ La Serna,Challenger Men Doubles,,,,,,,
2026-09-05T16:18:49.209128+00:00,12160493,L. Potenza,I. Montes-De La Torre,Challenger Men Singles,0.3059,,,,1,I. Montes-De La Torre,2026-09-05T19:11:28.046808+00:00
2026-09-05T16:18:49.894764+00:00,12160146,Demoliner/ Ho,Lammons/ Withrow,Atp Doubles,,,,,,,
2026-09-05T16:18:50.578916+00:00,12160379,M. Keys,Q. Zheng,Wta Singles,0.7569,1.65,0.6061,0.1509,0,Q. Zheng,2026-09-05T18:14:15.770274+00:00
2026-09-05T16:18:51.272435+00:00,12160378,T. Fritz,F. Cerundolo,Atp Singles,0.637,1.15,0.8696,-0.2325,0,F. Cerundolo,2026-09-05T20:13:01.054654+00:00
2026-09-05T16:18:51.949796+00:00,12160364,Fernandez/ Tjen,Routliffe/ Sutjiadi,Wta Doubles,,,,,,,
2026-09-05T16:18:52.633626+00:00,12160357,Perez/ Schuurs,Pridankina/ Tang,Wta Doubles,,,,,,,
2026-09-05T16:18:53.316400+00:00,12160295,A. Potapova,A. Anisimova,Wta Singles,0.2792,5.55,0.1802,0.099,0,A. Potapova,2026-09-05T17:11:56.769231+00:00
2026-09-05T16:18:54.040097+00:00,12160170,Seggerman/ Trhac,Bhambri/ Venus,Atp Doubles,,,,,,,
2026-09-05T16:18:54.724935+00:00,12160169,Pieczonka/ Stevens,Krajicek/ Mektic,Atp Doubles,,,,,,,
2026-09-05T16:18:55.402067+00:00,12160162,Jebens/ Reyes-Varela,Granollers/ Zeballos,Atp Doubles,,,,,,,
2026-09-05T16:24:15.389825+00:00,12160454,J. P. Varillas,J. Clarke,Challenger Men Singles,0.5042,1.81,0.5525,-0.0483,1,J. P. Varillas,2026-09-05T17:17:40.335551+00:00
2026-09-05T16:24:16.069403+00:00,12160582,Fernandez/ Ratti,Vasa/ Vasa,Itf Men Doubles,,,,,,,
2026-09-05T16:24:16.751443+00:00,12160538,L. Berto,G. Bosio,Itf Men Singles,0.125,2.5,0.4,-0.275,1,G. Bosio,2026-09-05T17:11:57.846064+00:00
2026-09-05T16:24:17.433334+00:00,12160525,Moyano/ Romero,Cabezas Dominguez/ Navarro,Itf Women Doubles,,,,,,,
2026-09-05T16:24:18.122976+00:00,12160522,A. Knaff,R. Perot,Itf Men Singles,0.1658,4.1,0.2439,-0.0781,1,R. Perot,2026-09-05T17:11:58.370441+00:00
2026-09-05T16:24:18.803657+00:00,12160510,Brooks/ Rajecki,Fontenel/ Visscher,Itf Women Doubles,,,,,,,
2026-09-05T16:24:19.495333+00:00,12160498,K. Bennani,Y. Dlimi,Itf Men Singles,0.5279,1.9,0.5263,0.0016,1,K. Bennani,2026-09-05T17:11:58.910832+00:00
2026-09-05T16:24:20.177154+00:00,12160495,Vives Marcos/ Winter Lopez,Martos Gornes/ Walkow,Challenger Men Doubles,,,,,,,
2026-09-05T16:24:20.854651+00:00,12160494,Genov/ Ovcharenko,Aboian/ La Serna,Challenger Men Doubles,,,,,,,
2026-09-05T16:24:21.538099+00:00,12160493,L. Potenza,I. Montes-De La Torre,Challenger Men Singles,0.3059,,,,1,I. Montes-De La Torre,2026-09-05T19:11:29.130862+00:00
2026-09-05T16:24:22.227033+00:00,12160146,Demoliner/ Ho,Lammons/ Withrow,Atp Doubles,,,,,,,
2026-09-05T16:24:22.911074+00:00,12160379,M. Keys,Q. Zheng,Wta Singles,0.7569,1.65,0.6061,0.1509,0,Q. Zheng,2026-09-05T18:14:17.030300+00:00
2026-09-05T16:24:23.598515+00:00,12160378,T. Fritz,F. Cerundolo,Atp Singles,0.637,1.15,0.8696,-0.2325,0,F. Cerundolo,2026-09-05T20:13:01.574178+00:00
2026-09-05T16:24:24.281568+00:00,12160364,Fernandez/ Tjen,Routliffe/ Sutjiadi,Wta Doubles,,,,,,,
2026-09-05T16:24:24.962160+00:00,12160357,Perez/ Schuurs,Pridankina/ Tang,Wta Doubles,,,,,,,
2026-09-05T16:24:25.678879+00:00,12160295,A. Potapova,A. Anisimova,Wta Singles,0.2792,5.55,0.1802,0.099,0,A. Potapova,2026-09-05T17:12:01.029431+00:00
2026-09-05T16:24:26.363375+00:00,12160170,Seggerman/ Trhac,Bhambri/ Venus,Atp Doubles,,,,,,,
2026-09-05T16:24:27.040859+00:00,12160169,Pieczonka/ Stevens,Krajicek/ Mektic,Atp Doubles,,,,,,,
2026-09-05T16:24:27.726912+00:00,12160162,Jebens/ Reyes-Varela,Granollers/ Zeballos,Atp Doubles,,,,,,,
2026-09-05T17:12:04.342263+00:00,12160454,J. P. Varillas,J. Clarke,Challenger Men Singles,0.5042,1.81,0.5525,-0.0483,1,J. P. Varillas,2026-09-05T17:17:42.475205+00:00
2026-09-05T17:12:05.378121+00:00,12160540,Corwin/ Schachter,Aguilar Cardozo/ Del Pino,Itf Men Doubles,,,,,,,
2026-09-05T17:12:06.442939+00:00,12160537,Chwalinska/ Linette,Bondar/ Kalinina,Wta Doubles,,,,,,,
2026-09-05T17:12:07.545725+00:00,12160525,Moyano/ Romero,Cabezas Dominguez/ Navarro,Itf Women Doubles,,,,,,,
2026-09-05T17:12:08.598124+00:00,12160510,Brooks/ Rajecki,Fontenel/ Visscher,Itf Women Doubles,,,,,,,
2026-09-05T17:12:09.643695+00:00,12160501,Jong/ Muller,Visser/ Wagenaar,Itf Men Doubles,,,,,,,
2026-09-05T17:12:10.792161+00:00,12160498,K. Bennani,Y. Dlimi,Itf Men Singles,0.5279,1.9,0.5263,0.0016,1,K. Bennani,2026-09-05T17:17:42.993084+00:00
2026-09-05T17:12:11.833749+00:00,12160495,Vives Marcos/ Winter Lopez,Martos Gornes/ Walkow,Challenger Men Doubles,,,,,,,
2026-09-05T17:12:12.896186+00:00,12160494,Genov/ Ovcharenko,Aboian/ La Serna,Challenger Men Doubles,,,,,,,
2026-09-05T17:12:13.970226+00:00,12160493,L. Potenza,I. Montes-De La Torre,Challenger Men Singles,0.3059,,,,1,I. Montes-De La Torre,2026-09-05T19:11:30.237999+00:00
2026-09-05T17:12:15.028760+00:00,12160146,Demoliner/ Ho,Lammons/ Withrow,Atp Doubles,,,,,,,
2026-09-05T17:12:16.068076+00:00,12160418,M. Andreeva,N. Bartunkova,Wta Singles,0.7934,1.24,0.8065,-0.013,1,M. Andreeva,2026-09-05T19:11:30.773453+00:00
2026-09-05T17:12:17.558792+00:00,12160411,Neel/ Olmos,Shibahara/ Tararudee,Wta Doubles,,,,,,,
2026-09-05T17:12:18.666940+00:00,12160410,Siniakova/ Townsend,Wang/ Xu,Wta Doubles,,,,,,,
2026-09-05T17:12:19.724921+00:00,12160379,M. Keys,Q. Zheng,Wta Singles,0.7569,1.65,0.6061,0.1509,0,Q. Zheng,2026-09-05T18:14:18.660940+00:00
2026-09-05T17:12:20.833113+00:00,12160378,T. Fritz,F. Cerundolo,Atp Singles,0.637,1.15,0.8696,-0.2325,0,F. Cerundolo,2026-09-05T20:13:02.148034+00:00
2026-09-05T17:12:21.895698+00:00,12160376,A. Blockx,F. Cobolli,Atp Singles,0.2729,2.0,0.5,-0.2271,0,A. Blockx,2026-09-05T20:13:02.732565+00:00
2026-09-05T17:12:22.931709+00:00,12160357,Perez/ Schuurs,Pridankina/ Tang,Wta Doubles,,,,,,,
2026-09-05T17:12:23.967604+00:00,12160167,Bublik/ Shang,Baez/ Marozsan,Atp Doubles,,,,,,,
2026-09-05T17:12:25.030242+00:00,12160147,Alvarez/ Johnston,Schnaitter/ Wallner,Atp Doubles,,,,,,,
2026-09-05T17:17:48.980485+00:00,12160454,J. P. Varillas,J. Clarke,Challenger Men Singles,0.5042,1.81,0.5525,-0.0483,1,J. P. Varillas,2026-09-05T17:23:24.525260+00:00
2026-09-05T17:17:50.112558+00:00,12160540,Corwin/ Schachter,Aguilar Cardozo/ Del Pino,Itf Men Doubles,,,,,,,
2026-09-05T17:17:51.182108+00:00,12160537,Chwalinska/ Linette,Bondar/ Kalinina,Wta Doubles,,,,,,,
2026-09-05T17:17:52.261790+00:00,12160525,Moyano/ Romero,Cabezas Dominguez/ Navarro,Itf Women Doubles,,,,,,,
2026-09-05T17:17:53.307185+00:00,12160521,Coppez/ Horvit,Barth/ Groen,Itf Women Doubles,,,,,,,
2026-09-05T17:17:54.360985+00:00,12160510,Brooks/ Rajecki,Fontenel/ Visscher,Itf Women Doubles,,,,,,,
2026-09-05T17:17:55.462395+00:00,12160501,Jong/ Muller,Visser/ Wagenaar,Itf Men Doubles,,,,,,,
2026-09-05T17:17:56.498837+00:00,12160498,K. Bennani,Y. Dlimi,Itf Men Singles,0.5279,1.9,0.5263,0.0016,1,K. Bennani,2026-09-05T17:23:25.038050+00:00
2026-09-05T17:17:57.575603+00:00,12160494,Genov/ Ovcharenko,Aboian/ La Serna,Challenger Men Doubles,,,,,,,
2026-09-05T17:17:58.649746+00:00,12160493,L. Potenza,I. Montes-De La Torre,Challenger Men Singles,0.3059,,,,1,I. Montes-De La Torre,2026-09-05T19:11:32.494160+00:00
2026-09-05T17:17:59.696849+00:00,12160146,Demoliner/ Ho,Lammons/ Withrow,Atp Doubles,,,,,,,
2026-09-05T17:18:00.799239+00:00,12160418,M. Andreeva,N. Bartunkova,Wta Singles,0.7934,1.24,0.8065,-0.013,1,M. Andreeva,2026-09-05T19:11:33.044234+00:00
2026-09-05T17:18:02.037632+00:00,12160411,Neel/ Olmos,Shibahara/ Tararudee,Wta Doubles,,,,,,,
2026-09-05T17:18:03.080194+00:00,12160410,Siniakova/ Townsend,Wang/ Xu,Wta Doubles,,,,,,,
2026-09-05T17:18:04.142045+00:00,12160379,M. Keys,Q. Zheng,Wta Singles,0.7569,1.65,0.6061,0.1509,0,Q. Zheng,2026-09-05T18:14:20.741785+00:00
2026-09-05T17:18:05.249874+00:00,12160378,T. Fritz,F. Cerundolo,Atp Singles,0.637,1.15,0.8696,-0.2325,0,F. Cerundolo,2026-09-05T20:13:03.298016+00:00
2026-09-05T17:18:06.307839+00:00,12160376,A. Blockx,F. Cobolli,Atp Singles,0.2729,2.0,0.5,-0.2271,0,A. Blockx,2026-09-05T20:13:03.822716+00:00
2026-09-05T17:18:07.342941+00:00,12160357,Perez/ Schuurs,Pridankina/ Tang,Wta Doubles,,,,,,,
2026-09-05T17:18:08.401416+00:00,12160167,Bublik/ Shang,Baez/ Marozsan,Atp Doubles,,,,,,,
2026-09-05T17:18:09.457206+00:00,12160147,Alvarez/ Johnston,Schnaitter/ Wallner,Atp Doubles,,,,,,,
2026-09-05T17:23:31.020670+00:00,12160418,M. Andreeva,N. Bartunkova,Wta Singles,0.7934,1.24,0.8065,-0.013,1,M. Andreeva,2026-09-05T19:11:34.748757+00:00
2026-09-05T17:23:32.256667+00:00,12160540,Corwin/ Schachter,Aguilar Cardozo/ Del Pino,Itf Men Doubles,,,,,,,
2026-09-05T17:23:33.320639+00:00,12160537,Chwalinska/ Linette,Bondar/ Kalinina,Wta Doubles,,,,,,,
2026-09-05T17:23:34.359192+00:00,12160525,Moyano/ Romero,Cabezas Dominguez/ Navarro,Itf Women Doubles,,,,,,,
2026-09-05T17:23:35.400033+00:00,12160521,Coppez/ Horvit,Barth/ Groen,Itf Women Doubles,,,,,,,
2026-09-05T17:23:36.433523+00:00,12160510,Brooks/ Rajecki,Fontenel/ Visscher,Itf Women Doubles,,,,,,,
2026-09-05T17:23:37.599303+00:00,12160501,Jong/ Muller,Visser/ Wagenaar,Itf Men Doubles,,,,,,,
2026-09-05T17:23:38.664527+00:00,12160494,Genov/ Ovcharenko,Aboian/ La Serna,Challenger Men Doubles,,,,,,,
2026-09-05T17:23:39.723279+00:00,12160493,L. Potenza,I. Montes-De La Torre,Challenger Men Singles,0.3059,,,,1,I. Montes-De La Torre,2026-09-05T19:11:35.296889+00:00
2026-09-05T17:23:40.768676+00:00,12160454,J. P. Varillas,J. Clarke,Challenger Men Singles,0.5042,1.81,0.5525,-0.0483,1,J. P. Varillas,2026-09-05T18:14:22.859523+00:00
2026-09-05T17:23:41.818950+00:00,12160146,Demoliner/ Ho,Lammons/ Withrow,Atp Doubles,,,,,,,
2026-09-05T17:23:42.916443+00:00,12160411,Neel/ Olmos,Shibahara/ Tararudee,Wta Doubles,,,,,,,
2026-09-05T17:23:43.969269+00:00,12160410,Siniakova/ Townsend,Wang/ Xu,Wta Doubles,,,,,,,
2026-09-05T17:23:45.024142+00:00,12160379,M. Keys,Q. Zheng,Wta Singles,0.7569,1.65,0.6061,0.1509,0,Q. Zheng,2026-09-05T18:14:23.267943+00:00
2026-09-05T17:23:46.127477+00:00,12160378,T. Fritz,F. Cerundolo,Atp Singles,0.637,1.15,0.8696,-0.2325,0,F. Cerundolo,2026-09-05T20:13:04.352921+00:00
2026-09-05T17:23:47.178224+00:00,12160376,A. Blockx,F. Cobolli,Atp Singles,0.2729,2.0,0.5,-0.2271,0,A. Blockx,2026-09-05T20:13:04.871454+00:00
2026-09-05T17:23:48.211285+00:00,12160357,Perez/ Schuurs,Pridankina/ Tang,Wta Doubles,,,,,,,
2026-09-05T17:23:49.258913+00:00,12160167,Bublik/ Shang,Baez/ Marozsan,Atp Doubles,,,,,,,
2026-09-05T17:23:50.311428+00:00,12160147,Alvarez/ Johnston,Schnaitter/ Wallner,Atp Doubles,,,,,,,
2026-09-05T18:14:26.686953+00:00,12160411,Neel/ Olmos,Shibahara/ Tararudee,Wta Doubles,,,,,,,
2026-09-05T18:14:27.490514+00:00,12160540,Corwin/ Schachter,Aguilar Cardozo/ Del Pino,Itf Men Doubles,,,,,,,
2026-09-05T18:14:28.345214+00:00,12160537,Chwalinska/ Linette,Bondar/ Kalinina,Wta Doubles,,,,,,,
2026-09-05T18:14:29.164021+00:00,12160521,Coppez/ Horvit,Barth/ Groen,Itf Women Doubles,,,,,,,
2026-09-05T18:14:29.966658+00:00,12160501,Jong/ Muller,Visser/ Wagenaar,Itf Men Doubles,,,,,,,
2026-09-05T18:14:30.769709+00:00,12160493,L. Potenza,I. Montes-De La Torre,Challenger Men Singles,0.3059,,,,1,I. Montes-De La Torre,2026-09-05T19:11:36.929578+00:00
2026-09-05T18:14:31.580208+00:00,12160492,J. Nikles,M. Dodig,Challenger Men Singles,0.3402,5.02,0.1992,0.141,1,M. Dodig,2026-09-05T19:11:37.469945+00:00
2026-09-05T18:14:32.367054+00:00,12160457,Ingildsen/ Poulsen Brostrom,Barroso Campos/ Vega Hernandez,Challenger Men Doubles,,,,,,,
2026-09-05T18:14:33.179638+00:00,12160418,M. Andreeva,N. Bartunkova,Wta Singles,0.7934,1.24,0.8065,-0.013,1,M. Andreeva,2026-09-05T19:11:38.009034+00:00
2026-09-05T18:14:34.180600+00:00,12160147,Alvarez/ Johnston,Schnaitter/ Wallner,Atp Doubles,,,,,,,
2026-09-05T18:14:34.981069+00:00,12160410,Siniakova/ Townsend,Wang/ Xu,Wta Doubles,,,,,,,
2026-09-05T18:14:35.789674+00:00,12160378,T. Fritz,F. Cerundolo,Atp Singles,0.637,1.15,0.8696,-0.2325,0,F. Cerundolo,2026-09-05T20:13:05.451217+00:00
2026-09-05T18:14:36.586440+00:00,12160376,A. Blockx,F. Cobolli,Atp Singles,0.2729,2.0,0.5,-0.2271,0,A. Blockx,2026-09-05T20:13:05.973083+00:00
2026-09-05T18:14:37.394277+00:00,12160356,Kempen/ Panova,Hunter/ Krawczyk,Wta Doubles,,,,,,,
2026-09-05T18:14:38.252532+00:00,12160296,I. Swiatek,M. Bouzkova,Wta Singles,0.7329,1.2,0.8333,-0.1005,1,I. Swiatek,2026-09-05T21:12:15.977422+00:00
2026-09-05T18:14:39.054805+00:00,12160172,Reynolds/ Watt,Andreozzi/ Guinard,Atp Doubles,,,,,,,
2026-09-05T18:14:39.905767+00:00,12160166,Reymond/ Sanchez,Harrison/ Skupski,Atp Doubles,,,,,,,
2026-09-05T18:19:56.477279+00:00,12160411,Neel/ Olmos,Shibahara/ Tararudee,Wta Doubles,,,,,,,
2026-09-05T18:19:57.280005+00:00,12160540,Corwin/ Schachter,Aguilar Cardozo/ Del Pino,Itf Men Doubles,,,,,,,
2026-09-05T18:19:58.090566+00:00,12160537,Chwalinska/ Linette,Bondar/ Kalinina,Wta Doubles,,,,,,,
2026-09-05T18:19:58.905137+00:00,12160521,Coppez/ Horvit,Barth/ Groen,Itf Women Doubles,,,,,,,
2026-09-05T18:19:59.713114+00:00,12160501,Jong/ Muller,Visser/ Wagenaar,Itf Men Doubles,,,,,,,
2026-09-05T18:20:00.522256+00:00,12160493,L. Potenza,I. Montes-De La Torre,Challenger Men Singles,0.3059,,,,1,I. Montes-De La Torre,2026-09-05T19:11:40.187065+00:00
2026-09-05T18:20:01.338774+00:00,12160492,J. Nikles,M. Dodig,Challenger Men Singles,0.3402,5.02,0.1992,0.141,1,M. Dodig,2026-09-05T19:11:40.745388+00:00
2026-09-05T18:20:02.135753+00:00,12160457,Ingildsen/ Poulsen Brostrom,Barroso Campos/ Vega Hernandez,Challenger Men Doubles,,,,,,,
2026-09-05T18:20:02.971598+00:00,12160418,M. Andreeva,N. Bartunkova,Wta Singles,0.7934,1.24,0.8065,-0.013,1,M. Andreeva,2026-09-05T19:11:41.279734+00:00
2026-09-05T18:20:03.881886+00:00,12160147,Alvarez/ Johnston,Schnaitter/ Wallner,Atp Doubles,,,,,,,
2026-09-05T18:20:04.697577+00:00,12160410,Siniakova/ Townsend,Wang/ Xu,Wta Doubles,,,,,,,
2026-09-05T18:20:05.537498+00:00,12160378,T. Fritz,F. Cerundolo,Atp Singles,0.637,1.15,0.8696,-0.2325,0,F. Cerundolo,2026-09-05T20:13:07.012164+00:00
2026-09-05T18:20:06.354835+00:00,12160376,A. Blockx,F. Cobolli,Atp Singles,0.2729,2.0,0.5,-0.2271,0,A. Blockx,2026-09-05T20:13:07.563226+00:00
2026-09-05T18:20:07.144037+00:00,12160356,Kempen/ Panova,Hunter/ Krawczyk,Wta Doubles,,,,,,,
2026-09-05T18:20:07.944172+00:00,12160296,I. Swiatek,M. Bouzkova,Wta Singles,0.7329,1.2,0.8333,-0.1005,1,I. Swiatek,2026-09-05T21:12:16.581322+00:00
2026-09-05T18:20:08.738289+00:00,12160172,Reynolds/ Watt,Andreozzi/ Guinard,Atp Doubles,,,,,,,
2026-09-05T18:20:09.571842+00:00,12160166,Reymond/ Sanchez,Harrison/ Skupski,Atp Doubles,,,,,,,
2026-09-05T18:25:28.974306+00:00,12160147,Alvarez/ Johnston,Schnaitter/ Wallner,Atp Doubles,,,,,,,
2026-09-05T18:25:29.767677+00:00,12160166,Reymond/ Sanchez,Harrison/ Skupski,Atp Doubles,,,,,,,
2026-09-05T18:25:30.564131+00:00,12160172,Reynolds/ Watt,Andreozzi/ Guinard,Atp Doubles,,,,,,,
2026-09-05T18:25:31.381985+00:00,12160296,I. Swiatek,M. Bouzkova,Wta Singles,0.7329,1.2,0.8333,-0.1005,1,I. Swiatek,2026-09-05T21:12:17.130989+00:00
2026-09-05T18:25:32.218052+00:00,12160356,Kempen/ Panova,Hunter/ Krawczyk,Wta Doubles,,,,,,,
2026-09-05T18:25:33.025080+00:00,12160376,A. Blockx,F. Cobolli,Atp Singles,0.2729,2.0,0.5,-0.2271,0,A. Blockx,2026-09-05T20:13:09.144388+00:00
2026-09-05T18:25:33.829535+00:00,12160378,T. Fritz,F. Cerundolo,Atp Singles,0.637,1.15,0.8696,-0.2325,0,F. Cerundolo,2026-09-05T20:13:09.674011+00:00
2026-09-05T18:25:34.646784+00:00,12160410,Siniakova/ Townsend,Wang/ Xu,Wta Doubles,,,,,,,
2026-09-05T18:25:35.462522+00:00,12160411,Neel/ Olmos,Shibahara/ Tararudee,Wta Doubles,,,,,,,
2026-09-05T18:25:36.296966+00:00,12160418,M. Andreeva,N. Bartunkova,Wta Singles,0.7934,1.24,0.8065,-0.013,1,M. Andreeva,2026-09-05T19:11:45.103095+00:00
2026-09-05T18:25:37.290884+00:00,12160457,Ingildsen/ Poulsen Brostrom,Barroso Campos/ Vega Hernandez,Challenger Men Doubles,,,,,,,
2026-09-05T18:25:38.254303+00:00,12160492,J. Nikles,M. Dodig,Challenger Men Singles,0.3402,5.02,0.1992,0.141,1,M. Dodig,2026-09-05T19:11:45.660236+00:00
2026-09-05T18:25:39.281350+00:00,12160493,L. Potenza,I. Montes-De La Torre,Challenger Men Singles,0.3059,,,,1,I. Montes-De La Torre,2026-09-05T19:11:46.202163+00:00
2026-09-05T18:25:40.076922+00:00,12160521,Coppez/ Horvit,Barth/ Groen,Itf Women Doubles,,,,,,,
2026-09-05T18:25:40.883277+00:00,12160537,Chwalinska/ Linette,Bondar/ Kalinina,Wta Doubles,,,,,,,
2026-09-05T19:11:49.642635+00:00,12160161,Doumbia/ Reboul,Stevenson/ Willis,Atp Doubles,,,,,,,
2026-09-05T19:11:50.733876+00:00,12160166,Reymond/ Sanchez,Harrison/ Skupski,Atp Doubles,,,,,,,
2026-09-05T19:11:51.813189+00:00,12160296,I. Swiatek,M. Bouzkova,Wta Singles,0.7329,1.2,0.8333,-0.1005,1,I. Swiatek,2026-09-05T21:12:17.680711+00:00
2026-09-05T19:11:52.920081+00:00,12160356,Kempen/ Panova,Hunter/ Krawczyk,Wta Doubles,,,,,,,
2026-09-05T19:11:54.001306+00:00,12160376,A. Blockx,F. Cobolli,Atp Singles,0.2729,2.0,0.5,-0.2271,0,A. Blockx,2026-09-05T20:13:10.750059+00:00
2026-09-05T19:11:55.097943+00:00,12160377,L. Darderi,D. Sweeny,Atp Singles,0.8113,1.29,0.7752,0.0361,1,L. Darderi,2026-09-05T21:23:26.033366+00:00
2026-09-05T19:11:56.429808+00:00,12160378,T. Fritz,F. Cerundolo,Atp Singles,0.637,1.15,0.8696,-0.2325,0,F. Cerundolo,2026-09-05T20:13:11.810970+00:00
2026-09-05T19:11:57.533145+00:00,12160408,K. Khachanov,B. Bonzi,Atp Singles,0.6155,1.49,0.6711,-0.0557,1,K. Khachanov,2026-09-05T21:17:52.522458+00:00
2026-09-05T19:11:58.610319+00:00,12160409,Uchijima/ Wang,Montgomery/ Krueger,Wta Doubles,,,,,,,
2026-09-05T19:11:59.699386+00:00,12160411,Neel/ Olmos,Shibahara/ Tararudee,Wta Doubles,,,,,,,
2026-09-05T19:12:00.776721+00:00,12160414,Napoli da Silveira/ Schenekenberg,Noatto/ Santos Gava,Itf Men Doubles,,,,,,,
2026-09-05T19:12:01.868169+00:00,12160457,Ingildsen/ Poulsen Brostrom,Barroso Campos/ Vega Hernandez,Challenger Men Doubles,,,,,,,
2026-09-05T19:12:02.937831+00:00,12160537,Chwalinska/ Linette,Bondar/ Kalinina,Wta Doubles,,,,,,,
2026-09-05T19:12:04.032122+00:00,12160539,C. M. Zarate,L. Gagliardo,Itf Men Singles,0.8581,,,,1,C. M. Zarate,2026-09-05T20:24:10.988378+00:00
2026-09-05T19:12:05.355477+00:00,12160602,Fery/ Paris,Chandrasekar/ Liutarevich,Atp Doubles,,,,,,,
2026-09-05T19:17:27.576805+00:00,12160161,Doumbia/ Reboul,Stevenson/ Willis,Atp Doubles,,,,,,,
2026-09-05T19:17:28.671535+00:00,12160296,I. Swiatek,M. Bouzkova,Wta Singles,0.7329,1.2,0.8333,-0.1005,1,I. Swiatek,2026-09-05T21:12:19.357863+00:00
2026-09-05T19:17:29.746925+00:00,12160356,Kempen/ Panova,Hunter/ Krawczyk,Wta Doubles,,,,,,,
2026-09-05T19:17:30.840937+00:00,12160376,A. Blockx,F. Cobolli,Atp Singles,0.2729,2.0,0.5,-0.2271,0,A. Blockx,2026-09-05T20:13:13.889652+00:00
2026-09-05T19:17:31.923409+00:00,12160377,L. Darderi,D. Sweeny,Atp Singles,0.8113,1.29,0.7752,0.0361,1,L. Darderi,2026-09-05T21:23:26.583814+00:00
2026-09-05T19:17:33.273809+00:00,12160378,T. Fritz,F. Cerundolo,Atp Singles,0.637,1.15,0.8696,-0.2325,0,F. Cerundolo,2026-09-05T20:13:14.995043+00:00
2026-09-05T19:17:34.352463+00:00,12160408,K. Khachanov,B. Bonzi,Atp Singles,0.6155,1.49,0.6711,-0.0557,1,K. Khachanov,2026-09-05T21:17:53.702067+00:00
2026-09-05T19:17:35.443827+00:00,12160409,Uchijima/ Wang,Montgomery/ Krueger,Wta Doubles,,,,,,,
2026-09-05T19:17:36.521773+00:00,12160411,Neel/ Olmos,Shibahara/ Tararudee,Wta Doubles,,,,,,,
2026-09-05T19:17:37.640662+00:00,12160414,Napoli da Silveira/ Schenekenberg,Noatto/ Santos Gava,Itf Men Doubles,,,,,,,
2026-09-05T19:17:38.712951+00:00,12160457,Ingildsen/ Poulsen Brostrom,Barroso Campos/ Vega Hernandez,Challenger Men Doubles,,,,,,,
2026-09-05T19:17:39.813264+00:00,12160539,C. M. Zarate,L. Gagliardo,Itf Men Singles,0.8581,,,,1,C. M. Zarate,2026-09-05T20:24:13.074725+00:00
2026-09-05T19:17:41.121336+00:00,12160602,Fery/ Paris,Chandrasekar/ Liutarevich,Atp Doubles,,,,,,,
2026-09-05T19:23:06.960345+00:00,12160161,Doumbia/ Reboul,Stevenson/ Willis,Atp Doubles,,,,,,,
2026-09-05T19:23:08.041477+00:00,12160168,Milavsky/ Shick,Cabral/ Tracy,Atp Doubles,,,,,,,
2026-09-05T19:23:09.126499+00:00,12160296,I. Swiatek,M. Bouzkova,Wta Singles,0.7329,1.2,0.8333,-0.1005,1,I. Swiatek,2026-09-05T21:12:20.999576+00:00
2026-09-05T19:23:10.197953+00:00,12160356,Kempen/ Panova,Hunter/ Krawczyk,Wta Doubles,,,,,,,
2026-09-05T19:23:11.277622+00:00,12160376,A. Blockx,F. Cobolli,Atp Singles,0.2729,2.0,0.5,-0.2271,0,A. Blockx,2026-09-05T20:13:17.128484+00:00
2026-09-05T19:23:12.361847+00:00,12160377,L. Darderi,D. Sweeny,Atp Singles,0.8113,1.29,0.7752,0.0361,1,L. Darderi,2026-09-05T21:23:27.133494+00:00
2026-09-05T19:23:13.700519+00:00,12160378,T. Fritz,F. Cerundolo,Atp Singles,0.637,1.15,0.8696,-0.2325,0,F. Cerundolo,2026-09-05T20:13:18.175061+00:00
2026-09-05T19:23:14.774923+00:00,12160408,K. Khachanov,B. Bonzi,Atp Singles,0.6155,1.49,0.6711,-0.0557,1,K. Khachanov,2026-09-05T21:17:54.798644+00:00
2026-09-05T19:23:15.853002+00:00,12160409,Uchijima/ Wang,Montgomery/ Krueger,Wta Doubles,,,,,,,
2026-09-05T19:23:16.922819+00:00,12160411,Neel/ Olmos,Shibahara/ Tararudee,Wta Doubles,,,,,,,
2026-09-05T19:23:17.994256+00:00,12160414,Napoli da Silveira/ Schenekenberg,Noatto/ Santos Gava,Itf Men Doubles,,,,,,,
2026-09-05T19:23:19.084608+00:00,12160457,Ingildsen/ Poulsen Brostrom,Barroso Campos/ Vega Hernandez,Challenger Men Doubles,,,,,,,
2026-09-05T19:23:20.178608+00:00,12160539,C. M. Zarate,L. Gagliardo,Itf Men Singles,0.8581,,,,1,C. M. Zarate,2026-09-05T20:24:15.225957+00:00
2026-09-05T19:23:21.486458+00:00,12160602,Fery/ Paris,Chandrasekar/ Liutarevich,Atp Doubles,,,,,,,
2026-09-05T20:13:22.638238+00:00,12160161,Doumbia/ Reboul,Stevenson/ Willis,Atp Doubles,,,,,,,
2026-09-05T20:13:23.688756+00:00,12160168,Milavsky/ Shick,Cabral/ Tracy,Atp Doubles,,,,,,,
2026-09-05T20:13:24.717617+00:00,12160173,Johnson/ Zielinski,Arevalo/ Pavic,Atp Doubles,,,,,,,
2026-09-05T20:13:25.771427+00:00,12160296,I. Swiatek,M. Bouzkova,Wta Singles,0.7329,1.2,0.8333,-0.1005,1,I. Swiatek,2026-09-05T21:12:22.645415+00:00
2026-09-05T20:13:26.893502+00:00,12160356,Kempen/ Panova,Hunter/ Krawczyk,Wta Doubles,,,,,,,
2026-09-05T20:13:27.956498+00:00,12160377,L. Darderi,D. Sweeny,Atp Singles,0.8113,1.29,0.7752,0.0361,1,L. Darderi,2026-09-05T21:23:27.742763+00:00
2026-09-05T20:13:29.300766+00:00,12160408,K. Khachanov,B. Bonzi,Atp Singles,0.6155,1.49,0.6711,-0.0557,1,K. Khachanov,2026-09-05T21:17:55.888498+00:00
2026-09-05T20:13:30.333202+00:00,12160409,Uchijima/ Wang,Montgomery/ Krueger,Wta Doubles,,,,,,,
2026-09-05T20:13:31.370626+00:00,12160414,Napoli da Silveira/ Schenekenberg,Noatto/ Santos Gava,Itf Men Doubles,,,,,,,
2026-09-05T20:13:32.449066+00:00,12160419,C. Bucsa,C. Gauff,Wta Singles,0.1597,16.05,0.0623,0.0974,1,C. Gauff,2026-09-05T21:17:56.452538+00:00
2026-09-05T20:13:33.565182+00:00,12160602,Fery/ Paris,Chandrasekar/ Liutarevich,Atp Doubles,,,,,,,
2026-09-05T20:18:51.805057+00:00,12160161,Doumbia/ Reboul,Stevenson/ Willis,Atp Doubles,,,,,,,
2026-09-05T20:18:52.885152+00:00,12160168,Milavsky/ Shick,Cabral/ Tracy,Atp Doubles,,,,,,,
2026-09-05T20:18:53.991063+00:00,12160173,Johnson/ Zielinski,Arevalo/ Pavic,Atp Doubles,,,,,,,
2026-09-05T20:18:55.029337+00:00,12160296,I. Swiatek,M. Bouzkova,Wta Singles,0.7329,1.2,0.8333,-0.1005,1,I. Swiatek,2026-09-05T21:12:24.853499+00:00
2026-09-05T20:18:56.138120+00:00,12160356,Kempen/ Panova,Hunter/ Krawczyk,Wta Doubles,,,,,,,
2026-09-05T20:18:57.248813+00:00,12160377,L. Darderi,D. Sweeny,Atp Singles,0.8113,1.29,0.7752,0.0361,1,L. Darderi,2026-09-05T21:23:28.292766+00:00
2026-09-05T20:18:58.515477+00:00,12160408,K. Khachanov,B. Bonzi,Atp Singles,0.6155,1.49,0.6711,-0.0557,1,K. Khachanov,2026-09-05T21:17:57.528371+00:00
2026-09-05T20:18:59.559541+00:00,12160409,Uchijima/ Wang,Montgomery/ Krueger,Wta Doubles,,,,,,,
2026-09-05T20:19:00.613396+00:00,12160414,Napoli da Silveira/ Schenekenberg,Noatto/ Santos Gava,Itf Men Doubles,,,,,,,
2026-09-05T20:19:01.661187+00:00,12160419,C. Bucsa,C. Gauff,Wta Singles,0.1597,16.05,0.0623,0.0974,1,C. Gauff,2026-09-05T21:17:58.087209+00:00
2026-09-05T20:19:02.713228+00:00,12160602,Fery/ Paris,Chandrasekar/ Liutarevich,Atp Doubles,,,,,,,
2026-09-05T20:24:22.932801+00:00,12160142,Brooksby/ Giron,Kiger/ Kovacevic,Atp Doubles,,,,,,,
2026-09-05T20:24:24.119158+00:00,12160161,Doumbia/ Reboul,Stevenson/ Willis,Atp Doubles,,,,,,,
2026-09-05T20:24:25.254154+00:00,12160168,Milavsky/ Shick,Cabral/ Tracy,Atp Doubles,,,,,,,
2026-09-05T20:24:26.317551+00:00,12160173,Johnson/ Zielinski,Arevalo/ Pavic,Atp Doubles,,,,,,,
2026-09-05T20:24:27.429739+00:00,12160296,I. Swiatek,M. Bouzkova,Wta Singles,0.7329,1.2,0.8333,-0.1005,1,I. Swiatek,2026-09-05T21:12:27.046546+00:00
2026-09-05T20:24:28.468733+00:00,12160356,Kempen/ Panova,Hunter/ Krawczyk,Wta Doubles,,,,,,,
2026-09-05T20:24:29.509659+00:00,12160377,L. Darderi,D. Sweeny,Atp Singles,0.8113,1.29,0.7752,0.0361,1,L. Darderi,2026-09-05T21:23:28.902715+00:00
2026-09-05T20:24:30.839570+00:00,12160408,K. Khachanov,B. Bonzi,Atp Singles,0.6155,1.49,0.6711,-0.0557,1,K. Khachanov,2026-09-05T21:17:59.185626+00:00
2026-09-05T20:24:31.911041+00:00,12160409,Uchijima/ Wang,Montgomery/ Krueger,Wta Doubles,,,,,,,
2026-09-05T20:24:33.003553+00:00,12160414,Napoli da Silveira/ Schenekenberg,Noatto/ Santos Gava,Itf Men Doubles,,,,,,,
2026-09-05T20:24:34.127407+00:00,12160419,C. Bucsa,C. Gauff,Wta Singles,0.1597,16.05,0.0623,0.0974,1,C. Gauff,2026-09-05T21:17:59.740993+00:00
2026-09-05T20:24:35.165204+00:00,12160602,Fery/ Paris,Chandrasekar/ Liutarevich,Atp Doubles,,,,,,,
2026-09-05T21:12:32.118911+00:00,12160142,Brooksby/ Giron,Kiger/ Kovacevic,Atp Doubles,,,,,,,
2026-09-05T21:12:33.210427+00:00,12160153,Golubev/ Nedovyesov,Pavlasek/ Rikl,Atp Doubles,,,,,,,
2026-09-05T21:12:34.301970+00:00,12160161,Doumbia/ Reboul,Stevenson/ Willis,Atp Doubles,,,,,,,
2026-09-05T21:12:35.383192+00:00,12160173,Johnson/ Zielinski,Arevalo/ Pavic,Atp Doubles,,,,,,,
2026-09-05T21:12:36.458167+00:00,12160377,L. Darderi,D. Sweeny,Atp Singles,0.8113,1.29,0.7752,0.0361,1,L. Darderi,2026-09-05T21:23:29.446283+00:00
2026-09-05T21:12:37.839422+00:00,12160408,K. Khachanov,B. Bonzi,Atp Singles,0.6155,1.49,0.6711,-0.0557,1,K. Khachanov,2026-09-05T21:18:00.919694+00:00
2026-09-05T21:12:38.928493+00:00,12160414,Napoli da Silveira/ Schenekenberg,Noatto/ Santos Gava,Itf Men Doubles,,,,,,,
2026-09-05T21:12:40.122844+00:00,12160417,M. Zheng,A. Gea,Atp Singles,0.4542,1.69,0.5917,-0.1375,1,A. Gea,2026-09-06T05:23:49.299465+00:00
2026-09-05T21:12:41.223967+00:00,12160419,C. Bucsa,C. Gauff,Wta Singles,0.1597,16.05,0.0623,0.0974,1,C. Gauff,2026-09-05T21:18:02.027312+00:00
2026-09-05T21:12:42.309378+00:00,12160530,Errani/ Tagger,Dabrowski/ Stefani,Wta Doubles,,,,,,,
2026-09-05T21:12:43.379062+00:00,12160587,M. Alves,R. Tosetto,Itf Men Singles,0.8429,,,,1,M. Alves,2026-09-05T23:11:34.543326+00:00
2026-09-05T21:12:44.721249+00:00,12160589,M. Laron,A. Candiotto,Itf Women Singles,0.2308,,,,1,A. Candiotto,2026-09-06T02:13:12.351733+00:00
2026-09-05T21:12:45.817261+00:00,12160590,A. S. Sanchez,J. Konishi Silva,Itf Women Singles,0.7097,,,,1,A. S. Sanchez,2026-09-05T22:12:08.305538+00:00
2026-09-05T21:12:46.908535+00:00,12160602,Fery/ Paris,Chandrasekar/ Liutarevich,Atp Doubles,,,,,,,
2026-09-05T21:18:07.278007+00:00,12160142,Brooksby/ Giron,Kiger/ Kovacevic,Atp Doubles,,,,,,,
2026-09-05T21:18:08.370026+00:00,12160153,Golubev/ Nedovyesov,Pavlasek/ Rikl,Atp Doubles,,,,,,,
2026-09-05T21:18:09.542882+00:00,12160161,Doumbia/ Reboul,Stevenson/ Willis,Atp Doubles,,,,,,,
2026-09-05T21:18:10.633548+00:00,12160173,Johnson/ Zielinski,Arevalo/ Pavic,Atp Doubles,,,,,,,
2026-09-05T21:18:11.722217+00:00,12160377,L. Darderi,D. Sweeny,Atp Singles,0.8113,1.29,0.7752,0.0361,1,L. Darderi,2026-09-05T21:23:32.315525+00:00
2026-09-05T21:18:13.059648+00:00,12160408,K. Khachanov,B. Bonzi,Atp Singles,0.6155,1.49,0.6711,-0.0557,1,K. Khachanov,2026-09-05T21:23:32.861241+00:00
2026-09-05T21:18:14.148195+00:00,12160414,Napoli da Silveira/ Schenekenberg,Noatto/ Santos Gava,Itf Men Doubles,,,,,,,
2026-09-05T21:18:15.243098+00:00,12160417,M. Zheng,A. Gea,Atp Singles,0.4542,1.69,0.5917,-0.1375,1,A. Gea,2026-09-06T05:23:49.775747+00:00
2026-09-05T21:18:16.335593+00:00,12160419,C. Bucsa,C. Gauff,Wta Singles,0.1597,16.05,0.0623,0.0974,1,C. Gauff,2026-09-05T21:23:33.953666+00:00
2026-09-05T21:18:17.425447+00:00,12160530,Errani/ Tagger,Dabrowski/ Stefani,Wta Doubles,,,,,,,
2026-09-05T21:18:18.514068+00:00,12160587,M. Alves,R. Tosetto,Itf Men Singles,0.8429,,,,1,M. Alves,2026-09-05T23:11:36.036920+00:00
2026-09-05T21:18:19.880690+00:00,12160589,M. Laron,A. Candiotto,Itf Women Singles,0.2308,,,,1,A. Candiotto,2026-09-06T02:13:13.505499+00:00
2026-09-05T21:18:20.963869+00:00,12160602,Fery/ Paris,Chandrasekar/ Liutarevich,Atp Doubles,,,,,,,
2026-09-05T21:23:38.780428+00:00,12160142,Brooksby/ Giron,Kiger/ Kovacevic,Atp Doubles,,,,,,,
2026-09-05T21:23:39.879238+00:00,12160153,Golubev/ Nedovyesov,Pavlasek/ Rikl,Atp Doubles,,,,,,,
2026-09-05T21:23:41.110025+00:00,12160161,Doumbia/ Reboul,Stevenson/ Willis,Atp Doubles,,,,,,,
2026-09-05T21:23:42.257172+00:00,12160173,Johnson/ Zielinski,Arevalo/ Pavic,Atp Doubles,,,,,,,
2026-09-05T21:23:43.358104+00:00,12160377,L. Darderi,D. Sweeny,Atp Singles,0.8113,1.29,0.7752,0.0361,1,L. Darderi,2026-09-05T22:12:09.865287+00:00
2026-09-05T21:23:44.688955+00:00,12160408,K. Khachanov,B. Bonzi,Atp Singles,0.6155,1.49,0.6711,-0.0557,1,K. Khachanov,2026-09-05T22:12:10.215310+00:00
2026-09-05T21:23:45.760664+00:00,12160414,Napoli da Silveira/ Schenekenberg,Noatto/ Santos Gava,Itf Men Doubles,,,,,,,
2026-09-05T21:23:46.854899+00:00,12160417,M. Zheng,A. Gea,Atp Singles,0.4542,1.69,0.5917,-0.1375,1,A. Gea,2026-09-06T05:23:50.238928+00:00
2026-09-05T21:23:47.952502+00:00,12160419,C. Bucsa,C. Gauff,Wta Singles,0.1597,16.05,0.0623,0.0974,1,C. Gauff,2026-09-05T22:12:10.927203+00:00
2026-09-05T21:23:49.041185+00:00,12160530,Errani/ Tagger,Dabrowski/ Stefani,Wta Doubles,,,,,,,
2026-09-05T21:23:50.124441+00:00,12160587,M. Alves,R. Tosetto,Itf Men Singles,0.8429,,,,1,M. Alves,2026-09-05T23:11:37.365141+00:00
2026-09-05T21:23:51.454163+00:00,12160589,M. Laron,A. Candiotto,Itf Women Singles,0.2308,,,,1,A. Candiotto,2026-09-06T02:13:14.608869+00:00
2026-09-05T21:23:52.602588+00:00,12160602,Fery/ Paris,Chandrasekar/ Liutarevich,Atp Doubles,,,,,,,
2026-09-05T22:12:13.798593+00:00,12160153,Golubev/ Nedovyesov,Pavlasek/ Rikl,Atp Doubles,,,,,,,
2026-09-05T22:12:14.534647+00:00,12160402,Mediorreal/ Sanchez,Dias/ Nahmias Melo Rodrigues,Itf Women Doubles,,,,,,,
2026-09-05T22:12:15.359424+00:00,12160415,Z. Bergs,B. Van De Zandschulp,Atp Singles,0.6078,2.91,0.3436,0.2641,0,B. Van De Zandschulp,2026-09-06T02:13:15.148451+00:00
2026-09-05T22:12:16.181462+00:00,12160417,M. Zheng,A. Gea,Atp Singles,0.4542,1.69,0.5917,-0.1375,1,A. Gea,2026-09-06T05:23:50.710246+00:00
2026-09-05T22:12:16.879171+00:00,12160530,Errani/ Tagger,Dabrowski/ Stefani,Wta Doubles,,,,,,,
2026-09-05T22:12:17.594168+00:00,12160587,M. Alves,R. Tosetto,Itf Men Singles,0.8429,,,,1,M. Alves,2026-09-05T23:11:39.117802+00:00
2026-09-05T22:12:18.397828+00:00,12160589,M. Laron,A. Candiotto,Itf Women Singles,0.2308,,,,1,A. Candiotto,2026-09-06T02:13:16.252720+00:00
2026-09-05T22:17:28.722348+00:00,12160153,Golubev/ Nedovyesov,Pavlasek/ Rikl,Atp Doubles,,,,,,,
2026-09-05T22:17:29.445142+00:00,12160402,Mediorreal/ Sanchez,Dias/ Nahmias Melo Rodrigues,Itf Women Doubles,,,,,,,
2026-09-05T22:17:30.241153+00:00,12160415,Z. Bergs,B. Van De Zandschulp,Atp Singles,0.6078,2.91,0.3436,0.2641,0,B. Van De Zandschulp,2026-09-06T02:13:16.802035+00:00
2026-09-05T22:17:30.998641+00:00,12160417,M. Zheng,A. Gea,Atp Singles,0.4542,1.69,0.5917,-0.1375,1,A. Gea,2026-09-06T05:23:51.213835+00:00
2026-09-05T22:17:31.753649+00:00,12160530,Errani/ Tagger,Dabrowski/ Stefani,Wta Doubles,,,,,,,
2026-09-05T22:17:32.477953+00:00,12160587,M. Alves,R. Tosetto,Itf Men Singles,0.8429,,,,1,M. Alves,2026-09-05T23:11:40.861665+00:00
2026-09-05T22:17:33.377871+00:00,12160589,M. Laron,A. Candiotto,Itf Women Singles,0.2308,,,,1,A. Candiotto,2026-09-06T02:13:17.930753+00:00
2026-09-05T22:22:45.173960+00:00,12160153,Golubev/ Nedovyesov,Pavlasek/ Rikl,Atp Doubles,,,,,,,
2026-09-05T22:22:45.922282+00:00,12160402,Mediorreal/ Sanchez,Dias/ Nahmias Melo Rodrigues,Itf Women Doubles,,,,,,,
2026-09-05T22:22:46.639979+00:00,12160415,Z. Bergs,B. Van De Zandschulp,Atp Singles,0.6078,2.91,0.3436,0.2641,0,B. Van De Zandschulp,2026-09-06T02:13:18.484644+00:00
2026-09-05T22:22:47.356728+00:00,12160417,M. Zheng,A. Gea,Atp Singles,0.4542,1.69,0.5917,-0.1375,1,A. Gea,2026-09-06T05:23:51.689242+00:00
2026-09-05T22:22:48.070946+00:00,12160530,Errani/ Tagger,Dabrowski/ Stefani,Wta Doubles,,,,,,,
2026-09-05T22:22:48.790507+00:00,12160589,M. Laron,A. Candiotto,Itf Women Singles,0.2308,,,,1,A. Candiotto,2026-09-06T02:13:19.588611+00:00
2026-09-05T23:11:45.335837+00:00,12160149,Darderi/ Kestelboim,Cash/ Glasspool,Atp Doubles,,,,,,,
2026-09-05T23:11:46.201407+00:00,12160163,Bonzi/ Rinderknech,Arribage/ Olivetti,Atp Doubles,,,,,,,
2026-09-05T23:11:47.045694+00:00,12160294,N. Osaka,E. Mertens,Wta Singles,0.568,1.33,0.7519,-0.1839,,,
2026-09-05T23:11:47.906806+00:00,12160420,I. Jovic,A. Eala,Wta Singles,0.5394,1.85,0.5405,-0.0012,,,
2026-09-05T23:11:48.760271+00:00,12160403,Dourado Zimermman/ Sanchez Uribe,Garcia Vidal/ Melleiro,Itf Women Doubles,,,,,,,
2026-09-05T23:11:49.629453+00:00,12160415,Z. Bergs,B. Van De Zandschulp,Atp Singles,0.6078,2.91,0.3436,0.2641,0,B. Van De Zandschulp,2026-09-06T02:13:21.203988+00:00
2026-09-05T23:11:50.510000+00:00,12160417,M. Zheng,A. Gea,Atp Singles,0.4542,1.69,0.5917,-0.1375,1,A. Gea,2026-09-06T05:23:53.177679+00:00
2026-09-05T23:11:51.373587+00:00,12160589,M. Laron,A. Candiotto,Itf Women Singles,0.2308,,,,1,A. Candiotto,2026-09-06T02:13:22.295604+00:00
2026-09-05T23:17:06.608381+00:00,12160149,Darderi/ Kestelboim,Cash/ Glasspool,Atp Doubles,,,,,,,
2026-09-05T23:17:07.456376+00:00,12160163,Bonzi/ Rinderknech,Arribage/ Olivetti,Atp Doubles,,,,,,,
2026-09-05T23:17:08.310052+00:00,12160294,N. Osaka,E. Mertens,Wta Singles,0.568,1.33,0.7519,-0.1839,,,
2026-09-05T23:17:09.209279+00:00,12160420,I. Jovic,A. Eala,Wta Singles,0.5394,1.85,0.5405,-0.0012,,,
2026-09-05T23:17:10.052096+00:00,12160403,Dourado Zimermman/ Sanchez Uribe,Garcia Vidal/ Melleiro,Itf Women Doubles,,,,,,,
2026-09-05T23:17:10.919684+00:00,12160415,Z. Bergs,B. Van De Zandschulp,Atp Singles,0.6078,2.91,0.3436,0.2641,0,B. Van De Zandschulp,2026-09-06T02:13:23.927071+00:00
2026-09-05T23:17:11.751923+00:00,12160417,M. Zheng,A. Gea,Atp Singles,0.4542,1.69,0.5917,-0.1375,1,A. Gea,2026-09-06T05:23:54.602648+00:00
2026-09-05T23:17:12.621693+00:00,12160589,M. Laron,A. Candiotto,Itf Women Singles,0.2308,,,,1,A. Candiotto,2026-09-06T02:13:25.022341+00:00
2026-09-05T23:22:30.598241+00:00,12160149,Darderi/ Kestelboim,Cash/ Glasspool,Atp Doubles,,,,,,,
2026-09-05T23:22:31.573901+00:00,12160163,Bonzi/ Rinderknech,Arribage/ Olivetti,Atp Doubles,,,,,,,
2026-09-05T23:22:32.486389+00:00,12160294,N. Osaka,E. Mertens,Wta Singles,0.568,1.33,0.7519,-0.1839,,,
2026-09-05T23:22:33.363829+00:00,12160420,I. Jovic,A. Eala,Wta Singles,0.5394,1.85,0.5405,-0.0012,,,
2026-09-05T23:22:34.192490+00:00,12160403,Dourado Zimermman/ Sanchez Uribe,Garcia Vidal/ Melleiro,Itf Women Doubles,,,,,,,
2026-09-05T23:22:35.055850+00:00,12160415,Z. Bergs,B. Van De Zandschulp,Atp Singles,0.6078,2.91,0.3436,0.2641,0,B. Van De Zandschulp,2026-09-06T02:13:26.663863+00:00
2026-09-05T23:22:35.904172+00:00,12160417,M. Zheng,A. Gea,Atp Singles,0.4542,1.69,0.5917,-0.1375,1,A. Gea,2026-09-06T05:23:56.064039+00:00
2026-09-05T23:22:36.764027+00:00,12160589,M. Laron,A. Candiotto,Itf Women Singles,0.2308,,,,1,A. Candiotto,2026-09-06T02:13:27.741958+00:00
2026-09-06T00:23:27.736431+00:00,12160163,Bonzi/ Rinderknech,Arribage/ Olivetti,Atp Doubles,,,,,,,
2026-09-06T00:23:28.583822+00:00,12160294,N. Osaka,E. Mertens,Wta Singles,0.568,1.33,0.7519,-0.1839,1,N. Osaka,2026-09-06T02:13:28.278883+00:00
2026-09-06T00:23:29.558757+00:00,12160420,I. Jovic,A. Eala,Wta Singles,0.5394,1.85,0.5405,-0.0012,1,I. Jovic,2026-09-06T02:24:42.281563+00:00
2026-09-06T00:23:30.413575+00:00,12160403,Dourado Zimermman/ Sanchez Uribe,Garcia Vidal/ Melleiro,Itf Women Doubles,,,,,,,
2026-09-06T00:23:31.298250+00:00,12160415,Z. Bergs,B. Van De Zandschulp,Atp Singles,0.6078,2.91,0.3436,0.2641,,,
2026-09-06T00:23:32.246372+00:00,12160417,M. Zheng,A. Gea,Atp Singles,0.4542,1.69,0.5917,-0.1375,,,
2026-09-06T00:28:54.156797+00:00,12160163,Bonzi/ Rinderknech,Arribage/ Olivetti,Atp Doubles,,,,,,,
2026-09-06T00:28:55.007983+00:00,12160294,N. Osaka,E. Mertens,Wta Singles,0.568,1.33,0.7519,-0.1839,1,N. Osaka,2026-09-06T02:13:30.453735+00:00
2026-09-06T00:28:55.877937+00:00,12160420,I. Jovic,A. Eala,Wta Singles,0.5394,1.85,0.5405,-0.0012,1,I. Jovic,2026-09-06T02:24:43.900678+00:00
2026-09-06T00:28:56.753738+00:00,12160403,Dourado Zimermman/ Sanchez Uribe,Garcia Vidal/ Melleiro,Itf Women Doubles,,,,,,,
2026-09-06T00:28:57.656774+00:00,12160415,Z. Bergs,B. Van De Zandschulp,Atp Singles,0.6078,2.91,0.3436,0.2641,,,
2026-09-06T00:28:58.521446+00:00,12160417,M. Zheng,A. Gea,Atp Singles,0.4542,1.69,0.5917,-0.1375,,,
2026-09-06T00:34:22.106964+00:00,12160163,Bonzi/ Rinderknech,Arribage/ Olivetti,Atp Doubles,,,,,,,
2026-09-06T00:34:23.101224+00:00,12160294,N. Osaka,E. Mertens,Wta Singles,0.568,1.33,0.7519,-0.1839,1,N. Osaka,2026-09-06T02:13:32.641032+00:00
2026-09-06T00:34:23.960295+00:00,12160420,I. Jovic,A. Eala,Wta Singles,0.5394,1.85,0.5405,-0.0012,1,I. Jovic,2026-09-06T02:24:45.535935+00:00
2026-09-06T00:34:24.823579+00:00,12160403,Dourado Zimermman/ Sanchez Uribe,Garcia Vidal/ Melleiro,Itf Women Doubles,,,,,,,
2026-09-06T00:34:25.718321+00:00,12160415,Z. Bergs,B. Van De Zandschulp,Atp Singles,0.6078,2.91,0.3436,0.2641,,,
2026-09-06T00:34:26.640056+00:00,12160417,M. Zheng,A. Gea,Atp Singles,0.4542,1.69,0.5917,-0.1375,,,
2026-09-06T01:11:33.937099+00:00,12160294,N. Osaka,E. Mertens,Wta Singles,0.568,1.33,0.7519,-0.1839,1,N. Osaka,2026-09-06T02:13:34.787907+00:00
2026-09-06T01:11:34.623781+00:00,12160420,I. Jovic,A. Eala,Wta Singles,0.5394,1.85,0.5405,-0.0012,1,I. Jovic,2026-09-06T02:24:47.225328+00:00
2026-09-06T01:11:35.315702+00:00,12160421,Y. Starodubtseva,E. Rybakina,Wta Singles,0.1138,8.4,0.119,-0.0053,1,E. Rybakina,2026-09-06T03:13:18.698069+00:00
2026-09-06T01:11:36.002732+00:00,12160566,N. Sato,K. Yodpetch,Itf Women Singles,,1.64,0.6098,,,,
2026-09-06T01:11:36.719923+00:00,12160415,Z. Bergs,B. Van De Zandschulp,Atp Singles,0.6078,2.91,0.3436,0.2641,,,
2026-09-06T01:11:37.408359+00:00,12160417,M. Zheng,A. Gea,Atp Singles,0.4542,1.69,0.5917,-0.1375,,,
2026-09-06T01:16:59.418752+00:00,12160294,N. Osaka,E. Mertens,Wta Singles,0.568,1.33,0.7519,-0.1839,1,N. Osaka,2026-09-06T02:13:37.516504+00:00
2026-09-06T01:17:00.182103+00:00,12160420,I. Jovic,A. Eala,Wta Singles,0.5394,1.85,0.5405,-0.0012,1,I. Jovic,2026-09-06T02:24:49.373241+00:00
2026-09-06T01:17:00.861617+00:00,12160421,Y. Starodubtseva,E. Rybakina,Wta Singles,0.1138,8.4,0.119,-0.0053,1,E. Rybakina,2026-09-06T03:13:19.893296+00:00
2026-09-06T01:17:01.546555+00:00,12160566,N. Sato,K. Yodpetch,Itf Women Singles,,1.64,0.6098,,,,
2026-09-06T01:17:02.267390+00:00,12160415,Z. Bergs,B. Van De Zandschulp,Atp Singles,0.6078,2.91,0.3436,0.2641,,,
2026-09-06T01:17:02.960277+00:00,12160417,M. Zheng,A. Gea,Atp Singles,0.4542,1.69,0.5917,-0.1375,,,
2026-09-06T01:22:26.631795+00:00,12160294,N. Osaka,E. Mertens,Wta Singles,0.568,1.33,0.7519,-0.1839,1,N. Osaka,2026-09-06T02:13:40.240675+00:00
2026-09-06T01:22:27.326671+00:00,12160420,I. Jovic,A. Eala,Wta Singles,0.5394,1.85,0.5405,-0.0012,1,I. Jovic,2026-09-06T02:24:51.663571+00:00
2026-09-06T01:22:28.017157+00:00,12160421,Y. Starodubtseva,E. Rybakina,Wta Singles,0.1138,8.4,0.119,-0.0053,1,E. Rybakina,2026-09-06T03:13:20.970907+00:00
2026-09-06T01:22:28.703919+00:00,12160566,N. Sato,K. Yodpetch,Itf Women Singles,,1.64,0.6098,,,,
2026-09-06T01:22:29.389774+00:00,12160415,Z. Bergs,B. Van De Zandschulp,Atp Singles,0.6078,2.91,0.3436,0.2641,,,
2026-09-06T01:22:30.107463+00:00,12160417,M. Zheng,A. Gea,Atp Singles,0.4542,1.69,0.5917,-0.1375,,,
2026-09-06T02:13:45.841303+00:00,12160294,N. Osaka,E. Mertens,Wta Singles,0.568,1.33,0.7519,-0.1839,1,N. Osaka,2026-09-06T02:19:17.313381+00:00
2026-09-06T02:13:46.924668+00:00,12160416,J. Mensik,L. Tien,Atp Singles,0.488,2.11,0.4739,0.0141,1,L. Tien,2026-09-06T06:16:27.126074+00:00
2026-09-06T02:13:47.995697+00:00,12160420,I. Jovic,A. Eala,Wta Singles,0.5394,1.85,0.5405,-0.0012,1,I. Jovic,2026-09-06T02:24:54.399836+00:00
2026-09-06T02:13:49.085062+00:00,12160421,Y. Starodubtseva,E. Rybakina,Wta Singles,0.1138,8.4,0.119,-0.0053,1,E. Rybakina,2026-09-06T03:13:22.419796+00:00
2026-09-06T02:13:50.177198+00:00,12160566,N. Sato,K. Yodpetch,Itf Women Singles,,1.64,0.6098,,,,
2026-09-06T02:13:51.277861+00:00,12160415,Z. Bergs,B. Van De Zandschulp,Atp Singles,0.6078,2.91,0.3436,0.2641,,,
2026-09-06T02:13:52.380544+00:00,12160417,M. Zheng,A. Gea,Atp Singles,0.4542,1.69,0.5917,-0.1375,,,
2026-09-06T02:19:23.390836+00:00,12160416,J. Mensik,L. Tien,Atp Singles,0.488,2.11,0.4739,0.0141,1,L. Tien,2026-09-06T06:16:28.710368+00:00
2026-09-06T02:19:24.469116+00:00,12160420,I. Jovic,A. Eala,Wta Singles,0.5394,1.85,0.5405,-0.0012,1,I. Jovic,2026-09-06T02:24:57.084845+00:00
2026-09-06T02:19:25.545246+00:00,12160421,Y. Starodubtseva,E. Rybakina,Wta Singles,0.1138,8.4,0.119,-0.0053,1,E. Rybakina,2026-09-06T03:13:23.867160+00:00
2026-09-06T02:19:26.615745+00:00,12160566,N. Sato,K. Yodpetch,Itf Women Singles,,1.64,0.6098,,,,
2026-09-06T02:19:27.709000+00:00,12160415,Z. Bergs,B. Van De Zandschulp,Atp Singles,0.6078,2.91,0.3436,0.2641,,,
2026-09-06T02:19:28.789901+00:00,12160417,M. Zheng,A. Gea,Atp Singles,0.4542,1.69,0.5917,-0.1375,,,
2026-09-06T02:25:02.117485+00:00,12160416,J. Mensik,L. Tien,Atp Singles,0.488,2.11,0.4739,0.0141,1,L. Tien,2026-09-06T06:16:30.368078+00:00
2026-09-06T02:25:03.206491+00:00,12160420,I. Jovic,A. Eala,Wta Singles,0.5394,1.85,0.5405,-0.0012,1,I. Jovic,2026-09-06T03:13:25.298912+00:00
2026-09-06T02:25:04.290465+00:00,12160421,Y. Starodubtseva,E. Rybakina,Wta Singles,0.1138,8.4,0.119,-0.0053,1,E. Rybakina,2026-09-06T03:13:25.666279+00:00
2026-09-06T02:25:05.389817+00:00,12160426,A. Zverev,A. Tabilo,Atp Singles,0.8219,1.19,0.8403,-0.0184,1,A. Zverev,2026-09-06T05:12:07.639106+00:00
2026-09-06T02:25:06.740269+00:00,12160566,N. Sato,K. Yodpetch,Itf Women Singles,,1.64,0.6098,,,,
2026-09-06T02:25:07.824268+00:00,12160415,Z. Bergs,B. Van De Zandschulp,Atp Singles,0.6078,2.91,0.3436,0.2641,,,
2026-09-06T02:25:08.892988+00:00,12160417,M. Zheng,A. Gea,Atp Singles,0.4542,1.69,0.5917,-0.1375,,,
2026-09-06T03:13:28.942102+00:00,12160416,J. Mensik,L. Tien,Atp Singles,0.488,2.11,0.4739,0.0141,1,L. Tien,2026-09-06T06:16:32.274850+00:00
2026-09-06T03:13:29.655100+00:00,12160426,A. Zverev,A. Tabilo,Atp Singles,0.8219,1.19,0.8403,-0.0184,1,A. Zverev,2026-09-06T05:12:09.507925+00:00
2026-09-06T03:13:30.588724+00:00,12160547,R. Matsuda,N. Nakagawa,Itf Men Singles,0.5128,3.0,0.3333,0.1795,0,N. Nakagawa,2026-09-06T06:16:32.890005+00:00
2026-09-06T03:13:31.308698+00:00,12160548,J. Garland,D. Astakhova,Itf Women Singles,0.5273,1.5,0.6667,-0.1393,1,J. Garland,2026-09-06T05:12:10.443952+00:00
2026-09-06T03:13:32.028294+00:00,12160561,K. Singh,I. Becroft,Itf Men Singles,0.5614,2.1,0.4762,0.0852,1,K. Singh,2026-09-06T05:24:07.624311+00:00
2026-09-06T03:13:32.736384+00:00,12160563,M. Bouzige,A. Weber,Itf Men Singles,0.4578,2.75,0.3636,0.0941,1,A. Weber,2026-09-06T05:24:08.089676+00:00
2026-09-06T03:13:33.458716+00:00,12160565,Sun Qian,Y. Tomida,Itf Men Singles,0.4474,,,,1,Y. Tomida,2026-09-06T05:24:08.558066+00:00
2026-09-06T03:13:34.169332+00:00,12160621,T. Derepasko,M. T. Nguyen,Challenger Men Singles,,,,,,,
2026-09-06T03:13:34.892331+00:00,12160623,N. Koizumi,T. Ichikawa,Challenger Men Singles,0.375,2.23,0.4484,-0.0734,1,T. Ichikawa,2026-09-06T06:16:33.412601+00:00
2026-09-06T03:13:35.619736+00:00,12160417,M. Zheng,A. Gea,Atp Singles,0.4542,1.69,0.5917,-0.1375,,,
2026-09-06T03:18:58.057094+00:00,12160416,J. Mensik,L. Tien,Atp Singles,0.488,2.11,0.4739,0.0141,1,L. Tien,2026-09-06T06:16:34.594592+00:00
2026-09-06T03:18:58.774141+00:00,12160426,A. Zverev,A. Tabilo,Atp Singles,0.8219,1.19,0.8403,-0.0184,1,A. Zverev,2026-09-06T05:12:13.735427+00:00
2026-09-06T03:18:59.544336+00:00,12160547,R. Matsuda,N. Nakagawa,Itf Men Singles,0.5128,3.0,0.3333,0.1795,0,N. Nakagawa,2026-09-06T06:16:35.158347+00:00
2026-09-06T03:19:00.274093+00:00,12160548,J. Garland,D. Astakhova,Itf Women Singles,0.5273,1.5,0.6667,-0.1393,1,J. Garland,2026-09-06T05:12:14.739808+00:00
2026-09-06T03:19:00.985616+00:00,12160561,K. Singh,I. Becroft,Itf Men Singles,0.5614,2.1,0.4762,0.0852,1,K. Singh,2026-09-06T05:24:10.968772+00:00
2026-09-06T03:19:01.712286+00:00,12160563,M. Bouzige,A. Weber,Itf Men Singles,0.4578,2.75,0.3636,0.0941,1,A. Weber,2026-09-06T05:24:11.442748+00:00
2026-09-06T03:19:02.429362+00:00,12160565,Sun Qian,Y. Tomida,Itf Men Singles,0.4474,,,,1,Y. Tomida,2026-09-06T05:24:11.912852+00:00
2026-09-06T03:19:03.142259+00:00,12160620,E. Cook,J. Flores,Challenger Men Singles,0.2051,2.23,0.4484,-0.2433,0,E. Cook,2026-09-06T05:24:12.383721+00:00
2026-09-06T03:19:03.882411+00:00,12160621,T. Derepasko,M. T. Nguyen,Challenger Men Singles,,,,,,,
2026-09-06T03:19:04.594029+00:00,12160623,N. Koizumi,T. Ichikawa,Challenger Men Singles,0.375,2.23,0.4484,-0.0734,1,T. Ichikawa,2026-09-06T06:16:35.763354+00:00
2026-09-06T03:19:05.317872+00:00,12160417,M. Zheng,A. Gea,Atp Singles,0.4542,1.69,0.5917,-0.1375,,,
2026-09-06T03:24:31.954380+00:00,12160416,J. Mensik,L. Tien,Atp Singles,0.488,2.11,0.4739,0.0141,1,L. Tien,2026-09-06T06:16:36.854269+00:00
2026-09-06T03:24:32.702588+00:00,12160426,A. Zverev,A. Tabilo,Atp Singles,0.8219,1.19,0.8403,-0.0184,1,A. Zverev,2026-09-06T05:12:18.662775+00:00
2026-09-06T03:24:33.483045+00:00,12160547,R. Matsuda,N. Nakagawa,Itf Men Singles,0.5128,3.0,0.3333,0.1795,0,N. Nakagawa,2026-09-06T06:16:37.385994+00:00
2026-09-06T03:24:34.207471+00:00,12160548,J. Garland,D. Astakhova,Itf Women Singles,0.5273,1.5,0.6667,-0.1393,1,J. Garland,2026-09-06T05:12:19.602118+00:00
2026-09-06T03:24:34.919452+00:00,12160561,K. Singh,I. Becroft,Itf Men Singles,0.5614,2.1,0.4762,0.0852,1,K. Singh,2026-09-06T05:18:17.413587+00:00
2026-09-06T03:24:35.645026+00:00,12160563,M. Bouzige,A. Weber,Itf Men Singles,0.4578,2.75,0.3636,0.0941,1,A. Weber,2026-09-06T05:18:17.884765+00:00
2026-09-06T03:24:36.374463+00:00,12160565,Sun Qian,Y. Tomida,Itf Men Singles,0.4474,,,,1,Y. Tomida,2026-09-06T05:18:18.350174+00:00
2026-09-06T03:24:37.095017+00:00,12160620,E. Cook,J. Flores,Challenger Men Singles,0.2051,2.23,0.4484,-0.2433,0,E. Cook,2026-09-06T05:24:14.722631+00:00
2026-09-06T03:24:37.819081+00:00,12160621,T. Derepasko,M. T. Nguyen,Challenger Men Singles,,,,,,,
2026-09-06T03:24:38.551734+00:00,12160622,N. Ianin,T. Yamanaka,Challenger Men Singles,0.3774,,,,1,T. Yamanaka,2026-09-06T06:16:37.913304+00:00
2026-09-06T03:24:39.300716+00:00,12160623,N. Koizumi,T. Ichikawa,Challenger Men Singles,0.375,2.23,0.4484,-0.0734,1,T. Ichikawa,2026-09-06T06:16:38.518343+00:00
2026-09-06T03:24:40.018785+00:00,12160417,M. Zheng,A. Gea,Atp Singles,0.4542,1.69,0.5917,-0.1375,,,
2026-09-06T04:13:32.751223+00:00,12160416,J. Mensik,L. Tien,Atp Singles,0.488,2.11,0.4739,0.0141,1,L. Tien,2026-09-06T06:16:39.666073+00:00
2026-09-06T04:13:33.442322+00:00,12160426,A. Zverev,A. Tabilo,Atp Singles,0.8219,1.19,0.8403,-0.0184,1,A. Zverev,2026-09-06T05:12:23.934712+00:00
2026-09-06T04:13:34.300626+00:00,12160547,R. Matsuda,N. Nakagawa,Itf Men Singles,0.5128,3.0,0.3333,0.1795,0,N. Nakagawa,2026-09-06T06:16:40.225700+00:00
2026-09-06T04:13:35.072100+00:00,12160548,J. Garland,D. Astakhova,Itf Women Singles,0.5273,1.5,0.6667,-0.1393,1,J. Garland,2026-09-06T05:12:24.876601+00:00
2026-09-06T04:13:35.754948+00:00,12160549,K. Samrej,I. Simakin,Challenger Men Singles,0.3092,3.26,0.3067,0.0025,1,I. Simakin,2026-09-06T05:12:25.350527+00:00
2026-09-06T04:13:36.437463+00:00,12160561,K. Singh,I. Becroft,Itf Men Singles,0.5614,2.1,0.4762,0.0852,1,K. Singh,2026-09-06T05:18:21.719148+00:00
2026-09-06T04:13:37.135662+00:00,12160563,M. Bouzige,A. Weber,Itf Men Singles,0.4578,2.75,0.3636,0.0941,1,A. Weber,2026-09-06T05:18:22.181652+00:00
2026-09-06T04:13:37.817918+00:00,12160565,Sun Qian,Y. Tomida,Itf Men Singles,0.4474,,,,1,Y. Tomida,2026-09-06T05:18:22.648582+00:00
2026-09-06T04:13:38.505217+00:00,12160417,M. Zheng,A. Gea,Atp Singles,0.4542,1.69,0.5917,-0.1375,,,
2026-09-06T04:19:10.028514+00:00,12160416,J. Mensik,L. Tien,Atp Singles,0.488,2.11,0.4739,0.0141,1,L. Tien,2026-09-06T06:16:41.283624+00:00
2026-09-06T04:19:10.721037+00:00,12160426,A. Zverev,A. Tabilo,Atp Singles,0.8219,1.19,0.8403,-0.0184,1,A. Zverev,2026-09-06T05:12:28.213418+00:00
2026-09-06T04:19:11.452300+00:00,12160547,R. Matsuda,N. Nakagawa,Itf Men Singles,0.5128,3.0,0.3333,0.1795,0,N. Nakagawa,2026-09-06T06:16:41.853619+00:00
2026-09-06T04:19:12.144403+00:00,12160548,J. Garland,D. Astakhova,Itf Women Singles,0.5273,1.5,0.6667,-0.1393,1,J. Garland,2026-09-06T05:12:29.153413+00:00
2026-09-06T04:19:12.832903+00:00,12160549,K. Samrej,I. Simakin,Challenger Men Singles,0.3092,3.26,0.3067,0.0025,1,I. Simakin,2026-09-06T05:12:29.673413+00:00
2026-09-06T04:19:13.524069+00:00,12160561,K. Singh,I. Becroft,Itf Men Singles,0.5614,2.1,0.4762,0.0852,1,K. Singh,2026-09-06T05:18:24.620589+00:00
2026-09-06T04:19:14.239791+00:00,12160563,M. Bouzige,A. Weber,Itf Men Singles,0.4578,2.75,0.3636,0.0941,1,A. Weber,2026-09-06T05:18:25.086880+00:00
2026-09-06T04:19:14.916888+00:00,12160565,Sun Qian,Y. Tomida,Itf Men Singles,0.4474,,,,1,Y. Tomida,2026-09-06T05:18:25.562587+00:00
2026-09-06T04:19:15.603048+00:00,12160417,M. Zheng,A. Gea,Atp Singles,0.4542,1.69,0.5917,-0.1375,,,
2026-09-06T04:24:50.665278+00:00,12160416,J. Mensik,L. Tien,Atp Singles,0.488,2.11,0.4739,0.0141,1,L. Tien,2026-09-06T06:16:42.913264+00:00
2026-09-06T04:24:51.358412+00:00,12160426,A. Zverev,A. Tabilo,Atp Singles,0.8219,1.19,0.8403,-0.0184,1,A. Zverev,2026-09-06T05:12:32.485532+00:00
2026-09-06T04:24:52.134420+00:00,12160547,R. Matsuda,N. Nakagawa,Itf Men Singles,0.5128,3.0,0.3333,0.1795,0,N. Nakagawa,2026-09-06T06:16:43.480674+00:00
2026-09-06T04:24:52.829920+00:00,12160548,J. Garland,D. Astakhova,Itf Women Singles,0.5273,1.5,0.6667,-0.1393,1,J. Garland,2026-09-06T05:12:33.426901+00:00
2026-09-06T04:24:53.521852+00:00,12160549,K. Samrej,I. Simakin,Challenger Men Singles,0.3092,3.26,0.3067,0.0025,1,I. Simakin,2026-09-06T05:12:33.893476+00:00
2026-09-06T04:24:54.207669+00:00,12160561,K. Singh,I. Becroft,Itf Men Singles,0.5614,2.1,0.4762,0.0852,1,K. Singh,2026-09-06T05:18:27.481833+00:00
2026-09-06T04:24:54.902076+00:00,12160563,M. Bouzige,A. Weber,Itf Men Singles,0.4578,2.75,0.3636,0.0941,1,A. Weber,2026-09-06T05:18:27.952936+00:00
2026-09-06T04:24:55.585304+00:00,12160565,Sun Qian,Y. Tomida,Itf Men Singles,0.4474,,,,1,Y. Tomida,2026-09-06T05:18:28.423246+00:00
2026-09-06T04:24:56.267097+00:00,12160417,M. Zheng,A. Gea,Atp Singles,0.4542,1.69,0.5917,-0.1375,,,
2026-09-06T05:12:38.799726+00:00,12160416,J. Mensik,L. Tien,Atp Singles,0.488,2.26,0.4425,0.0455,1,L. Tien,2026-09-06T06:16:44.571755+00:00
2026-09-06T05:12:39.750245+00:00,12160426,A. Zverev,A. Tabilo,Atp Singles,0.8219,1.19,0.8403,-0.0184,1,A. Zverev,2026-09-06T05:18:29.824257+00:00
2026-09-06T05:12:40.933833+00:00,12160547,R. Matsuda,N. Nakagawa,Itf Men Singles,0.5128,2.64,0.3788,0.134,0,N. Nakagawa,2026-09-06T06:16:45.100825+00:00
2026-09-06T05:12:41.873902+00:00,12160549,K. Samrej,I. Simakin,Challenger Men Singles,0.3092,3.73,0.2681,0.0411,1,I. Simakin,2026-09-06T05:18:30.769217+00:00
2026-09-06T05:12:42.815277+00:00,12160563,M. Bouzige,A. Weber,Itf Men Singles,0.4578,2.5,0.4,0.0578,1,A. Weber,2026-09-06T05:18:31.238495+00:00
2026-09-06T05:12:43.785909+00:00,12160620,E. Cook,J. Flores,Challenger Men Singles,0.2051,2.32,0.431,-0.2259,0,E. Cook,2026-09-06T05:24:21.815251+00:00
2026-09-06T05:12:44.783706+00:00,12160621,T. Derepasko,M. T. Nguyen,Challenger Men Singles,,,,,,,
2026-09-06T05:12:45.727785+00:00,12160622,N. Ianin,T. Yamanaka,Challenger Men Singles,0.3774,,,,1,T. Yamanaka,2026-09-06T06:16:45.632561+00:00
2026-09-06T05:12:46.678469+00:00,12160623,N. Koizumi,T. Ichikawa,Challenger Men Singles,0.375,2.36,0.4237,-0.0487,1,T. Ichikawa,2026-09-06T06:16:46.248355+00:00
2026-09-06T05:12:47.640813+00:00,12160417,M. Zheng,A. Gea,Atp Singles,0.4542,1.74,0.5747,-0.1205,,,
2026-09-06T05:18:36.127550+00:00,12160416,J. Mensik,L. Tien,Atp Singles,0.488,2.26,0.4425,0.0455,1,L. Tien,2026-09-06T06:16:47.300328+00:00
2026-09-06T05:18:37.077641+00:00,12160426,A. Zverev,A. Tabilo,Atp Singles,0.8219,1.19,0.8403,-0.0184,1,A. Zverev,2026-09-06T05:24:24.168590+00:00
2026-09-06T05:18:38.204499+00:00,12160547,R. Matsuda,N. Nakagawa,Itf Men Singles,0.5128,2.64,0.3788,0.134,0,N. Nakagawa,2026-09-06T06:16:47.827645+00:00
2026-09-06T05:18:39.153255+00:00,12160549,K. Samrej,I. Simakin,Challenger Men Singles,0.3092,3.73,0.2681,0.0411,1,I. Simakin,2026-09-06T05:24:25.118112+00:00
2026-09-06T05:18:40.095016+00:00,12160563,M. Bouzige,A. Weber,Itf Men Singles,0.4578,2.5,0.4,0.0578,1,A. Weber,2026-09-06T05:24:25.591280+00:00
2026-09-06T05:18:41.119765+00:00,12160620,E. Cook,J. Flores,Challenger Men Singles,0.2051,2.32,0.431,-0.2259,0,E. Cook,2026-09-06T05:24:26.057528+00:00
2026-09-06T05:18:42.054742+00:00,12160621,T. Derepasko,M. T. Nguyen,Challenger Men Singles,,,,,,,
2026-09-06T05:18:42.996518+00:00,12160622,N. Ianin,T. Yamanaka,Challenger Men Singles,0.3774,,,,1,T. Yamanaka,2026-09-06T06:16:48.354371+00:00
2026-09-06T05:18:43.966325+00:00,12160623,N. Koizumi,T. Ichikawa,Challenger Men Singles,0.375,2.36,0.4237,-0.0487,1,T. Ichikawa,2026-09-06T06:16:48.882521+00:00
2026-09-06T05:18:44.906185+00:00,12160417,M. Zheng,A. Gea,Atp Singles,0.4542,1.74,0.5747,-0.1205,,,
2026-09-06T05:24:30.426637+00:00,12160416,J. Mensik,L. Tien,Atp Singles,0.488,2.26,0.4425,0.0455,1,L. Tien,2026-09-06T06:16:49.936853+00:00
2026-09-06T05:24:31.379163+00:00,12160547,R. Matsuda,N. Nakagawa,Itf Men Singles,0.5128,2.64,0.3788,0.134,0,N. Nakagawa,2026-09-06T06:16:50.464815+00:00
2026-09-06T05:24:32.364682+00:00,12160563,M. Bouzige,A. Weber,Itf Men Singles,0.4578,2.5,0.4,0.0578,1,A. Weber,2026-09-06T06:16:50.992313+00:00
2026-09-06T05:24:33.294858+00:00,12160620,E. Cook,J. Flores,Challenger Men Singles,0.2051,2.32,0.431,-0.2259,0,E. Cook,2026-09-06T06:16:51.522547+00:00
2026-09-06T05:24:34.285469+00:00,12160621,T. Derepasko,M. T. Nguyen,Challenger Men Singles,,,,,,,
2026-09-06T05:24:35.223706+00:00,12160622,N. Ianin,T. Yamanaka,Challenger Men Singles,0.3774,,,,1,T. Yamanaka,2026-09-06T06:16:52.048870+00:00
2026-09-06T05:24:36.172664+00:00,12160623,N. Koizumi,T. Ichikawa,Challenger Men Singles,0.375,2.36,0.4237,-0.0487,1,T. Ichikawa,2026-09-06T06:16:52.574564+00:00
2026-09-06T05:24:37.115336+00:00,12160417,M. Zheng,A. Gea,Atp Singles,0.4542,1.74,0.5747,-0.1205,,,
2026-09-06T07:12:17.164310+00:00,12160552,A. Binda,C. Hsieh,Challenger Men Singles,,,,,,,
2026-09-06T07:12:17.900166+00:00,12160553,Je. Delaney,M. Haliak,Challenger Men Singles,0.2941,4.5,0.2222,0.0719,1,M. Haliak,2026-09-06T09:13:44.821306+00:00
2026-09-06T07:12:18.617516+00:00,12160554,A. Kadhe,T. Huang,Challenger Men Singles,,3.14,0.3185,,,,
2026-09-06T07:12:19.337968+00:00,12160555,T. Loof,U. Park,Challenger Men Singles,0.0909,4.11,0.2433,-0.1524,0,T. Loof,2026-09-06T08:20:31.392510+00:00
2026-09-06T07:12:20.066944+00:00,12160624,P. Dev S D,B. O'Connell,Challenger Men Singles,0.7317,,,,0,B. O'Connell,2026-09-06T11:12:19.363760+00:00
2026-09-06T07:12:20.768984+00:00,12160625,T. Kumasaka,M. Borisiouk,Challenger Men Singles,0.7917,2.13,0.4695,0.3222,0,M. Borisiouk,2026-09-06T10:13:07.364598+00:00
2026-09-06T07:12:21.506872+00:00,12160626,N. Nguyen,H. Heck,Challenger Men Singles,,11.0,0.0909,,,,
2026-09-06T07:12:22.225064+00:00,12160627,C. Papa,S. Ryan Ziegann,Challenger Men Singles,0.3333,1.58,0.6329,-0.2996,1,S. Ryan Ziegann,2026-09-06T08:14:29.696135+00:00
2026-09-06T07:12:22.948567+00:00,12160815,K. Chopra,E. Kirkin,Challenger Men Singles,0.4752,2.31,0.4329,0.0423,1,E. Kirkin,2026-09-06T10:13:07.760641+00:00
2026-09-06T07:12:23.675416+00:00,12160816,S. Hamza Reguig,M. Zhukov,Challenger Men Singles,0.3937,2.95,0.339,0.0547,0,S. Hamza Reguig,2026-09-06T09:19:53.375926+00:00
2026-09-06T07:12:24.395910+00:00,12160817,A. Hernandez,C. Ilkel,Challenger Men Singles,,1.39,0.7194,,,,
2026-09-06T07:17:44.476817+00:00,12160552,A. Binda,C. Hsieh,Challenger Men Singles,,,,,,,
2026-09-06T07:17:45.202301+00:00,12160553,Je. Delaney,M. Haliak,Challenger Men Singles,0.2941,4.5,0.2222,0.0719,1,M. Haliak,2026-09-06T09:13:46.539993+00:00
2026-09-06T07:17:45.918139+00:00,12160554,A. Kadhe,T. Huang,Challenger Men Singles,,3.14,0.3185,,,,
2026-09-06T07:17:46.635644+00:00,12160555,T. Loof,U. Park,Challenger Men Singles,0.0909,3.72,0.2688,-0.1779,0,T. Loof,2026-09-06T08:20:34.583272+00:00
2026-09-06T07:17:47.449793+00:00,12160624,P. Dev S D,B. O'Connell,Challenger Men Singles,0.7317,,,,0,B. O'Connell,2026-09-06T11:12:19.718623+00:00
2026-09-06T07:17:48.155289+00:00,12160625,T. Kumasaka,M. Borisiouk,Challenger Men Singles,0.7917,2.13,0.4695,0.3222,0,M. Borisiouk,2026-09-06T10:13:08.548896+00:00
2026-09-06T07:17:48.869906+00:00,12160626,N. Nguyen,H. Heck,Challenger Men Singles,,11.0,0.0909,,,,
2026-09-06T07:17:49.594175+00:00,12160627,C. Papa,S. Ryan Ziegann,Challenger Men Singles,0.3333,1.58,0.6329,-0.2996,1,S. Ryan Ziegann,2026-09-06T08:14:33.261438+00:00
2026-09-06T07:17:50.297659+00:00,12160815,K. Chopra,E. Kirkin,Challenger Men Singles,0.4752,2.31,0.4329,0.0423,1,E. Kirkin,2026-09-06T10:13:08.943965+00:00
2026-09-06T07:17:51.013049+00:00,12160816,S. Hamza Reguig,M. Zhukov,Challenger Men Singles,0.3937,2.95,0.339,0.0547,0,S. Hamza Reguig,2026-09-06T09:19:54.886026+00:00
2026-09-06T07:17:51.736622+00:00,12160817,A. Hernandez,C. Ilkel,Challenger Men Singles,,1.39,0.7194,,,,
2026-09-06T07:23:14.893364+00:00,12160552,A. Binda,C. Hsieh,Challenger Men Singles,,,,,,,
2026-09-06T07:23:15.617857+00:00,12160553,Je. Delaney,M. Haliak,Challenger Men Singles,0.2941,4.5,0.2222,0.0719,1,M. Haliak,2026-09-06T09:13:48.426752+00:00
2026-09-06T07:23:16.339583+00:00,12160554,A. Kadhe,T. Huang,Challenger Men Singles,,3.14,0.3185,,,,
2026-09-06T07:23:17.069351+00:00,12160555,T. Loof,U. Park,Challenger Men Singles,0.0909,3.72,0.2688,-0.1779,0,T. Loof,2026-09-06T08:20:37.572211+00:00
2026-09-06T07:23:17.774985+00:00,12160624,P. Dev S D,B. O'Connell,Challenger Men Singles,0.7317,,,,0,B. O'Connell,2026-09-06T11:12:20.077231+00:00
2026-09-06T07:23:18.479359+00:00,12160625,T. Kumasaka,M. Borisiouk,Challenger Men Singles,0.7917,2.13,0.4695,0.3222,0,M. Borisiouk,2026-09-06T10:13:09.733484+00:00
2026-09-06T07:23:19.324892+00:00,12160626,N. Nguyen,H. Heck,Challenger Men Singles,,11.0,0.0909,,,,
2026-09-06T07:23:20.047407+00:00,12160627,C. Papa,S. Ryan Ziegann,Challenger Men Singles,0.3333,1.58,0.6329,-0.2996,1,S. Ryan Ziegann,2026-09-06T08:14:36.825662+00:00
2026-09-06T07:23:20.778446+00:00,12160815,K. Chopra,E. Kirkin,Challenger Men Singles,0.4752,2.31,0.4329,0.0423,1,E. Kirkin,2026-09-06T10:13:10.129840+00:00
2026-09-06T07:23:21.507431+00:00,12160816,S. Hamza Reguig,M. Zhukov,Challenger Men Singles,0.3937,2.95,0.339,0.0547,0,S. Hamza Reguig,2026-09-06T09:19:56.275457+00:00
2026-09-06T07:23:22.223076+00:00,12160817,A. Hernandez,C. Ilkel,Challenger Men Singles,,1.39,0.7194,,,,
2026-09-06T08:14:41.055156+00:00,12160645,M. Brunold,K. Wehnelt,Challenger Men Singles,0.6316,1.32,0.7576,-0.126,1,M. Brunold,2026-09-06T10:13:10.524482+00:00
2026-09-06T08:14:42.055464+00:00,12160817,A. Hernandez,C. Ilkel,Challenger Men Singles,,1.39,0.7194,,,,
2026-09-06T08:14:43.179529+00:00,12160816,S. Hamza Reguig,M. Zhukov,Challenger Men Singles,0.3937,2.95,0.339,0.0547,0,S. Hamza Reguig,2026-09-06T09:19:57.056395+00:00
2026-09-06T08:14:44.244458+00:00,12160815,K. Chopra,E. Kirkin,Challenger Men Singles,0.4752,2.31,0.4329,0.0423,1,E. Kirkin,2026-09-06T10:13:10.918859+00:00
2026-09-06T08:14:45.248032+00:00,12160806,M. Giunta,G. Oradini,Challenger Men Singles,0.6724,1.68,0.5952,0.0772,1,M. Giunta,2026-09-06T10:13:11.311310+00:00
2026-09-06T08:14:46.246718+00:00,12160805,F. Ferrari,G. Ferrari,Challenger Men Singles,0.1485,4.87,0.2053,-0.0568,1,G. Ferrari,2026-09-06T11:12:20.439640+00:00
2026-09-06T08:14:47.249761+00:00,12160804,A. Chepelev,J. Gschwendtner,Challenger Men Singles,0.8599,,,,1,A. Chepelev,2026-09-06T10:13:12.105655+00:00
2026-09-06T08:14:48.717661+00:00,12160675,M. Argyrokastriti,A. Lahey,Itf Women Singles,0.6593,3.8,0.2632,0.3962,0,A. Lahey,2026-09-06T11:12:20.827031+00:00
2026-09-06T08:14:49.724468+00:00,12160673,G. Bosio,M. Mazza,Itf Men Singles,0.5444,3.18,0.3145,0.23,0,M. Mazza,2026-09-06T12:16:42.067748+00:00
2026-09-06T08:14:50.815409+00:00,12160659,R. Zolotareva,A. Laboutkova,Challenger Women Singles,0.6154,1.25,0.8,-0.1846,1,R. Zolotareva,2026-09-06T10:19:53.824092+00:00
2026-09-06T08:14:51.883733+00:00,12160658,I. Yoruk,S. Samir,Challenger Women Singles,0.1801,2.2,0.4545,-0.2745,0,I. Yoruk,2026-09-06T10:13:13.682254+00:00
2026-09-06T08:14:52.887719+00:00,12160657,I. Oz,D. Jakupovic,Challenger Women Singles,0.4419,1.57,0.6369,-0.195,0,I. Oz,2026-09-06T10:13:14.077345+00:00
2026-09-06T08:14:53.885934+00:00,12160647,M. Ujvary,O. Wallin,Challenger Men Singles,0.1314,6.05,0.1653,-0.0339,1,O. Wallin,2026-09-06T10:13:14.467092+00:00
2026-09-06T08:14:54.888852+00:00,12160646,J. Sels,M. Donald,Challenger Men Singles,0.4185,3.14,0.3185,0.1,1,M. Donald,2026-09-06T09:26:15.639698+00:00
2026-09-06T08:14:55.889519+00:00,12160553,Je. Delaney,M. Haliak,Challenger Men Singles,0.2941,4.5,0.2222,0.0719,1,M. Haliak,2026-09-06T09:13:54.721937+00:00
2026-09-06T08:14:56.888202+00:00,12160630,Y. Kawahashi,A. Bastola,Challenger Men Singles,,1.05,0.9524,,,,
2026-09-06T08:14:57.886827+00:00,12160628,Y. Dzhavakian,A. Vishal Balsekar,Challenger Men Singles,0.7042,1.8,0.5556,0.1487,0,A. Vishal Balsekar,2026-09-06T11:12:21.550860+00:00
2026-09-06T08:14:58.882531+00:00,12160625,T. Kumasaka,M. Borisiouk,Challenger Men Singles,0.7917,2.13,0.4695,0.3222,0,M. Borisiouk,2026-09-06T10:13:15.249534+00:00
2026-09-06T08:14:59.874456+00:00,12160624,P. Dev S D,B. O'Connell,Challenger Men Singles,0.7317,,,,0,B. O'Connell,2026-09-06T11:12:21.903450+00:00
2026-09-06T08:15:00.955685+00:00,12160608,M. Janvier,T. J. Fancutt,Challenger Men Singles,0.6034,,,,1,M. Janvier,2026-09-06T09:13:56.087831+00:00
2026-09-06T08:15:02.035170+00:00,12160607,Y. Ghazouani Durand,G. Voelzke,Challenger Men Singles,0.9041,1.07,0.9346,-0.0305,1,Y. Ghazouani Durand,2026-09-06T09:20:02.234579+00:00
2026-09-06T08:15:03.236499+00:00,12160606,M. Covato,L. Raquillet,Challenger Men Singles,0.4409,9.8,0.102,0.3388,1,L. Raquillet,2026-09-06T09:20:02.587891+00:00
2026-09-06T08:15:04.231472+00:00,12160595,A. Breaz,D. Lopatetska,Itf Women Singles,,2.4,0.4167,,,,
2026-09-06T08:15:05.231839+00:00,12160584,Z. Bednarz,K. Lazarenko,Itf Women Singles,,1.9,0.5263,,,,
2026-09-06T08:15:06.258988+00:00,12160583,K. Zaytseva,G. Pedone,Itf Women Singles,0.2881,1.66,0.6024,-0.3143,0,K. Zaytseva,2026-09-06T10:13:16.094271+00:00
2026-09-06T08:15:07.254682+00:00,12160579,K. Mrazikova,E. Chiesa,Itf Women Singles,0.1,2.25,0.4444,-0.3444,1,E. Chiesa,2026-09-06T12:16:42.514152+00:00
2026-09-06T08:15:08.250263+00:00,12160555,T. Loof,U. Park,Challenger Men Singles,0.0909,3.72,0.2688,-0.1779,0,T. Loof,2026-09-06T08:20:51.184403+00:00
2026-09-06T08:15:09.243551+00:00,12160554,A. Kadhe,T. Huang,Challenger Men Singles,,3.14,0.3185,,,,
2026-09-06T08:20:54.360828+00:00,12160645,M. Brunold,K. Wehnelt,Challenger Men Singles,0.6316,1.32,0.7576,-0.126,1,M. Brunold,2026-09-06T10:13:16.884363+00:00
2026-09-06T08:20:55.358451+00:00,12160817,A. Hernandez,C. Ilkel,Challenger Men Singles,,1.39,0.7194,,,,
2026-09-06T08:20:56.353489+00:00,12160816,S. Hamza Reguig,M. Zhukov,Challenger Men Singles,0.3937,2.95,0.339,0.0547,0,S. Hamza Reguig,2026-09-06T09:20:04.095698+00:00
2026-09-06T08:20:57.350540+00:00,12160815,K. Chopra,E. Kirkin,Challenger Men Singles,0.4752,2.31,0.4329,0.0423,1,E. Kirkin,2026-09-06T10:13:17.280568+00:00
2026-09-06T08:20:58.343092+00:00,12160806,M. Giunta,G. Oradini,Challenger Men Singles,0.6724,1.68,0.5952,0.0772,1,M. Giunta,2026-09-06T10:13:17.673331+00:00
2026-09-06T08:20:59.378133+00:00,12160805,F. Ferrari,G. Ferrari,Challenger Men Singles,0.1485,4.87,0.2053,-0.0568,1,G. Ferrari,2026-09-06T11:12:22.628427+00:00
2026-09-06T08:21:00.374760+00:00,12160804,A. Chepelev,J. Gschwendtner,Challenger Men Singles,0.8599,,,,1,A. Chepelev,2026-09-06T10:13:18.470632+00:00
2026-09-06T08:21:01.617221+00:00,12160675,M. Argyrokastriti,A. Lahey,Itf Women Singles,0.6593,3.8,0.2632,0.3962,0,A. Lahey,2026-09-06T11:12:22.983206+00:00
2026-09-06T08:21:02.621492+00:00,12160673,G. Bosio,M. Mazza,Itf Men Singles,0.5444,3.18,0.3145,0.23,0,M. Mazza,2026-09-06T12:16:42.948748+00:00
2026-09-06T08:21:03.613338+00:00,12160659,R. Zolotareva,A. Laboutkova,Challenger Women Singles,0.6154,1.25,0.8,-0.1846,1,R. Zolotareva,2026-09-06T10:19:56.587270+00:00
2026-09-06T08:21:04.609636+00:00,12160658,I. Yoruk,S. Samir,Challenger Women Singles,0.1801,2.2,0.4545,-0.2745,0,I. Yoruk,2026-09-06T10:13:20.041039+00:00
2026-09-06T08:21:05.608931+00:00,12160657,I. Oz,D. Jakupovic,Challenger Women Singles,0.4419,1.57,0.6369,-0.195,0,I. Oz,2026-09-06T10:13:20.436372+00:00
2026-09-06T08:21:06.606479+00:00,12160647,M. Ujvary,O. Wallin,Challenger Men Singles,0.1314,6.05,0.1653,-0.0339,1,O. Wallin,2026-09-06T10:13:20.833069+00:00
2026-09-06T08:21:07.605239+00:00,12160646,J. Sels,M. Donald,Challenger Men Singles,0.4185,3.14,0.3185,0.1,1,M. Donald,2026-09-06T09:26:21.505875+00:00
2026-09-06T08:21:08.601341+00:00,12160553,Je. Delaney,M. Haliak,Challenger Men Singles,0.2941,4.5,0.2222,0.0719,1,M. Haliak,2026-09-06T09:14:02.231055+00:00
2026-09-06T08:21:09.590017+00:00,12160630,Y. Kawahashi,A. Bastola,Challenger Men Singles,,1.05,0.9524,,,,
2026-09-06T08:21:10.615219+00:00,12160628,Y. Dzhavakian,A. Vishal Balsekar,Challenger Men Singles,0.7042,1.8,0.5556,0.1487,0,A. Vishal Balsekar,2026-09-06T11:12:23.710921+00:00
2026-09-06T08:21:11.609986+00:00,12160625,T. Kumasaka,M. Borisiouk,Challenger Men Singles,0.7917,2.13,0.4695,0.3222,0,M. Borisiouk,2026-09-06T10:13:21.621039+00:00
2026-09-06T08:21:12.606807+00:00,12160624,P. Dev S D,B. O'Connell,Challenger Men Singles,0.7317,,,,0,B. O'Connell,2026-09-06T11:12:24.077386+00:00
2026-09-06T08:21:13.641913+00:00,12160608,M. Janvier,T. J. Fancutt,Challenger Men Singles,0.6034,,,,1,M. Janvier,2026-09-06T09:14:03.611208+00:00
2026-09-06T08:21:14.641842+00:00,12160607,Y. Ghazouani Durand,G. Voelzke,Challenger Men Singles,0.9041,1.07,0.9346,-0.0305,1,Y. Ghazouani Durand,2026-09-06T09:20:09.290250+00:00
2026-09-06T08:21:15.858108+00:00,12160606,M. Covato,L. Raquillet,Challenger Men Singles,0.4409,9.8,0.102,0.3388,1,L. Raquillet,2026-09-06T09:20:09.633095+00:00
2026-09-06T08:21:16.853864+00:00,12160595,A. Breaz,D. Lopatetska,Itf Women Singles,,2.4,0.4167,,,,
2026-09-06T08:21:17.848740+00:00,12160584,Z. Bednarz,K. Lazarenko,Itf Women Singles,,1.9,0.5263,,,,
2026-09-06T08:21:18.848725+00:00,12160583,K. Zaytseva,G. Pedone,Itf Women Singles,0.2881,1.66,0.6024,-0.3143,0,K. Zaytseva,2026-09-06T10:13:22.415990+00:00
2026-09-06T08:21:19.840038+00:00,12160579,K. Mrazikova,E. Chiesa,Itf Women Singles,0.1,2.25,0.4444,-0.3444,1,E. Chiesa,2026-09-06T12:16:43.381109+00:00
2026-09-06T08:21:20.835159+00:00,12160555,T. Loof,U. Park,Challenger Men Singles,0.0909,3.72,0.2688,-0.1779,0,T. Loof,2026-09-06T08:27:13.315093+00:00
2026-09-06T08:21:21.829893+00:00,12160554,A. Kadhe,T. Huang,Challenger Men Singles,,3.14,0.3185,,,,
2026-09-06T08:27:16.477311+00:00,12160645,M. Brunold,K. Wehnelt,Challenger Men Singles,0.6316,1.32,0.7576,-0.126,1,M. Brunold,2026-09-06T10:13:23.207677+00:00
2026-09-06T08:27:17.472691+00:00,12160817,A. Hernandez,C. Ilkel,Challenger Men Singles,,1.39,0.7194,,,,
2026-09-06T08:27:18.472383+00:00,12160816,S. Hamza Reguig,M. Zhukov,Challenger Men Singles,0.3937,2.95,0.339,0.0547,0,S. Hamza Reguig,2026-09-06T09:20:10.993238+00:00
2026-09-06T08:27:19.473125+00:00,12160815,K. Chopra,E. Kirkin,Challenger Men Singles,0.4752,2.31,0.4329,0.0423,1,E. Kirkin,2026-09-06T10:13:23.605632+00:00
2026-09-06T08:27:20.473621+00:00,12160806,M. Giunta,G. Oradini,Challenger Men Singles,0.6724,1.68,0.5952,0.0772,1,M. Giunta,2026-09-06T10:13:24.003370+00:00
2026-09-06T08:27:21.468078+00:00,12160805,F. Ferrari,G. Ferrari,Challenger Men Singles,0.1485,4.87,0.2053,-0.0568,1,G. Ferrari,2026-09-06T11:12:24.795363+00:00
2026-09-06T08:27:22.507177+00:00,12160804,A. Chepelev,J. Gschwendtner,Challenger Men Singles,0.8599,,,,1,A. Chepelev,2026-09-06T10:13:24.814437+00:00
2026-09-06T08:27:23.701876+00:00,12160675,M. Argyrokastriti,A. Lahey,Itf Women Singles,0.6593,3.8,0.2632,0.3962,0,A. Lahey,2026-09-06T11:12:25.148390+00:00
2026-09-06T08:27:24.697503+00:00,12160673,G. Bosio,M. Mazza,Itf Men Singles,0.5444,3.18,0.3145,0.23,0,M. Mazza,2026-09-06T12:16:43.842464+00:00
2026-09-06T08:27:25.691452+00:00,12160659,R. Zolotareva,A. Laboutkova,Challenger Women Singles,0.6154,1.25,0.8,-0.1846,1,R. Zolotareva,2026-09-06T10:19:59.386354+00:00
2026-09-06T08:27:26.690314+00:00,12160658,I. Yoruk,S. Samir,Challenger Women Singles,0.1801,2.2,0.4545,-0.2745,0,I. Yoruk,2026-09-06T10:13:26.390620+00:00
2026-09-06T08:27:27.688794+00:00,12160657,I. Oz,D. Jakupovic,Challenger Women Singles,0.4419,1.57,0.6369,-0.195,0,I. Oz,2026-09-06T10:13:26.785770+00:00
2026-09-06T08:27:28.698855+00:00,12160647,M. Ujvary,O. Wallin,Challenger Men Singles,0.1314,6.05,0.1653,-0.0339,1,O. Wallin,2026-09-06T10:13:27.174822+00:00
2026-09-06T08:27:29.696229+00:00,12160646,J. Sels,M. Donald,Challenger Men Singles,0.4185,3.14,0.3185,0.1,1,M. Donald,2026-09-06T09:26:27.327826+00:00
2026-09-06T08:27:30.695811+00:00,12160553,Je. Delaney,M. Haliak,Challenger Men Singles,0.2941,4.5,0.2222,0.0719,1,M. Haliak,2026-09-06T09:14:09.762042+00:00
2026-09-06T08:27:31.690203+00:00,12160630,Y. Kawahashi,A. Bastola,Challenger Men Singles,,1.05,0.9524,,,,
2026-09-06T08:27:32.687191+00:00,12160628,Y. Dzhavakian,A. Vishal Balsekar,Challenger Men Singles,0.7042,1.8,0.5556,0.1487,0,A. Vishal Balsekar,2026-09-06T11:12:25.861199+00:00
2026-09-06T08:27:33.679178+00:00,12160625,T. Kumasaka,M. Borisiouk,Challenger Men Singles,0.7917,2.13,0.4695,0.3222,0,M. Borisiouk,2026-09-06T10:13:27.962710+00:00
2026-09-06T08:27:34.675043+00:00,12160624,P. Dev S D,B. O'Connell,Challenger Men Singles,0.7317,,,,0,B. O'Connell,2026-09-06T11:12:26.218642+00:00
2026-09-06T08:27:35.664729+00:00,12160608,M. Janvier,T. J. Fancutt,Challenger Men Singles,0.6034,,,,1,M. Janvier,2026-09-06T09:14:11.123544+00:00
2026-09-06T08:27:36.657302+00:00,12160607,Y. Ghazouani Durand,G. Voelzke,Challenger Men Singles,0.9041,1.07,0.9346,-0.0305,1,Y. Ghazouani Durand,2026-09-06T09:20:16.166009+00:00
2026-09-06T08:27:37.852914+00:00,12160606,M. Covato,L. Raquillet,Challenger Men Singles,0.4409,9.8,0.102,0.3388,1,L. Raquillet,2026-09-06T09:20:16.523675+00:00
2026-09-06T08:27:38.848971+00:00,12160595,A. Breaz,D. Lopatetska,Itf Women Singles,,2.4,0.4167,,,,
2026-09-06T08:27:39.844020+00:00,12160584,Z. Bednarz,K. Lazarenko,Itf Women Singles,,1.9,0.5263,,,,
2026-09-06T08:27:40.842853+00:00,12160583,K. Zaytseva,G. Pedone,Itf Women Singles,0.2881,1.66,0.6024,-0.3143,0,K. Zaytseva,2026-09-06T10:13:28.748061+00:00
2026-09-06T08:27:41.835977+00:00,12160579,K. Mrazikova,E. Chiesa,Itf Women Singles,0.1,2.25,0.4444,-0.3444,1,E. Chiesa,2026-09-06T12:16:44.275634+00:00
2026-09-06T08:27:42.829710+00:00,12160555,T. Loof,U. Park,Challenger Men Singles,0.0909,3.72,0.2688,-0.1779,0,T. Loof,2026-09-06T09:14:12.829565+00:00
2026-09-06T08:27:43.831493+00:00,12160554,A. Kadhe,T. Huang,Challenger Men Singles,,3.14,0.3185,,,,
2026-09-06T09:14:15.003956+00:00,12160673,G. Bosio,M. Mazza,Itf Men Singles,0.5444,3.18,0.3145,0.23,0,M. Mazza,2026-09-06T12:16:44.695097+00:00
2026-09-06T09:14:15.688111+00:00,12160645,M. Brunold,K. Wehnelt,Challenger Men Singles,0.6316,1.32,0.7576,-0.126,1,M. Brunold,2026-09-06T10:13:29.933698+00:00
2026-09-06T09:14:16.371375+00:00,12160646,J. Sels,M. Donald,Challenger Men Singles,0.4185,3.14,0.3185,0.1,1,M. Donald,2026-09-06T09:26:30.054724+00:00
2026-09-06T09:14:17.078315+00:00,12160647,M. Ujvary,O. Wallin,Challenger Men Singles,0.1314,6.05,0.1653,-0.0339,1,O. Wallin,2026-09-06T10:13:30.327668+00:00
2026-09-06T09:14:17.767126+00:00,12160657,I. Oz,D. Jakupovic,Challenger Women Singles,0.4419,1.57,0.6369,-0.195,0,I. Oz,2026-09-06T10:13:30.723013+00:00
2026-09-06T09:14:18.458736+00:00,12160658,I. Yoruk,S. Samir,Challenger Women Singles,0.1801,2.2,0.4545,-0.2745,0,I. Yoruk,2026-09-06T10:13:31.126467+00:00
2026-09-06T09:14:19.135803+00:00,12160659,R. Zolotareva,A. Laboutkova,Challenger Women Singles,0.6154,1.25,0.8,-0.1846,1,R. Zolotareva,2026-09-06T10:20:01.372004+00:00
2026-09-06T09:14:19.851167+00:00,12160665,A. Monnot,L. Nguyen Tan,Challenger Women Singles,0.6,1.53,0.6536,-0.0536,0,L. Nguyen Tan,2026-09-06T12:16:45.142265+00:00
2026-09-06T09:14:20.534401+00:00,12160666,J. Niemeier,L. Ciric Bagaric,Challenger Women Singles,0.4641,1.73,0.578,-0.114,1,L. Ciric Bagaric,2026-09-06T11:12:27.667788+00:00
2026-09-06T09:14:21.233523+00:00,12160635,A. Sanchez Quilez,A. Turriziani Alvarez,Challenger Men Singles,0.7818,1.08,0.9259,-0.1441,0,A. Turriziani Alvarez,2026-09-06T11:12:28.026199+00:00
2026-09-06T09:14:21.970533+00:00,12160675,M. Argyrokastriti,A. Lahey,Itf Women Singles,0.6593,3.8,0.2632,0.3962,0,A. Lahey,2026-09-06T11:12:28.388826+00:00
2026-09-06T09:14:22.655932+00:00,12160804,A. Chepelev,J. Gschwendtner,Challenger Men Singles,0.8599,,,,1,A. Chepelev,2026-09-06T10:13:33.493210+00:00
2026-09-06T09:14:23.391149+00:00,12160805,F. Ferrari,G. Ferrari,Challenger Men Singles,0.1485,4.87,0.2053,-0.0568,1,G. Ferrari,2026-09-06T11:12:28.767269+00:00
2026-09-06T09:14:24.082315+00:00,12160806,M. Giunta,G. Oradini,Challenger Men Singles,0.6724,1.68,0.5952,0.0772,1,M. Giunta,2026-09-06T10:13:34.279078+00:00
2026-09-06T09:14:24.764852+00:00,12160815,K. Chopra,E. Kirkin,Challenger Men Singles,0.4752,2.31,0.4329,0.0423,1,E. Kirkin,2026-09-06T10:13:34.675608+00:00
2026-09-06T09:14:25.449742+00:00,12160816,S. Hamza Reguig,M. Zhukov,Challenger Men Singles,0.3937,2.95,0.339,0.0547,0,S. Hamza Reguig,2026-09-06T09:20:22.689617+00:00
2026-09-06T09:14:26.140050+00:00,12160819,B. Hassan,M. Ilhan,Challenger Men Singles,,1.04,0.9615,,,,
2026-09-06T09:14:26.831236+00:00,12160592,R. Nijboer,M. Van Der Meerschen,Itf Men Singles,0.5503,1.41,0.7092,-0.1589,1,R. Nijboer,2026-09-06T11:12:29.120669+00:00
2026-09-06T09:14:27.528192+00:00,12160557,R. Nakamura,H. Liu,Challenger Men Singles,,,,,,,
2026-09-06T09:14:28.234907+00:00,12160558,S. Nam Ji,J. Charlton,Challenger Men Singles,0.3051,2.1,0.4762,-0.1711,0,S. Nam Ji,2026-09-06T11:12:29.486797+00:00
2026-09-06T09:14:28.922248+00:00,12160562,C. Bouchelaghem,A. Dougaz,Itf Men Singles,0.5116,3.66,0.2732,0.2384,0,A. Dougaz,2026-09-06T11:12:29.848045+00:00
2026-09-06T09:14:29.599917+00:00,12160564,L. Lagerbohm,J. Hallquist Lithen,Itf Men Singles,0.2911,2.0,0.5,-0.2089,1,J. Hallquist Lithen,2026-09-06T12:16:45.559799+00:00
2026-09-06T09:14:30.295355+00:00,12160578,C. Ansari,E. Tse,Itf Women Singles,0.9226,,,,1,C. Ansari,2026-09-06T12:16:46.023323+00:00
2026-09-06T09:14:31.022907+00:00,12160579,K. Mrazikova,E. Chiesa,Itf Women Singles,0.1,2.25,0.4444,-0.3444,1,E. Chiesa,2026-09-06T12:16:46.460174+00:00
2026-09-06T09:14:31.705244+00:00,12160583,K. Zaytseva,G. Pedone,Itf Women Singles,0.2881,1.66,0.6024,-0.3143,0,K. Zaytseva,2026-09-06T10:13:37.445513+00:00
2026-09-06T09:14:32.413940+00:00,12160584,Z. Bednarz,K. Lazarenko,Itf Women Singles,,1.9,0.5263,,,,
2026-09-06T09:14:33.094771+00:00,12160556,W. K. Leong M.,T. Yuzuki,Challenger Men Singles,0.9036,1.29,0.7752,0.1284,1,W. K. Leong M.,2026-09-06T11:12:31.296230+00:00
2026-09-06T09:14:33.775904+00:00,12160595,A. Breaz,D. Lopatetska,Itf Women Singles,,2.4,0.4167,,,,
2026-09-06T09:14:34.454542+00:00,12160596,F. Trevisan,N. Maines,Itf Women Singles,0.2892,1.26,0.7937,-0.5045,0,F. Trevisan,2026-09-06T11:12:31.650697+00:00
2026-09-06T09:14:35.134443+00:00,12160606,M. Covato,L. Raquillet,Challenger Men Singles,0.4409,9.8,0.102,0.3388,1,L. Raquillet,2026-09-06T09:20:26.082724+00:00
2026-09-06T09:14:35.812251+00:00,12160607,Y. Ghazouani Durand,G. Voelzke,Challenger Men Singles,0.9041,1.07,0.9346,-0.0305,1,Y. Ghazouani Durand,2026-09-06T09:20:26.426758+00:00
2026-09-06T09:14:36.549176+00:00,12160632,G. Kravchenko,Y. Milev,Challenger Men Singles,0.8125,1.52,0.6579,0.1546,1,G. Kravchenko,2026-09-06T10:26:38.688661+00:00
2026-09-06T09:14:37.227705+00:00,12160633,O. Covian Roca de Togores,A. Marti Pujolras,Challenger Men Singles,,11.0,0.0909,,,,
2026-09-06T09:14:37.915671+00:00,12160634,O. Roca Batalla,I. Radulov,Challenger Men Singles,0.7117,1.31,0.7634,-0.0516,1,O. Roca Batalla,2026-09-06T12:16:46.910714+00:00
2026-09-06T09:20:29.364683+00:00,12160666,J. Niemeier,L. Ciric Bagaric,Challenger Women Singles,0.4641,1.73,0.578,-0.114,1,L. Ciric Bagaric,2026-09-06T11:12:32.359110+00:00
2026-09-06T09:20:30.128282+00:00,12160635,A. Sanchez Quilez,A. Turriziani Alvarez,Challenger Men Singles,0.7818,1.08,0.9259,-0.1441,0,A. Turriziani Alvarez,2026-09-06T11:12:32.721720+00:00
2026-09-06T09:20:30.852720+00:00,12160645,M. Brunold,K. Wehnelt,Challenger Men Singles,0.6316,1.32,0.7576,-0.126,1,M. Brunold,2026-09-06T10:13:40.216710+00:00
2026-09-06T09:20:31.536898+00:00,12160646,J. Sels,M. Donald,Challenger Men Singles,0.4185,3.14,0.3185,0.1,1,M. Donald,2026-09-06T09:26:39.311510+00:00
2026-09-06T09:20:32.225316+00:00,12160647,M. Ujvary,O. Wallin,Challenger Men Singles,0.1314,6.05,0.1653,-0.0339,1,O. Wallin,2026-09-06T10:13:40.607091+00:00
2026-09-06T09:20:32.915285+00:00,12160657,I. Oz,D. Jakupovic,Challenger Women Singles,0.4419,1.57,0.6369,-0.195,0,I. Oz,2026-09-06T10:13:41.003021+00:00
2026-09-06T09:20:33.623040+00:00,12160658,I. Yoruk,S. Samir,Challenger Women Singles,0.1801,2.2,0.4545,-0.2745,0,I. Yoruk,2026-09-06T10:13:41.398202+00:00
2026-09-06T09:20:34.326565+00:00,12160659,R. Zolotareva,A. Laboutkova,Challenger Women Singles,0.6154,1.25,0.8,-0.1846,1,R. Zolotareva,2026-09-06T10:20:08.472578+00:00
2026-09-06T09:20:35.011966+00:00,12160665,A. Monnot,L. Nguyen Tan,Challenger Women Singles,0.6,1.53,0.6536,-0.0536,0,L. Nguyen Tan,2026-09-06T12:16:47.328461+00:00
2026-09-06T09:20:35.702851+00:00,12160634,O. Roca Batalla,I. Radulov,Challenger Men Singles,0.7117,1.31,0.7634,-0.0516,1,O. Roca Batalla,2026-09-06T12:16:47.772956+00:00
2026-09-06T09:20:36.387448+00:00,12160673,G. Bosio,M. Mazza,Itf Men Singles,0.5444,3.18,0.3145,0.23,0,M. Mazza,2026-09-06T12:16:48.220476+00:00
2026-09-06T09:20:37.071626+00:00,12160675,M. Argyrokastriti,A. Lahey,Itf Women Singles,0.6593,3.8,0.2632,0.3962,0,A. Lahey,2026-09-06T11:12:34.190015+00:00
2026-09-06T09:20:37.762870+00:00,12160804,A. Chepelev,J. Gschwendtner,Challenger Men Singles,0.8599,,,,1,A. Chepelev,2026-09-06T10:13:43.789285+00:00
2026-09-06T09:20:38.508347+00:00,12160805,F. Ferrari,G. Ferrari,Challenger Men Singles,0.1485,4.87,0.2053,-0.0568,1,G. Ferrari,2026-09-06T11:12:34.552820+00:00
2026-09-06T09:20:39.236561+00:00,12160806,M. Giunta,G. Oradini,Challenger Men Singles,0.6724,1.68,0.5952,0.0772,1,M. Giunta,2026-09-06T10:13:44.576509+00:00
2026-09-06T09:20:39.915721+00:00,12160815,K. Chopra,E. Kirkin,Challenger Men Singles,0.4752,2.31,0.4329,0.0423,1,E. Kirkin,2026-09-06T10:13:44.971768+00:00
2026-09-06T09:20:40.682878+00:00,12160816,S. Hamza Reguig,M. Zhukov,Challenger Men Singles,0.3937,2.95,0.339,0.0547,0,S. Hamza Reguig,2026-09-06T09:26:43.743216+00:00
2026-09-06T09:20:41.370196+00:00,12160819,B. Hassan,M. Ilhan,Challenger Men Singles,,1.04,0.9615,,,,
2026-09-06T09:20:42.065548+00:00,12160592,R. Nijboer,M. Van Der Meerschen,Itf Men Singles,0.5503,1.41,0.7092,-0.1589,1,R. Nijboer,2026-09-06T11:12:34.911631+00:00
2026-09-06T09:20:42.749263+00:00,12160557,R. Nakamura,H. Liu,Challenger Men Singles,,,,,,,
2026-09-06T09:20:43.427982+00:00,12160558,S. Nam Ji,J. Charlton,Challenger Men Singles,0.3051,2.1,0.4762,-0.1711,0,S. Nam Ji,2026-09-06T11:12:35.264226+00:00
2026-09-06T09:20:44.115415+00:00,12160562,C. Bouchelaghem,A. Dougaz,Itf Men Singles,0.5116,3.66,0.2732,0.2384,0,A. Dougaz,2026-09-06T11:12:35.630101+00:00
2026-09-06T09:20:44.799843+00:00,12160564,L. Lagerbohm,J. Hallquist Lithen,Itf Men Singles,0.2911,2.0,0.5,-0.2089,1,J. Hallquist Lithen,2026-09-06T12:16:48.653681+00:00
2026-09-06T09:20:45.478747+00:00,12160578,C. Ansari,E. Tse,Itf Women Singles,0.9226,,,,1,C. Ansari,2026-09-06T12:16:49.082589+00:00
2026-09-06T09:20:46.594528+00:00,12160579,K. Mrazikova,E. Chiesa,Itf Women Singles,0.1,2.25,0.4444,-0.3444,1,E. Chiesa,2026-09-06T12:16:49.517874+00:00
2026-09-06T09:20:47.274783+00:00,12160583,K. Zaytseva,G. Pedone,Itf Women Singles,0.2881,1.66,0.6024,-0.3143,0,K. Zaytseva,2026-09-06T10:13:47.761359+00:00
2026-09-06T09:20:47.958588+00:00,12160584,Z. Bednarz,K. Lazarenko,Itf Women Singles,,1.9,0.5263,,,,
2026-09-06T09:20:48.644531+00:00,12160556,W. K. Leong M.,T. Yuzuki,Challenger Men Singles,0.9036,1.29,0.7752,0.1284,1,W. K. Leong M.,2026-09-06T11:12:37.119132+00:00
2026-09-06T09:20:49.328104+00:00,12160595,A. Breaz,D. Lopatetska,Itf Women Singles,,2.4,0.4167,,,,
2026-09-06T09:20:50.006996+00:00,12160596,F. Trevisan,N. Maines,Itf Women Singles,0.2892,1.26,0.7937,-0.5045,0,F. Trevisan,2026-09-06T11:12:37.513380+00:00
2026-09-06T09:20:50.694510+00:00,12160606,M. Covato,L. Raquillet,Challenger Men Singles,0.4409,9.8,0.102,0.3388,1,L. Raquillet,2026-09-06T09:26:47.155790+00:00
2026-09-06T09:20:51.391496+00:00,12160607,Y. Ghazouani Durand,G. Voelzke,Challenger Men Singles,0.9041,1.07,0.9346,-0.0305,1,Y. Ghazouani Durand,2026-09-06T09:26:47.495860+00:00
2026-09-06T09:20:52.122413+00:00,12160609,M. Dhamne,W. Rejchtman Vinciguerra,Challenger Men Singles,0.8242,1.17,0.8547,-0.0305,1,M. Dhamne,2026-09-06T11:12:37.869992+00:00
2026-09-06T09:20:52.858281+00:00,12160632,G. Kravchenko,Y. Milev,Challenger Men Singles,0.8125,1.52,0.6579,0.1546,1,G. Kravchenko,2026-09-06T10:26:45.795560+00:00
2026-09-06T09:20:53.544156+00:00,12160633,O. Covian Roca de Togores,A. Marti Pujolras,Challenger Men Singles,,23.08,0.0433,,,,
2026-09-06T09:26:50.399415+00:00,12160666,J. Niemeier,L. Ciric Bagaric,Challenger Women Singles,0.4641,1.73,0.578,-0.114,1,L. Ciric Bagaric,2026-09-06T11:12:38.221060+00:00
2026-09-06T09:26:51.084500+00:00,12160635,A. Sanchez Quilez,A. Turriziani Alvarez,Challenger Men Singles,0.7818,1.08,0.9259,-0.1441,0,A. Turriziani Alvarez,2026-09-06T11:12:38.578373+00:00
2026-09-06T09:26:51.810291+00:00,12160645,M. Brunold,K. Wehnelt,Challenger Men Singles,0.6316,1.32,0.7576,-0.126,1,M. Brunold,2026-09-06T10:13:50.549914+00:00
2026-09-06T09:26:52.487441+00:00,12160646,J. Sels,M. Donald,Challenger Men Singles,0.4185,3.14,0.3185,0.1,1,M. Donald,2026-09-06T10:13:50.942732+00:00
2026-09-06T09:26:53.186811+00:00,12160647,M. Ujvary,O. Wallin,Challenger Men Singles,0.1314,6.05,0.1653,-0.0339,1,O. Wallin,2026-09-06T10:13:51.336439+00:00
2026-09-06T09:26:53.879937+00:00,12160657,I. Oz,D. Jakupovic,Challenger Women Singles,0.4419,1.57,0.6369,-0.195,0,I. Oz,2026-09-06T10:13:51.730227+00:00
2026-09-06T09:26:54.629901+00:00,12160658,I. Yoruk,S. Samir,Challenger Women Singles,0.1801,2.2,0.4545,-0.2745,0,I. Yoruk,2026-09-06T10:13:52.124323+00:00
2026-09-06T09:26:55.311725+00:00,12160659,R. Zolotareva,A. Laboutkova,Challenger Women Singles,0.6154,1.25,0.8,-0.1846,1,R. Zolotareva,2026-09-06T10:13:52.517323+00:00
2026-09-06T09:26:55.990852+00:00,12160665,A. Monnot,L. Nguyen Tan,Challenger Women Singles,0.6,1.53,0.6536,-0.0536,0,L. Nguyen Tan,2026-09-06T12:16:49.954690+00:00
2026-09-06T09:26:56.672833+00:00,12160634,O. Roca Batalla,I. Radulov,Challenger Men Singles,0.7117,1.31,0.7634,-0.0516,1,O. Roca Batalla,2026-09-06T12:16:50.389061+00:00
2026-09-06T09:26:57.418386+00:00,12160673,G. Bosio,M. Mazza,Itf Men Singles,0.5444,3.18,0.3145,0.23,0,M. Mazza,2026-09-06T12:16:50.838339+00:00
2026-09-06T09:26:58.101260+00:00,12160675,M. Argyrokastriti,A. Lahey,Itf Women Singles,0.6593,3.8,0.2632,0.3962,0,A. Lahey,2026-09-06T11:12:40.020312+00:00
2026-09-06T09:26:58.781202+00:00,12160804,A. Chepelev,J. Gschwendtner,Challenger Men Singles,0.8599,,,,1,A. Chepelev,2026-09-06T10:13:54.489433+00:00
2026-09-06T09:26:59.509381+00:00,12160805,F. Ferrari,G. Ferrari,Challenger Men Singles,0.1485,4.87,0.2053,-0.0568,1,G. Ferrari,2026-09-06T11:12:40.375709+00:00
2026-09-06T09:27:00.211560+00:00,12160806,M. Giunta,G. Oradini,Challenger Men Singles,0.6724,1.68,0.5952,0.0772,1,M. Giunta,2026-09-06T10:13:55.279965+00:00
2026-09-06T09:27:00.897934+00:00,12160815,K. Chopra,E. Kirkin,Challenger Men Singles,0.4752,2.31,0.4329,0.0423,1,E. Kirkin,2026-09-06T10:13:55.674973+00:00
2026-09-06T09:27:01.579157+00:00,12160816,S. Hamza Reguig,M. Zhukov,Challenger Men Singles,0.3937,2.95,0.339,0.0547,0,S. Hamza Reguig,2026-09-06T10:13:56.068433+00:00
2026-09-06T09:27:02.259086+00:00,12160819,B. Hassan,M. Ilhan,Challenger Men Singles,,1.04,0.9615,,,,
2026-09-06T09:27:02.939724+00:00,12160592,R. Nijboer,M. Van Der Meerschen,Itf Men Singles,0.5503,1.41,0.7092,-0.1589,1,R. Nijboer,2026-09-06T11:12:40.741383+00:00
2026-09-06T09:27:03.617766+00:00,12160557,R. Nakamura,H. Liu,Challenger Men Singles,,,,,,,
2026-09-06T09:27:04.300853+00:00,12160558,S. Nam Ji,J. Charlton,Challenger Men Singles,0.3051,2.1,0.4762,-0.1711,0,S. Nam Ji,2026-09-06T11:12:41.109173+00:00
2026-09-06T09:27:04.978798+00:00,12160562,C. Bouchelaghem,A. Dougaz,Itf Men Singles,0.5116,3.66,0.2732,0.2384,0,A. Dougaz,2026-09-06T11:12:41.461445+00:00
2026-09-06T09:27:05.670402+00:00,12160564,L. Lagerbohm,J. Hallquist Lithen,Itf Men Singles,0.2911,2.0,0.5,-0.2089,1,J. Hallquist Lithen,2026-09-06T12:16:51.385163+00:00
2026-09-06T09:27:06.351260+00:00,12160578,C. Ansari,E. Tse,Itf Women Singles,0.9226,,,,1,C. Ansari,2026-09-06T12:16:51.831648+00:00
2026-09-06T09:27:07.079724+00:00,12160579,K. Mrazikova,E. Chiesa,Itf Women Singles,0.1,2.25,0.4444,-0.3444,1,E. Chiesa,2026-09-06T12:16:52.282700+00:00
2026-09-06T09:27:07.757213+00:00,12160583,K. Zaytseva,G. Pedone,Itf Women Singles,0.2881,1.66,0.6024,-0.3143,0,K. Zaytseva,2026-09-06T10:13:58.842430+00:00
2026-09-06T09:27:08.436496+00:00,12160584,Z. Bednarz,K. Lazarenko,Itf Women Singles,,1.9,0.5263,,,,
2026-09-06T09:27:09.121634+00:00,12160556,W. K. Leong M.,T. Yuzuki,Challenger Men Singles,0.9036,1.29,0.7752,0.1284,1,W. K. Leong M.,2026-09-06T11:12:42.918099+00:00
2026-09-06T09:27:09.796405+00:00,12160595,A. Breaz,D. Lopatetska,Itf Women Singles,,2.4,0.4167,,,,
2026-09-06T09:27:10.474550+00:00,12160596,F. Trevisan,N. Maines,Itf Women Singles,0.2892,1.26,0.7937,-0.5045,0,F. Trevisan,2026-09-06T11:12:43.282724+00:00
2026-09-06T09:27:11.150880+00:00,12160606,M. Covato,L. Raquillet,Challenger Men Singles,0.4409,9.8,0.102,0.3388,1,L. Raquillet,2026-09-06T10:14:00.029976+00:00
2026-09-06T09:27:11.833572+00:00,12160607,Y. Ghazouani Durand,G. Voelzke,Challenger Men Singles,0.9041,1.07,0.9346,-0.0305,1,Y. Ghazouani Durand,2026-09-06T10:14:00.429830+00:00
2026-09-06T09:27:12.560834+00:00,12160609,M. Dhamne,W. Rejchtman Vinciguerra,Challenger Men Singles,0.8242,1.17,0.8547,-0.0305,1,M. Dhamne,2026-09-06T11:12:43.634736+00:00
2026-09-06T09:27:13.315720+00:00,12160632,G. Kravchenko,Y. Milev,Challenger Men Singles,0.8125,1.52,0.6579,0.1546,1,G. Kravchenko,2026-09-06T10:26:52.522212+00:00
2026-09-06T09:27:13.998274+00:00,12160633,O. Covian Roca de Togores,A. Marti Pujolras,Challenger Men Singles,,23.08,0.0433,,,,
2026-09-06T10:14:03.818518+00:00,12160666,J. Niemeier,L. Ciric Bagaric,Challenger Women Singles,0.4641,1.73,0.578,-0.114,1,L. Ciric Bagaric,2026-09-06T11:12:43.992938+00:00
2026-09-06T10:14:04.609504+00:00,12160634,O. Roca Batalla,I. Radulov,Challenger Men Singles,0.7117,1.31,0.7634,-0.0516,1,O. Roca Batalla,2026-09-06T12:16:52.732374+00:00
2026-09-06T10:14:05.403335+00:00,12160635,A. Sanchez Quilez,A. Turriziani Alvarez,Challenger Men Singles,0.7818,1.08,0.9259,-0.1441,0,A. Turriziani Alvarez,2026-09-06T11:12:44.713794+00:00
2026-09-06T10:14:06.465739+00:00,12160636,S. Purtseladze,I. Almazan Valiente,Challenger Men Singles,0.4259,2.56,0.3906,0.0353,1,I. Almazan Valiente,2026-09-06T12:16:53.169679+00:00
2026-09-06T10:14:07.250569+00:00,12160648,N. Gombos,A. Wagner,Challenger Men Singles,0.9156,1.04,0.9615,-0.046,1,N. Gombos,2026-09-06T11:12:45.524193+00:00
2026-09-06T10:14:08.186625+00:00,12160649,O. Prihodko,I. Gakhov,Challenger Men Singles,0.553,1.59,0.6289,-0.0759,1,O. Prihodko,2026-09-06T12:16:53.636567+00:00
2026-09-06T10:14:08.979251+00:00,12160650,D. Siniakov,N. Visker,Challenger Men Singles,0.4433,1.9,0.5263,-0.083,0,D. Siniakov,2026-09-06T12:16:54.081649+00:00
2026-09-06T10:14:09.773016+00:00,12160659,R. Zolotareva,A. Laboutkova,Challenger Women Singles,0.6154,1.25,0.8,-0.1846,1,R. Zolotareva,2026-09-06T10:20:24.377701+00:00
2026-09-06T10:14:10.561080+00:00,12160662,N. Schunk,C. Oz,Challenger Women Singles,,,,,,,
2026-09-06T10:14:11.346024+00:00,12160665,A. Monnot,L. Nguyen Tan,Challenger Women Singles,0.6,1.53,0.6536,-0.0536,0,L. Nguyen Tan,2026-09-06T12:16:54.500340+00:00
2026-09-06T10:14:12.352661+00:00,12160633,O. Covian Roca de Togores,A. Marti Pujolras,Challenger Men Singles,,23.08,0.0433,,,,
2026-09-06T10:14:13.240130+00:00,12160673,G. Bosio,M. Mazza,Itf Men Singles,0.5444,3.18,0.3145,0.23,0,M. Mazza,2026-09-06T12:16:54.943583+00:00
2026-09-06T10:14:14.072165+00:00,12160675,M. Argyrokastriti,A. Lahey,Itf Women Singles,0.6593,3.8,0.2632,0.3962,0,A. Lahey,2026-09-06T11:12:47.335063+00:00
2026-09-06T10:14:14.862626+00:00,12160805,F. Ferrari,G. Ferrari,Challenger Men Singles,0.1485,4.87,0.2053,-0.0568,1,G. Ferrari,2026-09-06T11:12:47.689477+00:00
2026-09-06T10:14:15.684199+00:00,12160806,M. Giunta,G. Oradini,Challenger Men Singles,0.6724,1.68,0.5952,0.0772,1,M. Giunta,2026-09-06T10:20:26.346677+00:00
2026-09-06T10:14:16.496983+00:00,12160818,G. A. Boitan,Z. Aydin,Challenger Men Singles,,,,,,,
2026-09-06T10:14:17.437201+00:00,12160820,T. Tokac,T. Duran,Challenger Men Singles,0.0656,3.55,0.2817,-0.2161,1,T. Duran,2026-09-06T11:12:48.057810+00:00
2026-09-06T10:14:18.228502+00:00,12160823,L. Wessels,A. Kachmazov,Challenger Men Singles,0.7381,2.37,0.4219,0.3162,0,A. Kachmazov,2026-09-06T12:16:55.379615+00:00
2026-09-06T10:14:19.051089+00:00,12160827,C. Van Zonneveld,M. Horvit,Itf Women Singles,0.1552,3.25,0.3077,-0.1525,0,C. Van Zonneveld,2026-09-06T12:16:55.816736+00:00
2026-09-06T10:14:19.872164+00:00,12160596,F. Trevisan,N. Maines,Itf Women Singles,0.2892,1.26,0.7937,-0.5045,0,F. Trevisan,2026-09-06T11:12:49.150578+00:00
2026-09-06T10:14:20.665460+00:00,12160558,S. Nam Ji,J. Charlton,Challenger Men Singles,0.3051,2.1,0.4762,-0.1711,0,S. Nam Ji,2026-09-06T11:12:49.519972+00:00
2026-09-06T10:14:21.463851+00:00,12160560,A. Wang,Y. Zeng,Challenger Men Singles,0.4762,2.2,0.4545,0.0216,1,Y. Zeng,2026-09-06T11:19:06.140763+00:00
2026-09-06T10:14:22.260094+00:00,12160562,C. Bouchelaghem,A. Dougaz,Itf Men Singles,0.5116,3.66,0.2732,0.2384,0,A. Dougaz,2026-09-06T11:12:50.237613+00:00
2026-09-06T10:14:23.046667+00:00,12160564,L. Lagerbohm,J. Hallquist Lithen,Itf Men Singles,0.2911,2.0,0.5,-0.2089,1,J. Hallquist Lithen,2026-09-06T12:16:56.251754+00:00
2026-09-06T10:14:23.852182+00:00,12160578,C. Ansari,E. Tse,Itf Women Singles,0.9226,,,,1,C. Ansari,2026-09-06T12:16:56.684030+00:00
2026-09-06T10:14:24.730939+00:00,12160579,K. Mrazikova,E. Chiesa,Itf Women Singles,0.1,2.25,0.4444,-0.3444,1,E. Chiesa,2026-09-06T12:16:57.102225+00:00
2026-09-06T10:14:25.525411+00:00,12160584,Z. Bednarz,K. Lazarenko,Itf Women Singles,,1.9,0.5263,,,,
2026-09-06T10:14:26.312311+00:00,12160592,R. Nijboer,M. Van Der Meerschen,Itf Men Singles,0.5503,1.41,0.7092,-0.1589,1,R. Nijboer,2026-09-06T11:12:51.657084+00:00
2026-09-06T10:14:27.100664+00:00,12160595,A. Breaz,D. Lopatetska,Itf Women Singles,,2.4,0.4167,,,,
2026-09-06T10:14:27.897219+00:00,12160556,W. K. Leong M.,T. Yuzuki,Challenger Men Singles,0.9036,1.29,0.7752,0.1284,1,W. K. Leong M.,2026-09-06T11:12:52.031995+00:00
2026-09-06T10:14:28.703012+00:00,12160598,F. Mena,H. Dellien,Challenger Men Singles,0.3013,3.74,0.2674,0.0339,0,F. Mena,2026-09-06T12:16:57.525903+00:00
2026-09-06T10:14:29.493328+00:00,12160609,M. Dhamne,W. Rejchtman Vinciguerra,Challenger Men Singles,0.8242,1.17,0.8547,-0.0305,1,M. Dhamne,2026-09-06T11:12:52.752359+00:00
2026-09-06T10:14:30.380554+00:00,12160610,A. Escoffier,A. Soriano Barrera,Challenger Men Singles,0.3043,2.1,0.4762,-0.1718,0,A. Escoffier,2026-09-06T11:12:53.115321+00:00
2026-09-06T10:14:31.170478+00:00,12160611,O. Paldanius,N. Tepmahc,Challenger Men Singles,0.3548,1.37,0.7299,-0.3751,0,O. Paldanius,2026-09-06T11:19:08.022515+00:00
2026-09-06T10:14:31.955376+00:00,12160624,P. Dev S D,B. O'Connell,Challenger Men Singles,0.7317,,,,0,B. O'Connell,2026-09-06T11:12:53.829063+00:00
2026-09-06T10:14:32.746064+00:00,12160628,Y. Dzhavakian,A. Vishal Balsekar,Challenger Men Singles,0.7042,1.8,0.5556,0.1487,0,A. Vishal Balsekar,2026-09-06T11:12:54.194669+00:00
2026-09-06T10:14:33.528475+00:00,12160631,D. J. Kim,K. Tamm,Challenger Men Singles,0.8033,,,,,,
2026-09-06T10:14:34.406963+00:00,12160632,G. Kravchenko,Y. Milev,Challenger Men Singles,0.8125,1.52,0.6579,0.1546,1,G. Kravchenko,2026-09-06T10:27:04.779176+00:00
2026-09-06T10:20:36.929401+00:00,12160665,A. Monnot,L. Nguyen Tan,Challenger Women Singles,0.6,1.53,0.6536,-0.0536,0,L. Nguyen Tan,2026-09-06T12:16:58.439525+00:00
2026-09-06T10:20:37.721760+00:00,12160634,O. Roca Batalla,I. Radulov,Challenger Men Singles,0.7117,1.31,0.7634,-0.0516,1,O. Roca Batalla,2026-09-06T12:16:58.890991+00:00
2026-09-06T10:20:38.508558+00:00,12160635,A. Sanchez Quilez,A. Turriziani Alvarez,Challenger Men Singles,0.7818,1.08,0.9259,-0.1441,0,A. Turriziani Alvarez,2026-09-06T11:12:55.651401+00:00
2026-09-06T10:20:39.412969+00:00,12160636,S. Purtseladze,I. Almazan Valiente,Challenger Men Singles,0.4259,2.56,0.3906,0.0353,1,I. Almazan Valiente,2026-09-06T12:16:59.317243+00:00
2026-09-06T10:20:40.203729+00:00,12160648,N. Gombos,A. Wagner,Challenger Men Singles,0.9156,1.04,0.9615,-0.046,1,N. Gombos,2026-09-06T11:12:56.369524+00:00
2026-09-06T10:20:41.108644+00:00,12160649,O. Prihodko,I. Gakhov,Challenger Men Singles,0.553,1.59,0.6289,-0.0759,1,O. Prihodko,2026-09-06T12:16:59.756581+00:00
2026-09-06T10:20:41.905721+00:00,12160650,D. Siniakov,N. Visker,Challenger Men Singles,0.4433,1.9,0.5263,-0.083,0,D. Siniakov,2026-09-06T12:17:00.214362+00:00
2026-09-06T10:20:42.699705+00:00,12160659,R. Zolotareva,A. Laboutkova,Challenger Women Singles,0.6154,1.25,0.8,-0.1846,1,R. Zolotareva,2026-09-06T10:27:07.932735+00:00
2026-09-06T10:20:43.484859+00:00,12160660,R. Dencheva,A. Lacinova,Challenger Women Singles,,,,,,,
2026-09-06T10:20:44.271473+00:00,12160662,N. Schunk,C. Oz,Challenger Women Singles,,,,,,,
2026-09-06T10:20:45.063710+00:00,12160632,G. Kravchenko,Y. Milev,Challenger Men Singles,0.8125,1.52,0.6579,0.1546,1,G. Kravchenko,2026-09-06T10:27:08.325433+00:00
2026-09-06T10:20:45.858100+00:00,12160666,J. Niemeier,L. Ciric Bagaric,Challenger Women Singles,0.4641,1.73,0.578,-0.114,1,L. Ciric Bagaric,2026-09-06T11:12:57.443074+00:00
2026-09-06T10:20:46.644715+00:00,12160673,G. Bosio,M. Mazza,Itf Men Singles,0.5444,3.18,0.3145,0.23,0,M. Mazza,2026-09-06T12:17:00.661404+00:00
2026-09-06T10:20:47.440724+00:00,12160675,M. Argyrokastriti,A. Lahey,Itf Women Singles,0.6593,3.8,0.2632,0.3962,0,A. Lahey,2026-09-06T11:12:58.163846+00:00
2026-09-06T10:20:48.237374+00:00,12160805,F. Ferrari,G. Ferrari,Challenger Men Singles,0.1485,4.87,0.2053,-0.0568,1,G. Ferrari,2026-09-06T11:12:58.532505+00:00
2026-09-06T10:20:49.027419+00:00,12160807,S. Popovic,O. Krutykh,Challenger Men Singles,0.3558,4.45,0.2247,0.1311,1,O. Krutykh,2026-09-06T12:23:11.746227+00:00
2026-09-06T10:20:49.813416+00:00,12160818,G. A. Boitan,Z. Aydin,Challenger Men Singles,,,,,,,
2026-09-06T10:20:50.600996+00:00,12160820,T. Tokac,T. Duran,Challenger Men Singles,0.0656,3.55,0.2817,-0.2161,1,T. Duran,2026-09-06T11:12:59.251257+00:00
2026-09-06T10:20:51.394050+00:00,12160823,L. Wessels,A. Kachmazov,Challenger Men Singles,0.7381,2.37,0.4219,0.3162,0,A. Kachmazov,2026-09-06T12:17:01.517462+00:00
2026-09-06T10:20:52.182722+00:00,12160827,C. Van Zonneveld,M. Horvit,Itf Women Singles,0.1552,3.25,0.3077,-0.1525,0,C. Van Zonneveld,2026-09-06T12:17:01.952494+00:00
2026-09-06T10:20:52.965377+00:00,12160596,F. Trevisan,N. Maines,Itf Women Singles,0.2892,1.26,0.7937,-0.5045,0,F. Trevisan,2026-09-06T11:13:00.335907+00:00
2026-09-06T10:20:53.765601+00:00,12160558,S. Nam Ji,J. Charlton,Challenger Men Singles,0.3051,2.1,0.4762,-0.1711,0,S. Nam Ji,2026-09-06T11:13:00.695912+00:00
2026-09-06T10:20:54.552716+00:00,12160560,A. Wang,Y. Zeng,Challenger Men Singles,0.4762,2.2,0.4545,0.0216,1,Y. Zeng,2026-09-06T11:19:11.994394+00:00
2026-09-06T10:20:55.344445+00:00,12160562,C. Bouchelaghem,A. Dougaz,Itf Men Singles,0.5116,3.66,0.2732,0.2384,0,A. Dougaz,2026-09-06T11:13:01.416439+00:00
2026-09-06T10:20:56.133566+00:00,12160564,L. Lagerbohm,J. Hallquist Lithen,Itf Men Singles,0.2911,2.0,0.5,-0.2089,1,J. Hallquist Lithen,2026-09-06T12:17:02.399019+00:00
2026-09-06T10:20:56.920985+00:00,12160578,C. Ansari,E. Tse,Itf Women Singles,0.9226,,,,1,C. Ansari,2026-09-06T12:17:02.831445+00:00
2026-09-06T10:20:57.874830+00:00,12160579,K. Mrazikova,E. Chiesa,Itf Women Singles,0.1,2.25,0.4444,-0.3444,1,E. Chiesa,2026-09-06T12:17:03.266374+00:00
2026-09-06T10:20:58.663400+00:00,12160584,Z. Bednarz,K. Lazarenko,Itf Women Singles,,1.9,0.5263,,,,
2026-09-06T10:20:59.453912+00:00,12160592,R. Nijboer,M. Van Der Meerschen,Itf Men Singles,0.5503,1.41,0.7092,-0.1589,1,R. Nijboer,2026-09-06T11:13:02.843011+00:00
2026-09-06T10:21:00.246879+00:00,12160595,A. Breaz,D. Lopatetska,Itf Women Singles,,2.4,0.4167,,,,
2026-09-06T10:21:01.085768+00:00,12160556,W. K. Leong M.,T. Yuzuki,Challenger Men Singles,0.9036,1.29,0.7752,0.1284,1,W. K. Leong M.,2026-09-06T10:27:15.106153+00:00
2026-09-06T10:21:01.879549+00:00,12160598,F. Mena,H. Dellien,Challenger Men Singles,0.3013,3.74,0.2674,0.0339,0,F. Mena,2026-09-06T12:17:03.703592+00:00
2026-09-06T10:21:02.670433+00:00,12160609,M. Dhamne,W. Rejchtman Vinciguerra,Challenger Men Singles,0.8242,1.17,0.8547,-0.0305,1,M. Dhamne,2026-09-06T11:13:03.561927+00:00
2026-09-06T10:21:03.552700+00:00,12160610,A. Escoffier,A. Soriano Barrera,Challenger Men Singles,0.3043,2.1,0.4762,-0.1718,0,A. Escoffier,2026-09-06T11:13:03.922913+00:00
2026-09-06T10:21:04.341441+00:00,12160611,O. Paldanius,N. Tepmahc,Challenger Men Singles,0.3548,1.37,0.7299,-0.3751,0,O. Paldanius,2026-09-06T11:19:13.779489+00:00
2026-09-06T10:21:05.130622+00:00,12160624,P. Dev S D,B. O'Connell,Challenger Men Singles,0.7317,,,,0,B. O'Connell,2026-09-06T11:13:04.652605+00:00
2026-09-06T10:21:05.915781+00:00,12160628,Y. Dzhavakian,A. Vishal Balsekar,Challenger Men Singles,0.7042,1.8,0.5556,0.1487,0,A. Vishal Balsekar,2026-09-06T11:13:05.004400+00:00
2026-09-06T10:21:06.706983+00:00,12160629,T. Hoang,G. Lomakin,Challenger Men Singles,,,,,,,
2026-09-06T10:21:07.501333+00:00,12160631,D. J. Kim,K. Tamm,Challenger Men Singles,0.8033,,,,,,
2026-09-06T10:27:20.848612+00:00,12160666,J. Niemeier,L. Ciric Bagaric,Challenger Women Singles,0.4641,1.73,0.578,-0.114,1,L. Ciric Bagaric,2026-09-06T11:13:05.725286+00:00
2026-09-06T10:27:21.643498+00:00,12160635,A. Sanchez Quilez,A. Turriziani Alvarez,Challenger Men Singles,0.7818,1.08,0.9259,-0.1441,0,A. Turriziani Alvarez,2026-09-06T11:13:06.087355+00:00
2026-09-06T10:27:22.531004+00:00,12160636,S. Purtseladze,I. Almazan Valiente,Challenger Men Singles,0.4259,2.56,0.3906,0.0353,1,I. Almazan Valiente,2026-09-06T12:17:04.597547+00:00
2026-09-06T10:27:23.311205+00:00,12160648,N. Gombos,A. Wagner,Challenger Men Singles,0.9156,1.04,0.9615,-0.046,1,N. Gombos,2026-09-06T11:13:06.813199+00:00
2026-09-06T10:27:24.204919+00:00,12160649,O. Prihodko,I. Gakhov,Challenger Men Singles,0.553,1.59,0.6289,-0.0759,1,O. Prihodko,2026-09-06T12:17:05.086050+00:00
2026-09-06T10:27:24.995603+00:00,12160650,D. Siniakov,N. Visker,Challenger Men Singles,0.4433,1.9,0.5263,-0.083,0,D. Siniakov,2026-09-06T12:17:05.534577+00:00
2026-09-06T10:27:25.784711+00:00,12160659,R. Zolotareva,A. Laboutkova,Challenger Women Singles,0.6154,1.25,0.8,-0.1846,1,R. Zolotareva,2026-09-06T11:13:07.899471+00:00
2026-09-06T10:27:26.570333+00:00,12160660,R. Dencheva,A. Lacinova,Challenger Women Singles,,,,,,,
2026-09-06T10:27:27.363453+00:00,12160662,N. Schunk,C. Oz,Challenger Women Singles,,,,,,,
2026-09-06T10:27:28.150488+00:00,12160665,A. Monnot,L. Nguyen Tan,Challenger Women Singles,0.6,1.53,0.6536,-0.0536,0,L. Nguyen Tan,2026-09-06T12:17:05.971551+00:00
2026-09-06T10:27:29.055834+00:00,12160634,O. Roca Batalla,I. Radulov,Challenger Men Singles,0.7117,1.31,0.7634,-0.0516,1,O. Roca Batalla,2026-09-06T12:17:06.392249+00:00
2026-09-06T10:27:29.843699+00:00,12160673,G. Bosio,M. Mazza,Itf Men Singles,0.5444,3.18,0.3145,0.23,0,M. Mazza,2026-09-06T11:25:25.652042+00:00
2026-09-06T10:27:30.629593+00:00,12160675,M. Argyrokastriti,A. Lahey,Itf Women Singles,0.6593,3.8,0.2632,0.3962,0,A. Lahey,2026-09-06T11:13:09.328753+00:00
2026-09-06T10:27:31.419973+00:00,12160805,F. Ferrari,G. Ferrari,Challenger Men Singles,0.1485,4.87,0.2053,-0.0568,1,G. Ferrari,2026-09-06T11:13:09.694479+00:00
2026-09-06T10:27:32.260354+00:00,12160807,S. Popovic,O. Krutykh,Challenger Men Singles,0.3558,4.45,0.2247,0.1311,1,O. Krutykh,2026-09-06T12:23:12.598956+00:00
2026-09-06T10:27:33.049117+00:00,12160808,A. Vigoriti,G. La Vela,Challenger Men Singles,,10.7,0.0935,,,,
2026-09-06T10:27:33.848001+00:00,12160818,G. A. Boitan,Z. Aydin,Challenger Men Singles,,,,,,,
2026-09-06T10:27:34.648564+00:00,12160820,T. Tokac,T. Duran,Challenger Men Singles,0.0656,3.55,0.2817,-0.2161,1,T. Duran,2026-09-06T11:13:10.400590+00:00
2026-09-06T10:27:35.441652+00:00,12160823,L. Wessels,A. Kachmazov,Challenger Men Singles,0.7381,2.37,0.4219,0.3162,0,A. Kachmazov,2026-09-06T12:17:07.239945+00:00
2026-09-06T10:27:36.225183+00:00,12160827,C. Van Zonneveld,M. Horvit,Itf Women Singles,0.1552,3.25,0.3077,-0.1525,0,C. Van Zonneveld,2026-09-06T12:17:07.678680+00:00
2026-09-06T10:27:37.009963+00:00,12160596,F. Trevisan,N. Maines,Itf Women Singles,0.2892,1.26,0.7937,-0.5045,0,F. Trevisan,2026-09-06T11:13:11.482613+00:00
2026-09-06T10:27:37.800330+00:00,12160558,S. Nam Ji,J. Charlton,Challenger Men Singles,0.3051,2.1,0.4762,-0.1711,0,S. Nam Ji,2026-09-06T11:13:11.842024+00:00
2026-09-06T10:27:38.593641+00:00,12160560,A. Wang,Y. Zeng,Challenger Men Singles,0.4762,2.2,0.4545,0.0216,1,Y. Zeng,2026-09-06T11:19:17.776167+00:00
2026-09-06T10:27:39.430368+00:00,12160562,C. Bouchelaghem,A. Dougaz,Itf Men Singles,0.5116,3.66,0.2732,0.2384,0,A. Dougaz,2026-09-06T11:13:12.563111+00:00
2026-09-06T10:27:40.231315+00:00,12160564,L. Lagerbohm,J. Hallquist Lithen,Itf Men Singles,0.2911,2.0,0.5,-0.2089,1,J. Hallquist Lithen,2026-09-06T11:25:27.095008+00:00
2026-09-06T10:27:41.054906+00:00,12160578,C. Ansari,E. Tse,Itf Women Singles,0.9226,,,,1,C. Ansari,2026-09-06T11:25:27.462302+00:00
2026-09-06T10:27:41.937421+00:00,12160579,K. Mrazikova,E. Chiesa,Itf Women Singles,0.1,2.25,0.4444,-0.3444,1,E. Chiesa,2026-09-06T11:25:27.818909+00:00
2026-09-06T10:27:42.726954+00:00,12160584,Z. Bednarz,K. Lazarenko,Itf Women Singles,,1.9,0.5263,,,,
2026-09-06T10:27:43.518707+00:00,12160592,R. Nijboer,M. Van Der Meerschen,Itf Men Singles,0.5503,1.41,0.7092,-0.1589,1,R. Nijboer,2026-09-06T11:13:14.008366+00:00
2026-09-06T10:27:44.311887+00:00,12160595,A. Breaz,D. Lopatetska,Itf Women Singles,,2.4,0.4167,,,,
2026-09-06T10:27:45.105450+00:00,12160556,W. K. Leong M.,T. Yuzuki,Challenger Men Singles,0.9036,1.29,0.7752,0.1284,1,W. K. Leong M.,2026-09-06T11:13:14.362588+00:00
2026-09-06T10:27:45.908923+00:00,12160598,F. Mena,H. Dellien,Challenger Men Singles,0.3013,3.74,0.2674,0.0339,0,F. Mena,2026-09-06T12:17:08.114595+00:00
2026-09-06T10:27:46.702350+00:00,12160609,M. Dhamne,W. Rejchtman Vinciguerra,Challenger Men Singles,0.8242,1.17,0.8547,-0.0305,1,M. Dhamne,2026-09-06T11:13:15.079968+00:00
2026-09-06T10:27:47.580143+00:00,12160610,A. Escoffier,A. Soriano Barrera,Challenger Men Singles,0.3043,2.1,0.4762,-0.1718,0,A. Escoffier,2026-09-06T11:13:15.435648+00:00
2026-09-06T10:27:48.365470+00:00,12160611,O. Paldanius,N. Tepmahc,Challenger Men Singles,0.3548,1.37,0.7299,-0.3751,0,O. Paldanius,2026-09-06T11:19:19.566598+00:00
2026-09-06T10:27:49.145563+00:00,12160624,P. Dev S D,B. O'Connell,Challenger Men Singles,0.7317,,,,0,B. O'Connell,2026-09-06T11:13:16.152411+00:00
2026-09-06T10:27:49.936932+00:00,12160628,Y. Dzhavakian,A. Vishal Balsekar,Challenger Men Singles,0.7042,1.8,0.5556,0.1487,0,A. Vishal Balsekar,2026-09-06T11:13:16.507488+00:00
2026-09-06T10:27:50.724033+00:00,12160629,T. Hoang,G. Lomakin,Challenger Men Singles,,,,,,,
2026-09-06T10:27:51.507468+00:00,12160631,D. J. Kim,K. Tamm,Challenger Men Singles,0.8033,,,,,,
2026-09-06T10:27:52.403416+00:00,12160632,G. Kravchenko,Y. Milev,Challenger Men Singles,0.8125,1.52,0.6579,0.1546,1,G. Kravchenko,2026-09-06T11:13:17.231285+00:00
2026-09-06T11:13:19.534809+00:00,12160650,D. Siniakov,N. Visker,Challenger Men Singles,0.4433,1.9,0.5263,-0.083,0,D. Siniakov,2026-09-06T12:17:08.976881+00:00
2026-09-06T11:13:20.252411+00:00,12160862,F. F. Garbero,M. Zeitune,Challenger Men Singles,0.0968,,,,1,M. Zeitune,2026-09-06T12:17:09.419663+00:00
2026-09-06T11:13:20.976896+00:00,12160861,S. H. Haita,A. Azkara,Challenger Men Singles,0.6071,,,,0,A. Azkara,2026-09-06T13:24:27.233341+00:00
2026-09-06T11:13:21.684621+00:00,12160827,C. Van Zonneveld,M. Horvit,Itf Women Singles,0.1552,3.25,0.3077,-0.1525,0,C. Van Zonneveld,2026-09-06T12:17:10.292560+00:00
2026-09-06T11:13:22.417288+00:00,12160823,L. Wessels,A. Kachmazov,Challenger Men Singles,0.7381,2.37,0.4219,0.3162,0,A. Kachmazov,2026-09-06T12:17:10.726432+00:00
2026-09-06T11:13:23.138694+00:00,12160820,T. Tokac,T. Duran,Challenger Men Singles,0.0656,3.55,0.2817,-0.2161,1,T. Duran,2026-09-06T11:19:22.073171+00:00
2026-09-06T11:13:23.854613+00:00,12160808,A. Vigoriti,G. La Vela,Challenger Men Singles,,10.7,0.0935,,,,
2026-09-06T11:13:24.582868+00:00,12160807,S. Popovic,O. Krutykh,Challenger Men Singles,0.3558,4.45,0.2247,0.1311,1,O. Krutykh,2026-09-06T12:23:13.920550+00:00
2026-09-06T11:13:25.307471+00:00,12160668,T. Pieri,D. Spiteri,Challenger Women Singles,0.4344,1.73,0.578,-0.1437,1,D. Spiteri,2026-09-06T12:17:11.593294+00:00
2026-09-06T11:13:26.026094+00:00,12160665,A. Monnot,L. Nguyen Tan,Challenger Women Singles,0.6,1.53,0.6536,-0.0536,0,L. Nguyen Tan,2026-09-06T12:17:12.038401+00:00
2026-09-06T11:13:26.760823+00:00,12160663,A. Akan,T. Lukas,Challenger Women Singles,,,,,,,
2026-09-06T11:13:27.472571+00:00,12160661,S. De Stefano,A. Nagy,Challenger Women Singles,0.7167,1.22,0.8197,-0.103,1,S. De Stefano,2026-09-06T12:17:12.475622+00:00
2026-09-06T11:13:28.187928+00:00,12160660,R. Dencheva,A. Lacinova,Challenger Women Singles,,,,,,,
2026-09-06T11:13:28.894289+00:00,12160651,D. Dedura,T. Rosenkranz-Konig,Challenger Men Singles,,,,,,,
2026-09-06T11:13:29.623149+00:00,12160560,A. Wang,Y. Zeng,Challenger Men Singles,0.4762,2.2,0.4545,0.0216,1,Y. Zeng,2026-09-06T11:19:23.904973+00:00
2026-09-06T11:13:30.363690+00:00,12160649,O. Prihodko,I. Gakhov,Challenger Men Singles,0.553,1.59,0.6289,-0.0759,1,O. Prihodko,2026-09-06T12:17:12.894906+00:00
2026-09-06T11:13:31.093481+00:00,12160637,A. Ritschard,S. Perez Contri,Challenger Men Singles,0.3544,1.29,0.7752,-0.4208,0,A. Ritschard,2026-09-06T14:12:56.250842+00:00
2026-09-06T11:13:31.821657+00:00,12160636,S. Purtseladze,I. Almazan Valiente,Challenger Men Singles,0.4259,2.56,0.3906,0.0353,1,I. Almazan Valiente,2026-09-06T12:17:13.741167+00:00
2026-09-06T11:13:32.543743+00:00,12160634,O. Roca Batalla,I. Radulov,Challenger Men Singles,0.7117,1.31,0.7634,-0.0516,1,O. Roca Batalla,2026-09-06T12:17:14.192535+00:00
2026-09-06T11:13:33.263170+00:00,12160629,T. Hoang,G. Lomakin,Challenger Men Singles,,,,,,,
2026-09-06T11:13:33.967692+00:00,12160613,A. Kalyanpur,M. Bobichon,Challenger Men Singles,0.0667,6.0,0.1667,-0.1,1,M. Bobichon,2026-09-06T14:12:56.602680+00:00
2026-09-06T11:13:34.683267+00:00,12160612,A. Deckers,P. A. Tailleu,Challenger Men Singles,0.907,,,,0,P. A. Tailleu,2026-09-06T14:12:56.943593+00:00
2026-09-06T11:13:35.515091+00:00,12160611,O. Paldanius,N. Tepmahc,Challenger Men Singles,0.3548,1.37,0.7299,-0.3751,0,O. Paldanius,2026-09-06T11:19:26.498310+00:00
2026-09-06T11:13:36.237393+00:00,12160609,M. Dhamne,W. Rejchtman Vinciguerra,Challenger Men Singles,0.8242,1.17,0.8547,-0.0305,1,M. Dhamne,2026-09-06T11:19:26.868195+00:00
2026-09-06T11:13:37.029080+00:00,12160598,F. Mena,H. Dellien,Challenger Men Singles,0.3013,3.74,0.2674,0.0339,0,F. Mena,2026-09-06T12:17:15.499415+00:00
2026-09-06T11:13:37.752456+00:00,12160584,Z. Bednarz,K. Lazarenko,Itf Women Singles,,1.9,0.5263,,,,
2026-09-06T11:13:38.473472+00:00,12160579,K. Mrazikova,E. Chiesa,Itf Women Singles,0.1,2.25,0.4444,-0.3444,1,E. Chiesa,2026-09-06T11:25:34.676632+00:00
2026-09-06T11:19:29.867061+00:00,12160651,D. Dedura,T. Rosenkranz-Konig,Challenger Men Singles,,,,,,,
2026-09-06T11:19:30.583095+00:00,12160862,F. F. Garbero,M. Zeitune,Challenger Men Singles,0.0968,,,,1,M. Zeitune,2026-09-06T12:17:15.939954+00:00
2026-09-06T11:19:31.296099+00:00,12160861,S. H. Haita,A. Azkara,Challenger Men Singles,0.6071,,,,0,A. Azkara,2026-09-06T13:24:28.695420+00:00
2026-09-06T11:19:32.029645+00:00,12160827,C. Van Zonneveld,M. Horvit,Itf Women Singles,0.1552,3.25,0.3077,-0.1525,0,C. Van Zonneveld,2026-09-06T12:17:16.791519+00:00
2026-09-06T11:19:32.745104+00:00,12160823,L. Wessels,A. Kachmazov,Challenger Men Singles,0.7381,2.37,0.4219,0.3162,0,A. Kachmazov,2026-09-06T12:17:17.226599+00:00
2026-09-06T11:19:33.467105+00:00,12160822,R. D. Turcanu,E. Agafonov,Challenger Men Singles,0.4396,,,,0,R. D. Turcanu,2026-09-06T12:17:17.646055+00:00
2026-09-06T11:19:34.181244+00:00,12160808,A. Vigoriti,G. La Vela,Challenger Men Singles,,10.7,0.0935,,,,
2026-09-06T11:19:34.918158+00:00,12160807,S. Popovic,O. Krutykh,Challenger Men Singles,0.3558,4.45,0.2247,0.1311,1,O. Krutykh,2026-09-06T12:23:16.328947+00:00
2026-09-06T11:19:35.644639+00:00,12160668,T. Pieri,D. Spiteri,Challenger Women Singles,0.4344,1.73,0.578,-0.1437,1,D. Spiteri,2026-09-06T12:17:18.530475+00:00
2026-09-06T11:19:36.363898+00:00,12160665,A. Monnot,L. Nguyen Tan,Challenger Women Singles,0.6,1.53,0.6536,-0.0536,0,L. Nguyen Tan,2026-09-06T12:17:18.978230+00:00
2026-09-06T11:19:37.077301+00:00,12160663,A. Akan,T. Lukas,Challenger Women Singles,,,,,,,
2026-09-06T11:19:37.803607+00:00,12160661,S. De Stefano,A. Nagy,Challenger Women Singles,0.7167,1.22,0.8197,-0.103,1,S. De Stefano,2026-09-06T12:17:19.418191+00:00
2026-09-06T11:19:38.504506+00:00,12160660,R. Dencheva,A. Lacinova,Challenger Women Singles,,,,,,,
2026-09-06T11:19:39.228184+00:00,12160560,A. Wang,Y. Zeng,Challenger Men Singles,0.4762,2.2,0.4545,0.0216,1,Y. Zeng,2026-09-06T11:25:38.263367+00:00
2026-09-06T11:19:39.942394+00:00,12160650,D. Siniakov,N. Visker,Challenger Men Singles,0.4433,1.9,0.5263,-0.083,0,D. Siniakov,2026-09-06T12:17:19.839292+00:00
2026-09-06T11:19:40.703918+00:00,12160649,O. Prihodko,I. Gakhov,Challenger Men Singles,0.553,1.59,0.6289,-0.0759,1,O. Prihodko,2026-09-06T12:17:20.266108+00:00
2026-09-06T11:19:41.429225+00:00,12160637,A. Ritschard,S. Perez Contri,Challenger Men Singles,0.3544,1.29,0.7752,-0.4208,0,A. Ritschard,2026-09-06T14:12:57.291092+00:00
2026-09-06T11:19:42.170805+00:00,12160636,S. Purtseladze,I. Almazan Valiente,Challenger Men Singles,0.4259,2.56,0.3906,0.0353,1,I. Almazan Valiente,2026-09-06T12:17:21.132603+00:00
2026-09-06T11:19:42.889935+00:00,12160634,O. Roca Batalla,I. Radulov,Challenger Men Singles,0.7117,1.31,0.7634,-0.0516,1,O. Roca Batalla,2026-09-06T12:17:21.562604+00:00
2026-09-06T11:19:43.709874+00:00,12160629,T. Hoang,G. Lomakin,Challenger Men Singles,,,,,,,
2026-09-06T11:19:44.428975+00:00,12160613,A. Kalyanpur,M. Bobichon,Challenger Men Singles,0.0667,6.0,0.1667,-0.1,1,M. Bobichon,2026-09-06T14:12:57.627793+00:00
2026-09-06T11:19:45.141238+00:00,12160612,A. Deckers,P. A. Tailleu,Challenger Men Singles,0.907,,,,0,P. A. Tailleu,2026-09-06T14:12:58.073528+00:00
2026-09-06T11:19:45.921836+00:00,12160611,O. Paldanius,N. Tepmahc,Challenger Men Singles,0.3548,1.37,0.7299,-0.3751,0,O. Paldanius,2026-09-06T11:25:41.167133+00:00
2026-09-06T11:19:46.708415+00:00,12160598,F. Mena,H. Dellien,Challenger Men Singles,0.3013,3.74,0.2674,0.0339,0,F. Mena,2026-09-06T12:17:22.887559+00:00
2026-09-06T11:19:47.438227+00:00,12160584,Z. Bednarz,K. Lazarenko,Itf Women Singles,,1.9,0.5263,,,,
2026-09-06T11:19:48.163511+00:00,12160579,K. Mrazikova,E. Chiesa,Itf Women Singles,0.1,2.25,0.4444,-0.3444,1,E. Chiesa,2026-09-06T11:25:41.941519+00:00
2026-09-06T11:25:44.223641+00:00,12160650,D. Siniakov,N. Visker,Challenger Men Singles,0.4433,1.9,0.5263,-0.083,0,D. Siniakov,2026-09-06T12:17:23.334968+00:00
2026-09-06T11:25:44.945827+00:00,12160862,F. F. Garbero,M. Zeitune,Challenger Men Singles,0.0968,,,,1,M. Zeitune,2026-09-06T12:17:23.768905+00:00
2026-09-06T11:25:45.677766+00:00,12160861,S. H. Haita,A. Azkara,Challenger Men Singles,0.6071,,,,0,A. Azkara,2026-09-06T13:24:30.160388+00:00
2026-09-06T11:25:46.400617+00:00,12160827,C. Van Zonneveld,M. Horvit,Itf Women Singles,0.1552,3.25,0.3077,-0.1525,0,C. Van Zonneveld,2026-09-06T12:17:24.633125+00:00
2026-09-06T11:25:47.106979+00:00,12160823,L. Wessels,A. Kachmazov,Challenger Men Singles,0.7381,2.37,0.4219,0.3162,0,A. Kachmazov,2026-09-06T12:17:25.069728+00:00
2026-09-06T11:25:47.817352+00:00,12160822,R. D. Turcanu,E. Agafonov,Challenger Men Singles,0.4396,,,,0,R. D. Turcanu,2026-09-06T12:17:25.489767+00:00
2026-09-06T11:25:48.535899+00:00,12160808,A. Vigoriti,G. La Vela,Challenger Men Singles,,10.7,0.0935,,,,
2026-09-06T11:25:49.260753+00:00,12160807,S. Popovic,O. Krutykh,Challenger Men Singles,0.3558,4.45,0.2247,0.1311,1,O. Krutykh,2026-09-06T12:23:18.695375+00:00
2026-09-06T11:25:49.965011+00:00,12160668,T. Pieri,D. Spiteri,Challenger Women Singles,0.4344,1.73,0.578,-0.1437,1,D. Spiteri,2026-09-06T12:17:26.342600+00:00
2026-09-06T11:25:50.692165+00:00,12160665,A. Monnot,L. Nguyen Tan,Challenger Women Singles,0.6,1.53,0.6536,-0.0536,0,L. Nguyen Tan,2026-09-06T12:17:26.769406+00:00
2026-09-06T11:25:51.418019+00:00,12160663,A. Akan,T. Lukas,Challenger Women Singles,,,,,,,
2026-09-06T11:25:52.150473+00:00,12160661,S. De Stefano,A. Nagy,Challenger Women Singles,0.7167,1.22,0.8197,-0.103,1,S. De Stefano,2026-09-06T12:17:27.206612+00:00
2026-09-06T11:25:52.860948+00:00,12160660,R. Dencheva,A. Lacinova,Challenger Women Singles,,,,,,,
2026-09-06T11:25:53.588980+00:00,12160651,D. Dedura,T. Rosenkranz-Konig,Challenger Men Singles,,,,,,,
2026-09-06T11:25:54.317731+00:00,12160560,A. Wang,Y. Zeng,Challenger Men Singles,0.4762,2.2,0.4545,0.0216,1,Y. Zeng,2026-09-06T12:17:27.643693+00:00
2026-09-06T11:25:55.085131+00:00,12160649,O. Prihodko,I. Gakhov,Challenger Men Singles,0.553,1.59,0.6289,-0.0759,1,O. Prihodko,2026-09-06T12:17:28.098118+00:00
2026-09-06T11:25:55.820173+00:00,12160637,A. Ritschard,S. Perez Contri,Challenger Men Singles,0.3544,1.29,0.7752,-0.4208,0,A. Ritschard,2026-09-06T14:12:58.422050+00:00
2026-09-06T11:25:56.533560+00:00,12160636,S. Purtseladze,I. Almazan Valiente,Challenger Men Singles,0.4259,2.56,0.3906,0.0353,1,I. Almazan Valiente,2026-09-06T12:17:28.950551+00:00
2026-09-06T11:25:57.261581+00:00,12160634,O. Roca Batalla,I. Radulov,Challenger Men Singles,0.7117,1.31,0.7634,-0.0516,1,O. Roca Batalla,2026-09-06T12:17:29.391150+00:00
2026-09-06T11:25:57.993717+00:00,12160629,T. Hoang,G. Lomakin,Challenger Men Singles,,,,,,,
2026-09-06T11:25:58.712151+00:00,12160614,M. Scaglia,A. Vales,Challenger Men Singles,0.2529,3.25,0.3077,-0.0548,0,M. Scaglia,2026-09-06T14:12:58.843194+00:00
2026-09-06T11:25:59.413087+00:00,12160613,A. Kalyanpur,M. Bobichon,Challenger Men Singles,0.0667,6.0,0.1667,-0.1,1,M. Bobichon,2026-09-06T14:12:59.184273+00:00
2026-09-06T11:26:00.123863+00:00,12160612,A. Deckers,P. A. Tailleu,Challenger Men Singles,0.907,,,,0,P. A. Tailleu,2026-09-06T14:12:59.526233+00:00
2026-09-06T11:26:00.904401+00:00,12160611,O. Paldanius,N. Tepmahc,Challenger Men Singles,0.3548,1.37,0.7299,-0.3751,0,O. Paldanius,2026-09-06T12:17:31.116943+00:00
2026-09-06T11:26:01.654500+00:00,12160598,F. Mena,H. Dellien,Challenger Men Singles,0.3013,3.74,0.2674,0.0339,0,F. Mena,2026-09-06T12:17:31.554637+00:00
2026-09-06T11:26:02.361962+00:00,12160584,Z. Bednarz,K. Lazarenko,Itf Women Singles,,1.9,0.5263,,,,
2026-09-06T11:26:03.093415+00:00,12160579,K. Mrazikova,E. Chiesa,Itf Women Singles,0.1,2.25,0.4444,-0.3444,1,E. Chiesa,2026-09-06T12:17:32.001780+00:00
2026-09-06T12:17:34.722416+00:00,12160653,L. Wiedenmann,H. Bernet,Challenger Men Singles,0.4031,4.07,0.2457,0.1574,1,H. Bernet,2026-09-06T13:12:35.608863+00:00
2026-09-06T12:17:35.604156+00:00,12160861,S. H. Haita,A. Azkara,Challenger Men Singles,0.6071,,,,0,A. Azkara,2026-09-06T13:24:31.886592+00:00
2026-09-06T12:17:36.476998+00:00,12160826,M. N. Turker,F. Zakaria,Challenger Men Singles,0.3482,,,,1,F. Zakaria,2026-09-06T13:18:31.670078+00:00
2026-09-06T12:17:37.333718+00:00,12160811,L. Rottoli,L. Angelini,Challenger Men Singles,0.2755,2.14,0.4673,-0.1918,0,L. Rottoli,2026-09-06T14:12:59.863987+00:00
2026-09-06T12:17:38.197532+00:00,12160810,F. Iannaccone,A. Weis,Challenger Men Singles,0.4553,2.25,0.4444,0.0108,0,F. Iannaccone,2026-09-06T14:13:00.206820+00:00
2026-09-06T12:17:39.067371+00:00,12160807,S. Popovic,O. Krutykh,Challenger Men Singles,0.3558,4.45,0.2247,0.1311,1,O. Krutykh,2026-09-06T12:23:23.723254+00:00
2026-09-06T12:17:39.919392+00:00,12160786,D. Wassermann,S. Jong,Itf Men Singles,0.0926,3.4,0.2941,-0.2015,1,S. Jong,2026-09-06T14:13:00.543065+00:00
2026-09-06T12:17:40.802530+00:00,12160670,D. Chiesa,D. Martynov,Challenger Women Singles,0.5989,1.17,0.8547,-0.2558,1,D. Chiesa,2026-09-06T14:13:00.889650+00:00
2026-09-06T12:17:41.663491+00:00,12160667,N. Manta,M. Sieg,Challenger Women Singles,,5.0,0.2,,,,
2026-09-06T12:17:42.546622+00:00,12160664,D. Glushkova,M. Tona,Challenger Women Singles,0.4369,1.57,0.6369,-0.2,1,M. Tona,2026-09-06T14:13:01.230893+00:00
2026-09-06T12:17:43.425965+00:00,12160593,A. Oetzbach,E. Vasa,Itf Men Singles,0.3725,1.99,0.5025,-0.13,0,A. Oetzbach,2026-09-06T13:12:38.416786+00:00
2026-09-06T12:17:44.284973+00:00,12160652,S. Gulin,R. Molleker,Challenger Men Singles,0.3905,1.88,0.5319,-0.1414,0,S. Gulin,2026-09-06T14:13:01.573521+00:00
2026-09-06T12:17:45.166306+00:00,12160651,D. Dedura,T. Rosenkranz-Konig,Challenger Men Singles,,,,,,,
2026-09-06T12:17:46.016464+00:00,12160637,A. Ritschard,S. Perez Contri,Challenger Men Singles,0.3544,1.29,0.7752,-0.4208,0,A. Ritschard,2026-09-06T14:13:01.914305+00:00
2026-09-06T12:17:46.872332+00:00,12160636,S. Purtseladze,I. Almazan Valiente,Challenger Men Singles,0.4259,2.56,0.3906,0.0353,1,I. Almazan Valiente,2026-09-06T12:23:26.980857+00:00
2026-09-06T12:17:47.754887+00:00,12160634,O. Roca Batalla,I. Radulov,Challenger Men Singles,0.7117,1.31,0.7634,-0.0516,1,O. Roca Batalla,2026-09-06T12:23:27.427251+00:00
2026-09-06T12:17:48.615197+00:00,12160614,M. Scaglia,A. Vales,Challenger Men Singles,0.2529,3.25,0.3077,-0.0548,0,M. Scaglia,2026-09-06T14:13:02.257988+00:00
2026-09-06T12:17:49.493734+00:00,12160613,A. Kalyanpur,M. Bobichon,Challenger Men Singles,0.0667,6.0,0.1667,-0.1,1,M. Bobichon,2026-09-06T14:13:02.601192+00:00
2026-09-06T12:17:50.376792+00:00,12160612,A. Deckers,P. A. Tailleu,Challenger Men Singles,0.907,,,,0,P. A. Tailleu,2026-09-06T14:13:02.945518+00:00
2026-09-06T12:17:51.404711+00:00,12160598,F. Mena,H. Dellien,Challenger Men Singles,0.3013,3.74,0.2674,0.0339,0,F. Mena,2026-09-06T12:23:29.215964+00:00
2026-09-06T12:23:32.067388+00:00,12160667,N. Manta,M. Sieg,Challenger Women Singles,,5.0,0.2,,,,
2026-09-06T12:23:32.962782+00:00,12160861,S. H. Haita,A. Azkara,Challenger Men Singles,0.6071,,,,0,A. Azkara,2026-09-06T13:24:35.693033+00:00
2026-09-06T12:23:33.800491+00:00,12160826,M. N. Turker,F. Zakaria,Challenger Men Singles,0.3482,,,,1,F. Zakaria,2026-09-06T13:18:35.948253+00:00
2026-09-06T12:23:34.695538+00:00,12160824,R. Albot,A. Braynin,Challenger Men Singles,0.6947,1.25,0.8,-0.1053,1,R. Albot,2026-09-06T14:19:04.991247+00:00
2026-09-06T12:23:35.587504+00:00,12160811,L. Rottoli,L. Angelini,Challenger Men Singles,0.2755,2.14,0.4673,-0.1918,0,L. Rottoli,2026-09-06T14:13:03.627739+00:00
2026-09-06T12:23:36.472931+00:00,12160810,F. Iannaccone,A. Weis,Challenger Men Singles,0.4553,2.25,0.4444,0.0108,0,F. Iannaccone,2026-09-06T14:13:03.966777+00:00
2026-09-06T12:23:37.361442+00:00,12160807,S. Popovic,O. Krutykh,Challenger Men Singles,0.3558,4.45,0.2247,0.1311,1,O. Krutykh,2026-09-06T12:29:22.669888+00:00
2026-09-06T12:23:38.235232+00:00,12160786,D. Wassermann,S. Jong,Itf Men Singles,0.0926,3.4,0.2941,-0.2015,1,S. Jong,2026-09-06T14:13:04.310921+00:00
2026-09-06T12:23:39.097284+00:00,12160670,D. Chiesa,D. Martynov,Challenger Women Singles,0.5989,1.17,0.8547,-0.2558,1,D. Chiesa,2026-09-06T14:13:04.651009+00:00
2026-09-06T12:23:39.974318+00:00,12160593,A. Oetzbach,E. Vasa,Itf Men Singles,0.3725,1.99,0.5025,-0.13,0,A. Oetzbach,2026-09-06T13:12:42.913700+00:00
2026-09-06T12:23:40.889608+00:00,12160664,D. Glushkova,M. Tona,Challenger Women Singles,0.4369,1.57,0.6369,-0.2,1,M. Tona,2026-09-06T14:13:05.040621+00:00
2026-09-06T12:23:41.793907+00:00,12160653,L. Wiedenmann,H. Bernet,Challenger Men Singles,0.4031,4.07,0.2457,0.1574,1,H. Bernet,2026-09-06T13:12:43.605267+00:00
2026-09-06T12:23:42.741153+00:00,12160652,S. Gulin,R. Molleker,Challenger Men Singles,0.3905,1.88,0.5319,-0.1414,0,S. Gulin,2026-09-06T14:13:05.380845+00:00
2026-09-06T12:23:43.629806+00:00,12160637,A. Ritschard,S. Perez Contri,Challenger Men Singles,0.3544,1.29,0.7752,-0.4208,0,A. Ritschard,2026-09-06T14:13:05.722173+00:00
2026-09-06T12:23:44.531367+00:00,12160614,M. Scaglia,A. Vales,Challenger Men Singles,0.2529,3.25,0.3077,-0.0548,0,M. Scaglia,2026-09-06T14:13:06.069741+00:00
2026-09-06T12:23:45.392367+00:00,12160613,A. Kalyanpur,M. Bobichon,Challenger Men Singles,0.0667,6.0,0.1667,-0.1,1,M. Bobichon,2026-09-06T14:13:06.494253+00:00
2026-09-06T12:23:46.318217+00:00,12160612,A. Deckers,P. A. Tailleu,Challenger Men Singles,0.907,,,,0,P. A. Tailleu,2026-09-06T14:13:06.837007+00:00
2026-09-06T12:23:47.357965+00:00,12160598,F. Mena,H. Dellien,Challenger Men Singles,0.3013,3.74,0.2674,0.0339,0,F. Mena,2026-09-06T12:29:27.649451+00:00
2026-09-06T12:29:30.516859+00:00,12160654,A. Martin,J. Gundacker,Challenger Men Singles,0.9184,1.17,0.8547,0.0637,1,A. Martin,2026-09-06T14:13:07.181792+00:00
2026-09-06T12:29:31.382047+00:00,12160861,S. H. Haita,A. Azkara,Challenger Men Singles,0.6071,,,,0,A. Azkara,2026-09-06T13:24:40.222700+00:00
2026-09-06T12:29:32.285063+00:00,12160826,M. N. Turker,F. Zakaria,Challenger Men Singles,0.3482,,,,1,F. Zakaria,2026-09-06T13:18:40.864672+00:00
2026-09-06T12:29:33.227855+00:00,12160824,R. Albot,A. Braynin,Challenger Men Singles,0.6947,1.25,0.8,-0.1053,1,R. Albot,2026-09-06T14:19:05.333852+00:00
2026-09-06T12:29:34.110582+00:00,12160811,L. Rottoli,L. Angelini,Challenger Men Singles,0.2755,2.14,0.4673,-0.1918,0,L. Rottoli,2026-09-06T14:13:07.867772+00:00
2026-09-06T12:29:34.992239+00:00,12160810,F. Iannaccone,A. Weis,Challenger Men Singles,0.4553,2.25,0.4444,0.0108,0,F. Iannaccone,2026-09-06T14:13:08.207196+00:00
2026-09-06T12:29:35.888579+00:00,12160807,S. Popovic,O. Krutykh,Challenger Men Singles,0.3558,4.45,0.2247,0.1311,1,O. Krutykh,2026-09-06T13:12:47.752192+00:00
2026-09-06T12:29:36.768061+00:00,12160786,D. Wassermann,S. Jong,Itf Men Singles,0.0926,3.4,0.2941,-0.2015,1,S. Jong,2026-09-06T14:13:08.577265+00:00
2026-09-06T12:29:37.643748+00:00,12160670,D. Chiesa,D. Martynov,Challenger Women Singles,0.5989,1.17,0.8547,-0.2558,1,D. Chiesa,2026-09-06T14:13:08.922829+00:00
2026-09-06T12:29:38.518448+00:00,12160667,N. Manta,M. Sieg,Challenger Women Singles,,5.0,0.2,,,,
2026-09-06T12:29:39.398914+00:00,12160664,D. Glushkova,M. Tona,Challenger Women Singles,0.4369,1.57,0.6369,-0.2,1,M. Tona,2026-09-06T14:13:09.264051+00:00
2026-09-06T12:29:40.303383+00:00,12160593,A. Oetzbach,E. Vasa,Itf Men Singles,0.3725,1.99,0.5025,-0.13,0,A. Oetzbach,2026-09-06T13:12:49.214353+00:00
2026-09-06T12:29:41.188104+00:00,12160653,L. Wiedenmann,H. Bernet,Challenger Men Singles,0.4031,4.07,0.2457,0.1574,1,H. Bernet,2026-09-06T13:12:49.557415+00:00
2026-09-06T12:29:42.116390+00:00,12160652,S. Gulin,R. Molleker,Challenger Men Singles,0.3905,1.88,0.5319,-0.1414,0,S. Gulin,2026-09-06T14:13:09.606758+00:00
2026-09-06T12:29:42.996182+00:00,12160640,M. Gonzalez Fernandez,P. Lagutin,Challenger Men Singles,0.4235,4.4,0.2273,0.1963,1,P. Lagutin,2026-09-06T15:12:47.497315+00:00
2026-09-06T12:29:43.889922+00:00,12160638,S. Rodriguez Taverna,A. Martin Espinar,Challenger Men Singles,,1.04,0.9615,,,,
2026-09-06T12:29:44.770181+00:00,12160637,A. Ritschard,S. Perez Contri,Challenger Men Singles,0.3544,1.29,0.7752,-0.4208,0,A. Ritschard,2026-09-06T14:13:10.284980+00:00
2026-09-06T12:29:45.683964+00:00,12160614,M. Scaglia,A. Vales,Challenger Men Singles,0.2529,3.25,0.3077,-0.0548,0,M. Scaglia,2026-09-06T14:13:10.631057+00:00
2026-09-06T12:29:46.570619+00:00,12160613,A. Kalyanpur,M. Bobichon,Challenger Men Singles,0.0667,6.0,0.1667,-0.1,1,M. Bobichon,2026-09-06T14:13:10.973030+00:00
2026-09-06T12:29:47.529239+00:00,12160612,A. Deckers,P. A. Tailleu,Challenger Men Singles,0.907,,,,0,P. A. Tailleu,2026-09-06T14:13:11.317145+00:00
2026-09-06T12:29:48.624344+00:00,12160598,F. Mena,H. Dellien,Challenger Men Singles,0.3013,3.74,0.2674,0.0339,0,F. Mena,2026-09-06T13:12:51.967366+00:00
2026-09-06T13:12:54.161272+00:00,12160664,D. Glushkova,M. Tona,Challenger Women Singles,0.4369,1.57,0.6369,-0.2,1,M. Tona,2026-09-06T14:13:11.657504+00:00
2026-09-06T13:12:54.849698+00:00,12160861,S. H. Haita,A. Azkara,Challenger Men Singles,0.6071,,,,0,A. Azkara,2026-09-06T13:24:45.084130+00:00
2026-09-06T13:12:55.532734+00:00,12160826,M. N. Turker,F. Zakaria,Challenger Men Singles,0.3482,,,,1,F. Zakaria,2026-09-06T13:18:46.169391+00:00
2026-09-06T13:12:56.215804+00:00,12160824,R. Albot,A. Braynin,Challenger Men Singles,0.6947,1.25,0.8,-0.1053,1,R. Albot,2026-09-06T14:19:06.016177+00:00
2026-09-06T13:12:56.898647+00:00,12160811,L. Rottoli,L. Angelini,Challenger Men Singles,0.2755,2.14,0.4673,-0.1918,0,L. Rottoli,2026-09-06T14:13:12.337636+00:00
2026-09-06T13:12:57.583959+00:00,12160810,F. Iannaccone,A. Weis,Challenger Men Singles,0.4553,2.25,0.4444,0.0108,0,F. Iannaccone,2026-09-06T14:13:12.677882+00:00
2026-09-06T13:12:58.263270+00:00,12160809,F. Forti,N. Ciavarella,Challenger Men Singles,0.882,1.09,0.9174,-0.0354,1,F. Forti,2026-09-06T15:12:48.018657+00:00
2026-09-06T13:12:59.005559+00:00,12160786,D. Wassermann,S. Jong,Itf Men Singles,0.0926,3.4,0.2941,-0.2015,1,S. Jong,2026-09-06T14:13:13.365579+00:00
2026-09-06T13:12:59.697341+00:00,12160676,V. Bosio,M. F. Urrutia,Itf Women Singles,0.6327,,,,1,V. Bosio,2026-09-06T17:11:33.149849+00:00
2026-09-06T13:13:00.381778+00:00,12160674,M. Houkes,K. Bennani,Itf Men Singles,0.6959,1.4,0.7143,-0.0184,1,M. Houkes,2026-09-06T17:11:33.490489+00:00
2026-09-06T13:13:01.157334+00:00,12160670,D. Chiesa,D. Martynov,Challenger Women Singles,0.5989,1.17,0.8547,-0.2558,1,D. Chiesa,2026-09-06T14:13:14.390057+00:00
2026-09-06T13:13:01.853261+00:00,12160667,N. Manta,M. Sieg,Challenger Women Singles,,5.0,0.2,,,,
2026-09-06T13:13:02.562309+00:00,12160593,A. Oetzbach,E. Vasa,Itf Men Singles,0.3725,1.99,0.5025,-0.13,0,A. Oetzbach,2026-09-06T13:18:49.253532+00:00
2026-09-06T13:13:03.246895+00:00,12160654,A. Martin,J. Gundacker,Challenger Men Singles,0.9184,1.17,0.8547,0.0637,1,A. Martin,2026-09-06T14:13:14.735426+00:00
2026-09-06T13:13:03.943436+00:00,12160653,L. Wiedenmann,H. Bernet,Challenger Men Singles,0.4031,4.07,0.2457,0.1574,1,H. Bernet,2026-09-06T13:18:49.937817+00:00
2026-09-06T13:13:04.625386+00:00,12160652,S. Gulin,R. Molleker,Challenger Men Singles,0.3905,1.88,0.5319,-0.1414,0,S. Gulin,2026-09-06T14:13:15.076574+00:00
2026-09-06T13:13:05.391184+00:00,12160640,M. Gonzalez Fernandez,P. Lagutin,Challenger Men Singles,0.4235,4.4,0.2273,0.1963,1,P. Lagutin,2026-09-06T15:12:49.638900+00:00
2026-09-06T13:13:06.077480+00:00,12160638,S. Rodriguez Taverna,A. Martin Espinar,Challenger Men Singles,,1.04,0.9615,,,,
2026-09-06T13:13:06.797101+00:00,12160637,A. Ritschard,S. Perez Contri,Challenger Men Singles,0.3544,1.29,0.7752,-0.4208,0,A. Ritschard,2026-09-06T14:13:15.764630+00:00
2026-09-06T13:13:07.482030+00:00,12160614,M. Scaglia,A. Vales,Challenger Men Singles,0.2529,3.25,0.3077,-0.0548,0,M. Scaglia,2026-09-06T14:13:16.107196+00:00
2026-09-06T13:13:08.172037+00:00,12160613,A. Kalyanpur,M. Bobichon,Challenger Men Singles,0.0667,6.0,0.1667,-0.1,1,M. Bobichon,2026-09-06T14:13:16.483153+00:00
2026-09-06T13:13:08.851088+00:00,12160612,A. Deckers,P. A. Tailleu,Challenger Men Singles,0.907,,,,0,P. A. Tailleu,2026-09-06T14:13:16.827626+00:00
2026-09-06T13:13:09.582580+00:00,12160599,F. Ferro,C. Burel,Itf Women Singles,0.7773,2.05,0.4878,0.2895,1,F. Ferro,2026-09-06T15:12:50.174043+00:00
2026-09-06T13:13:10.277983+00:00,12160594,R. Bertrand,R. Perot,Itf Men Singles,0.4291,3.08,0.3247,0.1044,1,R. Perot,2026-09-06T15:12:50.696429+00:00
2026-09-06T13:18:54.867672+00:00,12160664,D. Glushkova,M. Tona,Challenger Women Singles,0.4369,1.57,0.6369,-0.2,1,M. Tona,2026-09-06T14:13:17.907006+00:00
2026-09-06T13:18:55.546340+00:00,12160861,S. H. Haita,A. Azkara,Challenger Men Singles,0.6071,,,,0,A. Azkara,2026-09-06T13:24:51.696389+00:00
2026-09-06T13:18:56.234278+00:00,12160826,M. N. Turker,F. Zakaria,Challenger Men Singles,0.3482,,,,1,F. Zakaria,2026-09-06T13:24:52.087460+00:00
2026-09-06T13:18:56.923073+00:00,12160824,R. Albot,A. Braynin,Challenger Men Singles,0.6947,1.25,0.8,-0.1053,1,R. Albot,2026-09-06T14:19:08.453048+00:00
2026-09-06T13:18:57.606220+00:00,12160811,L. Rottoli,L. Angelini,Challenger Men Singles,0.2755,2.14,0.4673,-0.1918,0,L. Rottoli,2026-09-06T14:13:18.589879+00:00
2026-09-06T13:18:58.299993+00:00,12160810,F. Iannaccone,A. Weis,Challenger Men Singles,0.4553,2.25,0.4444,0.0108,0,F. Iannaccone,2026-09-06T14:13:18.936931+00:00
2026-09-06T13:18:58.993953+00:00,12160809,F. Forti,N. Ciavarella,Challenger Men Singles,0.882,1.09,0.9174,-0.0354,1,F. Forti,2026-09-06T15:12:51.223743+00:00
2026-09-06T13:18:59.735484+00:00,12160786,D. Wassermann,S. Jong,Itf Men Singles,0.0926,3.4,0.2941,-0.2015,1,S. Jong,2026-09-06T14:13:19.633886+00:00
2026-09-06T13:19:00.462513+00:00,12160676,V. Bosio,M. F. Urrutia,Itf Women Singles,0.6327,,,,1,V. Bosio,2026-09-06T17:11:33.845813+00:00
2026-09-06T13:19:01.170772+00:00,12160674,M. Houkes,K. Bennani,Itf Men Singles,0.6959,1.42,0.7042,-0.0083,1,M. Houkes,2026-09-06T17:11:34.186003+00:00
2026-09-06T13:19:01.966578+00:00,12160670,D. Chiesa,D. Martynov,Challenger Women Singles,0.5989,1.17,0.8547,-0.2558,1,D. Chiesa,2026-09-06T14:13:20.692542+00:00
2026-09-06T13:19:02.653644+00:00,12160667,N. Manta,M. Sieg,Challenger Women Singles,,5.0,0.2,,,,
2026-09-06T13:19:03.339494+00:00,12160593,A. Oetzbach,E. Vasa,Itf Men Singles,0.3725,1.99,0.5025,-0.13,0,A. Oetzbach,2026-09-06T13:24:55.180959+00:00
2026-09-06T13:19:04.028975+00:00,12160656,L. Ratti,L. Pokorny,Challenger Men Singles,0.6872,1.32,0.7576,-0.0704,0,L. Pokorny,2026-09-06T15:25:52.081330+00:00
2026-09-06T13:19:04.719564+00:00,12160654,A. Martin,J. Gundacker,Challenger Men Singles,0.9184,1.17,0.8547,0.0637,1,A. Martin,2026-09-06T14:13:21.378955+00:00
2026-09-06T13:19:05.448756+00:00,12160652,S. Gulin,R. Molleker,Challenger Men Singles,0.3905,1.88,0.5319,-0.1414,0,S. Gulin,2026-09-06T14:13:21.720009+00:00
2026-09-06T13:19:06.140297+00:00,12160640,M. Gonzalez Fernandez,P. Lagutin,Challenger Men Singles,0.4235,4.4,0.2273,0.1963,1,P. Lagutin,2026-09-06T15:12:53.332089+00:00
2026-09-06T13:19:06.836401+00:00,12160638,S. Rodriguez Taverna,A. Martin Espinar,Challenger Men Singles,,1.04,0.9615,,,,
2026-09-06T13:19:07.526970+00:00,12160637,A. Ritschard,S. Perez Contri,Challenger Men Singles,0.3544,1.29,0.7752,-0.4208,0,A. Ritschard,2026-09-06T14:13:22.403835+00:00
2026-09-06T13:19:08.211535+00:00,12160614,M. Scaglia,A. Vales,Challenger Men Singles,0.2529,3.25,0.3077,-0.0548,0,M. Scaglia,2026-09-06T14:13:22.749745+00:00
2026-09-06T13:19:08.895502+00:00,12160613,A. Kalyanpur,M. Bobichon,Challenger Men Singles,0.0667,6.0,0.1667,-0.1,1,M. Bobichon,2026-09-06T14:13:23.094986+00:00
2026-09-06T13:19:09.584659+00:00,12160612,A. Deckers,P. A. Tailleu,Challenger Men Singles,0.907,,,,0,P. A. Tailleu,2026-09-06T14:13:23.465201+00:00
2026-09-06T13:19:10.319021+00:00,12160599,F. Ferro,C. Burel,Itf Women Singles,0.7773,2.05,0.4878,0.2895,1,F. Ferro,2026-09-06T15:12:53.880616+00:00
2026-09-06T13:19:11.035809+00:00,12160594,R. Bertrand,R. Perot,Itf Men Singles,0.4291,3.08,0.3247,0.1044,1,R. Perot,2026-09-06T15:12:54.398466+00:00
2026-09-06T13:25:00.802906+00:00,12160664,D. Glushkova,M. Tona,Challenger Women Singles,0.4369,1.57,0.6369,-0.2,1,M. Tona,2026-09-06T14:13:24.500192+00:00
2026-09-06T13:25:01.534079+00:00,12160861,S. H. Haita,A. Azkara,Challenger Men Singles,0.6071,,,,0,A. Azkara,2026-09-06T14:13:24.839064+00:00
2026-09-06T13:25:02.221388+00:00,12160826,M. N. Turker,F. Zakaria,Challenger Men Singles,0.3482,,,,1,F. Zakaria,2026-09-06T14:13:25.178823+00:00
2026-09-06T13:25:02.948057+00:00,12160824,R. Albot,A. Braynin,Challenger Men Singles,0.6947,1.25,0.8,-0.1053,1,R. Albot,2026-09-06T14:19:11.204822+00:00
2026-09-06T13:25:03.638944+00:00,12160811,L. Rottoli,L. Angelini,Challenger Men Singles,0.2755,2.14,0.4673,-0.1918,0,L. Rottoli,2026-09-06T14:13:25.863534+00:00
2026-09-06T13:25:04.330714+00:00,12160810,F. Iannaccone,A. Weis,Challenger Men Singles,0.4553,2.25,0.4444,0.0108,0,F. Iannaccone,2026-09-06T14:13:26.223501+00:00
2026-09-06T13:25:05.014829+00:00,12160809,F. Forti,N. Ciavarella,Challenger Men Singles,0.882,1.09,0.9174,-0.0354,1,F. Forti,2026-09-06T15:12:54.926567+00:00
2026-09-06T13:25:05.759979+00:00,12160676,V. Bosio,M. F. Urrutia,Itf Women Singles,0.6327,,,,1,V. Bosio,2026-09-06T17:11:34.563035+00:00
2026-09-06T13:25:06.449609+00:00,12160674,M. Houkes,K. Bennani,Itf Men Singles,0.6959,1.42,0.7042,-0.0083,1,M. Houkes,2026-09-06T17:11:34.901253+00:00
2026-09-06T13:25:07.132705+00:00,12160670,D. Chiesa,D. Martynov,Challenger Women Singles,0.5989,1.17,0.8547,-0.2558,1,D. Chiesa,2026-09-06T14:13:27.598795+00:00
2026-09-06T13:25:07.823222+00:00,12160667,N. Manta,M. Sieg,Challenger Women Singles,,5.0,0.2,,,,
2026-09-06T13:25:08.509521+00:00,12160594,R. Bertrand,R. Perot,Itf Men Singles,0.4291,3.08,0.3247,0.1044,1,R. Perot,2026-09-06T15:12:56.585964+00:00
2026-09-06T13:25:09.195543+00:00,12160656,L. Ratti,L. Pokorny,Challenger Men Singles,0.6872,1.32,0.7576,-0.0704,0,L. Pokorny,2026-09-06T15:25:53.702043+00:00
2026-09-06T13:25:09.889451+00:00,12160654,A. Martin,J. Gundacker,Challenger Men Singles,0.9184,1.17,0.8547,0.0637,1,A. Martin,2026-09-06T14:13:28.627239+00:00
2026-09-06T13:25:10.750689+00:00,12160652,S. Gulin,R. Molleker,Challenger Men Singles,0.3905,1.88,0.5319,-0.1414,0,S. Gulin,2026-09-06T14:13:28.964567+00:00
2026-09-06T13:25:11.503843+00:00,12160640,M. Gonzalez Fernandez,P. Lagutin,Challenger Men Singles,0.4235,4.4,0.2273,0.1963,1,P. Lagutin,2026-09-06T15:12:57.674810+00:00
2026-09-06T13:25:12.299903+00:00,12160638,S. Rodriguez Taverna,A. Martin Espinar,Challenger Men Singles,,1.04,0.9615,,,,
2026-09-06T13:25:13.106390+00:00,12160637,A. Ritschard,S. Perez Contri,Challenger Men Singles,0.3544,1.29,0.7752,-0.4208,0,A. Ritschard,2026-09-06T14:13:29.648314+00:00
2026-09-06T13:25:13.955855+00:00,12160614,M. Scaglia,A. Vales,Challenger Men Singles,0.2529,3.25,0.3077,-0.0548,0,M. Scaglia,2026-09-06T14:13:29.992850+00:00
2026-09-06T13:25:14.748925+00:00,12160613,A. Kalyanpur,M. Bobichon,Challenger Men Singles,0.0667,6.0,0.1667,-0.1,1,M. Bobichon,2026-09-06T14:13:30.333448+00:00
2026-09-06T13:25:15.527915+00:00,12160612,A. Deckers,P. A. Tailleu,Challenger Men Singles,0.907,,,,0,P. A. Tailleu,2026-09-06T14:13:30.687235+00:00
2026-09-06T13:25:16.268846+00:00,12160599,F. Ferro,C. Burel,Itf Women Singles,0.7773,2.05,0.4878,0.2895,1,F. Ferro,2026-09-06T15:12:58.292747+00:00
2026-09-06T14:13:33.205472+00:00,12160640,M. Gonzalez Fernandez,P. Lagutin,Challenger Men Singles,0.4235,4.4,0.2273,0.1963,1,P. Lagutin,2026-09-06T15:12:58.835343+00:00
2026-09-06T14:13:33.885558+00:00,12160825,K. Arinc,G. Ghetu,Challenger Men Singles,,9.0,0.1111,,,,
2026-09-06T14:13:34.567294+00:00,12160824,R. Albot,A. Braynin,Challenger Men Singles,0.6947,1.25,0.8,-0.1053,1,R. Albot,2026-09-06T14:19:14.287711+00:00
2026-09-06T14:13:35.245674+00:00,12160813,E. Cherie Ligniere,F. Arnaboldi,Challenger Men Singles,0.1053,4.04,0.2475,-0.1423,1,F. Arnaboldi,2026-09-06T16:13:58.228742+00:00
2026-09-06T14:13:35.933206+00:00,12160812,V. Aboian,L. Castagnola,Challenger Men Singles,0.7533,1.29,0.7752,-0.0219,1,V. Aboian,2026-09-06T17:11:35.267262+00:00
2026-09-06T14:13:36.741659+00:00,12160809,F. Forti,N. Ciavarella,Challenger Men Singles,0.882,1.09,0.9174,-0.0354,1,F. Forti,2026-09-06T15:13:00.465697+00:00
2026-09-06T14:13:37.470043+00:00,12160676,V. Bosio,M. F. Urrutia,Itf Women Singles,0.6327,,,,1,V. Bosio,2026-09-06T17:11:35.608804+00:00
2026-09-06T14:13:38.162182+00:00,12160674,M. Houkes,K. Bennani,Itf Men Singles,0.6959,1.42,0.7042,-0.0083,1,M. Houkes,2026-09-06T17:11:35.948313+00:00
2026-09-06T14:13:38.848545+00:00,12160671,M. Trevisan,J. Stusek,Challenger Women Singles,0.5614,1.35,0.7407,-0.1794,1,M. Trevisan,2026-09-06T15:13:02.166043+00:00
2026-09-06T14:13:39.534213+00:00,12160667,N. Manta,M. Sieg,Challenger Women Singles,,5.0,0.2,,,,
2026-09-06T14:13:40.218490+00:00,12160656,L. Ratti,L. Pokorny,Challenger Men Singles,0.6872,1.32,0.7576,-0.0704,0,L. Pokorny,2026-09-06T15:25:56.351709+00:00
2026-09-06T14:13:40.910418+00:00,12160655,A. Paulson,R. Strombachs,Challenger Men Singles,0.3462,1.48,0.6757,-0.3295,0,A. Paulson,2026-09-06T15:13:03.243187+00:00
2026-09-06T14:13:41.600820+00:00,12160585,H. Klugman,L. Fruhvirtova,Itf Women Singles,0.2413,2.34,0.4274,-0.186,0,H. Klugman,2026-09-06T17:11:36.291272+00:00
2026-09-06T14:13:42.289601+00:00,12160638,S. Rodriguez Taverna,A. Martin Espinar,Challenger Men Singles,,1.04,0.9615,,,,
2026-09-06T14:13:42.982825+00:00,12160637,A. Ritschard,S. Perez Contri,Challenger Men Singles,0.3544,1.29,0.7752,-0.4208,0,A. Ritschard,2026-09-06T14:19:17.718053+00:00
2026-09-06T14:13:43.672644+00:00,12160617,P. Makk,B. Pietri,Challenger Men Singles,0.7008,1.3,0.7692,-0.0684,0,B. Pietri,2026-09-06T16:14:00.978249+00:00
2026-09-06T14:13:44.391934+00:00,12160616,H. Car,G. Dalmasso,Challenger Men Singles,0.1558,,,,0,H. Car,2026-09-06T16:14:01.522967+00:00
2026-09-06T14:13:45.072910+00:00,12160615,J. Boulais,M. Roche,Challenger Men Singles,,1.06,0.9434,,,,
2026-09-06T14:13:45.764784+00:00,12160612,A. Deckers,P. A. Tailleu,Challenger Men Singles,0.907,,,,0,P. A. Tailleu,2026-09-06T14:19:18.736796+00:00
2026-09-06T14:13:46.508377+00:00,12160601,Y. Ezzat,Y. Perapekhina,Itf Women Singles,0.6512,3.51,0.2849,0.3663,1,Y. Ezzat,2026-09-06T16:27:25.679423+00:00
2026-09-06T14:13:47.196406+00:00,12160600,D. Javia,C. Duhan,Itf Men Singles,0.5714,1.2,0.8333,-0.2619,1,D. Javia,2026-09-06T17:11:36.643895+00:00
2026-09-06T14:13:47.889667+00:00,12160599,F. Ferro,C. Burel,Itf Women Singles,0.7773,2.05,0.4878,0.2895,1,F. Ferro,2026-09-06T15:13:06.489711+00:00
2026-09-06T14:13:48.577330+00:00,12160594,R. Bertrand,R. Perot,Itf Men Singles,0.4291,3.08,0.3247,0.1044,1,R. Perot,2026-09-06T15:13:07.011591+00:00
2026-09-06T14:19:22.282962+00:00,12160655,A. Paulson,R. Strombachs,Challenger Men Singles,0.3462,1.48,0.6757,-0.3295,0,A. Paulson,2026-09-06T15:13:07.545276+00:00
2026-09-06T14:19:22.965532+00:00,12160825,K. Arinc,G. Ghetu,Challenger Men Singles,,9.0,0.1111,,,,
2026-09-06T14:19:23.652932+00:00,12160824,R. Albot,A. Braynin,Challenger Men Singles,0.6947,1.25,0.8,-0.1053,1,R. Albot,2026-09-06T14:25:06.712954+00:00
2026-09-06T14:19:24.337427+00:00,12160813,E. Cherie Ligniere,F. Arnaboldi,Challenger Men Singles,0.1053,4.04,0.2475,-0.1423,1,F. Arnaboldi,2026-09-06T16:14:03.167613+00:00
2026-09-06T14:19:25.030767+00:00,12160812,V. Aboian,L. Castagnola,Challenger Men Singles,0.7533,1.29,0.7752,-0.0219,1,V. Aboian,2026-09-06T17:11:36.991586+00:00
2026-09-06T14:19:25.762312+00:00,12160809,F. Forti,N. Ciavarella,Challenger Men Singles,0.882,1.09,0.9174,-0.0354,1,F. Forti,2026-09-06T15:13:09.127342+00:00
2026-09-06T14:19:26.501705+00:00,12160676,V. Bosio,M. F. Urrutia,Itf Women Singles,0.6327,,,,1,V. Bosio,2026-09-06T17:11:37.337687+00:00
2026-09-06T14:19:27.187380+00:00,12160674,M. Houkes,K. Bennani,Itf Men Singles,0.6959,1.42,0.7042,-0.0083,1,M. Houkes,2026-09-06T17:11:37.682922+00:00
2026-09-06T14:19:27.871410+00:00,12160671,M. Trevisan,J. Stusek,Challenger Women Singles,0.5614,1.35,0.7407,-0.1794,1,M. Trevisan,2026-09-06T15:13:10.705950+00:00
2026-09-06T14:19:28.558950+00:00,12160667,N. Manta,M. Sieg,Challenger Women Singles,,5.0,0.2,,,,
2026-09-06T14:19:29.282387+00:00,12160656,L. Ratti,L. Pokorny,Challenger Men Singles,0.6872,1.32,0.7576,-0.0704,0,L. Pokorny,2026-09-06T15:26:01.669324+00:00
2026-09-06T14:19:29.991265+00:00,12160585,H. Klugman,L. Fruhvirtova,Itf Women Singles,0.2413,2.34,0.4274,-0.186,0,H. Klugman,2026-09-06T17:11:38.028415+00:00
2026-09-06T14:19:30.676936+00:00,12160640,M. Gonzalez Fernandez,P. Lagutin,Challenger Men Singles,0.4235,4.4,0.2273,0.1963,1,P. Lagutin,2026-09-06T15:13:12.353293+00:00
2026-09-06T14:19:31.354635+00:00,12160638,S. Rodriguez Taverna,A. Martin Espinar,Challenger Men Singles,,1.04,0.9615,,,,
2026-09-06T14:19:32.105243+00:00,12160637,A. Ritschard,S. Perez Contri,Challenger Men Singles,0.3544,1.29,0.7752,-0.4208,0,A. Ritschard,2026-09-06T14:25:10.219660+00:00
2026-09-06T14:19:32.785770+00:00,12160617,P. Makk,B. Pietri,Challenger Men Singles,0.7008,1.3,0.7692,-0.0684,0,B. Pietri,2026-09-06T16:14:05.886060+00:00
2026-09-06T14:19:33.467696+00:00,12160616,H. Car,G. Dalmasso,Challenger Men Singles,0.1558,,,,0,H. Car,2026-09-06T16:14:06.441538+00:00
2026-09-06T14:19:34.147860+00:00,12160615,J. Boulais,M. Roche,Challenger Men Singles,,1.06,0.9434,,,,
2026-09-06T14:19:34.831961+00:00,12160601,Y. Ezzat,Y. Perapekhina,Itf Women Singles,0.6512,3.51,0.2849,0.3663,1,Y. Ezzat,2026-09-06T16:27:28.935571+00:00
2026-09-06T14:19:35.518857+00:00,12160600,D. Javia,C. Duhan,Itf Men Singles,0.5714,1.2,0.8333,-0.2619,1,D. Javia,2026-09-06T17:11:38.368034+00:00
2026-09-06T14:19:36.203629+00:00,12160599,F. Ferro,C. Burel,Itf Women Singles,0.7773,2.05,0.4878,0.2895,1,F. Ferro,2026-09-06T15:13:14.980459+00:00
2026-09-06T14:19:36.887416+00:00,12160594,R. Bertrand,R. Perot,Itf Men Singles,0.4291,3.08,0.3247,0.1044,1,R. Perot,2026-09-06T15:13:15.506344+00:00
2026-09-06T14:25:14.474033+00:00,12160655,A. Paulson,R. Strombachs,Challenger Men Singles,0.3462,1.48,0.6757,-0.3295,0,A. Paulson,2026-09-06T15:13:16.034158+00:00
2026-09-06T14:25:15.157930+00:00,12160825,K. Arinc,G. Ghetu,Challenger Men Singles,,9.0,0.1111,,,,
2026-09-06T14:25:15.848033+00:00,12160824,R. Albot,A. Braynin,Challenger Men Singles,0.6947,1.25,0.8,-0.1053,1,R. Albot,2026-09-06T15:13:16.617584+00:00
2026-09-06T14:25:16.534900+00:00,12160813,E. Cherie Ligniere,F. Arnaboldi,Challenger Men Singles,0.1053,4.04,0.2475,-0.1423,1,F. Arnaboldi,2026-09-06T16:14:08.086585+00:00
2026-09-06T14:25:17.223040+00:00,12160812,V. Aboian,L. Castagnola,Challenger Men Singles,0.7533,1.29,0.7752,-0.0219,1,V. Aboian,2026-09-06T17:11:38.731967+00:00
2026-09-06T14:25:17.950050+00:00,12160809,F. Forti,N. Ciavarella,Challenger Men Singles,0.882,1.09,0.9174,-0.0354,1,F. Forti,2026-09-06T15:13:18.190466+00:00
2026-09-06T14:25:18.680967+00:00,12160676,V. Bosio,M. F. Urrutia,Itf Women Singles,0.6327,,,,1,V. Bosio,2026-09-06T17:11:39.086172+00:00
2026-09-06T14:25:19.381293+00:00,12160674,M. Houkes,K. Bennani,Itf Men Singles,0.6959,1.42,0.7042,-0.0083,1,M. Houkes,2026-09-06T17:11:39.455999+00:00
2026-09-06T14:25:20.070899+00:00,12160671,M. Trevisan,J. Stusek,Challenger Women Singles,0.5614,1.35,0.7407,-0.1794,1,M. Trevisan,2026-09-06T15:13:19.832361+00:00
2026-09-06T14:25:20.770212+00:00,12160667,N. Manta,M. Sieg,Challenger Women Singles,,5.0,0.2,,,,
2026-09-06T14:25:21.454498+00:00,12160656,L. Ratti,L. Pokorny,Challenger Men Singles,0.6872,1.32,0.7576,-0.0704,0,L. Pokorny,2026-09-06T15:26:06.971663+00:00
2026-09-06T14:25:22.166473+00:00,12160585,H. Klugman,L. Fruhvirtova,Itf Women Singles,0.2413,2.34,0.4274,-0.186,0,H. Klugman,2026-09-06T17:11:39.799545+00:00
2026-09-06T14:25:22.852609+00:00,12160640,M. Gonzalez Fernandez,P. Lagutin,Challenger Men Singles,0.4235,4.4,0.2273,0.1963,1,P. Lagutin,2026-09-06T15:13:21.386532+00:00
2026-09-06T14:25:23.540372+00:00,12160638,S. Rodriguez Taverna,A. Martin Espinar,Challenger Men Singles,,1.04,0.9615,,,,
2026-09-06T14:25:24.225333+00:00,12160617,P. Makk,B. Pietri,Challenger Men Singles,0.7008,1.3,0.7692,-0.0684,0,B. Pietri,2026-09-06T16:14:10.803845+00:00
2026-09-06T14:25:24.920591+00:00,12160616,H. Car,G. Dalmasso,Challenger Men Singles,0.1558,,,,0,H. Car,2026-09-06T16:14:11.355695+00:00
2026-09-06T14:25:25.622624+00:00,12160615,J. Boulais,M. Roche,Challenger Men Singles,,1.06,0.9434,,,,
2026-09-06T14:25:26.321040+00:00,12160601,Y. Ezzat,Y. Perapekhina,Itf Women Singles,0.6512,3.51,0.2849,0.3663,1,Y. Ezzat,2026-09-06T16:27:32.211807+00:00
2026-09-06T14:25:27.045659+00:00,12160600,D. Javia,C. Duhan,Itf Men Singles,0.5714,1.2,0.8333,-0.2619,1,D. Javia,2026-09-06T17:11:40.146115+00:00
2026-09-06T14:25:27.731956+00:00,12160599,F. Ferro,C. Burel,Itf Women Singles,0.7773,2.05,0.4878,0.2895,1,F. Ferro,2026-09-06T15:13:24.098671+00:00
2026-09-06T14:25:28.415797+00:00,12160594,R. Bertrand,R. Perot,Itf Men Singles,0.4291,3.08,0.3247,0.1044,1,R. Perot,2026-09-06T15:13:24.645704+00:00
2026-09-06T15:13:27.993365+00:00,12160644,T. Pereira,T. Cigarran,Challenger Men Singles,0.7402,1.24,0.8065,-0.0663,1,T. Pereira,2026-09-06T17:23:18.461677+00:00
2026-09-06T15:13:29.051129+00:00,12160814,M. Petkovic,D. Salazar,Challenger Men Singles,0.7107,1.17,0.8547,-0.144,1,M. Petkovic,2026-09-06T16:14:13.528520+00:00
2026-09-06T15:13:30.099914+00:00,12160813,E. Cherie Ligniere,F. Arnaboldi,Challenger Men Singles,0.1053,4.04,0.2475,-0.1423,1,F. Arnaboldi,2026-09-06T16:14:14.077934+00:00
2026-09-06T15:13:31.154817+00:00,12160812,V. Aboian,L. Castagnola,Challenger Men Singles,0.7533,1.29,0.7752,-0.0219,1,V. Aboian,2026-09-06T17:11:40.834570+00:00
2026-09-06T15:13:32.475186+00:00,12160714,E. Dotsenko,N. Lagaev,Girls Singles,0.3333,,,,0,E. Dotsenko,2026-09-06T17:17:36.566623+00:00
2026-09-06T15:13:33.508657+00:00,12160697,T. Konduri,J. Kusy,Boys Singles,,,,,,,
2026-09-06T15:13:34.566729+00:00,12160694,A. Johnson,A. Paparkar,Boys Singles,0.8974,,,,1,A. Johnson,2026-09-06T17:11:41.556587+00:00
2026-09-06T15:13:35.814246+00:00,12160679,M. Antonius,F. L. Storck,Boys Singles,0.9804,,,,1,M. Antonius,2026-09-06T16:14:16.313718+00:00
2026-09-06T15:13:37.122447+00:00,12160676,V. Bosio,M. F. Urrutia,Itf Women Singles,0.6327,,,,1,V. Bosio,2026-09-06T17:11:41.897463+00:00
2026-09-06T15:13:38.168790+00:00,12160674,M. Houkes,K. Bennani,Itf Men Singles,0.6959,1.42,0.7042,-0.0083,1,M. Houkes,2026-09-06T17:11:42.234898+00:00
2026-09-06T15:13:39.209086+00:00,12160671,M. Trevisan,J. Stusek,Challenger Women Singles,0.5614,1.35,0.7407,-0.1794,1,M. Trevisan,2026-09-06T15:19:43.504321+00:00
2026-09-06T15:13:40.303539+00:00,12160669,E. Bonelli,Y. Kotliar,Challenger Women Singles,,4.65,0.2151,,,,
2026-09-06T15:13:41.365948+00:00,12160656,L. Ratti,L. Pokorny,Challenger Men Singles,0.6872,1.32,0.7576,-0.0704,0,L. Pokorny,2026-09-06T15:26:14.935121+00:00
2026-09-06T15:13:42.413093+00:00,12160512,Carpico/ Filin,Melo/ Peers,Atp Doubles,,,,,,,
2026-09-06T15:13:43.482562+00:00,12160641,C. Sanchez Jover,S. Fita Juan,Challenger Men Singles,0.8927,1.15,0.8696,0.0231,1,C. Sanchez Jover,2026-09-06T16:14:17.951950+00:00
2026-09-06T15:13:44.785908+00:00,12160639,G. Campana Lee,L. Carboni,Challenger Men Singles,0.454,1.76,0.5682,-0.1142,0,G. Campana Lee,2026-09-06T16:14:18.485396+00:00
2026-09-06T15:13:45.852313+00:00,12160618,M. Dodig,J. P. Varillas,Challenger Men Singles,0.4839,1.44,0.6944,-0.2106,0,M. Dodig,2026-09-06T17:11:42.577749+00:00
2026-09-06T15:13:46.890623+00:00,12160617,P. Makk,B. Pietri,Challenger Men Singles,0.7008,1.3,0.7692,-0.0684,0,B. Pietri,2026-09-06T16:14:19.571279+00:00
2026-09-06T15:13:47.943297+00:00,12160616,H. Car,G. Dalmasso,Challenger Men Singles,0.1558,,,,0,H. Car,2026-09-06T16:14:20.118755+00:00
2026-09-06T15:13:49.054189+00:00,12160601,Y. Ezzat,Y. Perapekhina,Itf Women Singles,0.6512,3.51,0.2849,0.3663,1,Y. Ezzat,2026-09-06T16:27:37.119737+00:00
2026-09-06T15:13:50.109067+00:00,12160600,D. Javia,C. Duhan,Itf Men Singles,0.5714,1.2,0.8333,-0.2619,1,D. Javia,2026-09-06T17:11:42.918717+00:00
2026-09-06T15:13:51.178946+00:00,12160594,R. Bertrand,R. Perot,Itf Men Singles,0.4291,3.08,0.3247,0.1044,1,R. Perot,2026-09-06T15:19:48.311357+00:00
2026-09-06T15:13:52.228997+00:00,12160585,H. Klugman,L. Fruhvirtova,Itf Women Singles,0.2413,2.34,0.4274,-0.186,0,H. Klugman,2026-09-06T17:11:43.264601+00:00
2026-09-06T15:13:53.266095+00:00,12160532,Gonzalez/ Molteni,Nouza/ Oberleitner,Atp Doubles,,,,,,,
2026-09-06T15:13:54.303175+00:00,12160513,Heliovaara/ Patten,J- Arnaldi/ Struff,Atp Doubles,,,,,,,
2026-09-06T15:19:52.232611+00:00,12160676,V. Bosio,M. F. Urrutia,Itf Women Singles,0.6327,,,,1,V. Bosio,2026-09-06T17:11:43.615606+00:00
2026-09-06T15:19:53.280658+00:00,12160814,M. Petkovic,D. Salazar,Challenger Men Singles,0.7107,1.17,0.8547,-0.144,1,M. Petkovic,2026-09-06T16:14:22.833816+00:00
2026-09-06T15:19:54.330543+00:00,12160813,E. Cherie Ligniere,F. Arnaboldi,Challenger Men Singles,0.1053,4.04,0.2475,-0.1423,1,F. Arnaboldi,2026-09-06T16:14:23.381234+00:00
2026-09-06T15:19:55.401139+00:00,12160812,V. Aboian,L. Castagnola,Challenger Men Singles,0.7533,1.29,0.7752,-0.0219,1,V. Aboian,2026-09-06T17:11:43.959894+00:00
2026-09-06T15:19:56.627350+00:00,12160724,Y. J. Lin,K. Ishii,Girls Singles,,,,,,,
2026-09-06T15:19:57.678019+00:00,12160719,T. Hermanova,P. Pinera Celorio,Girls Singles,,,,,,,
2026-09-06T15:19:58.725298+00:00,12160718,J. Hazelitt,L. Beviz,Girls Singles,,,,,,,
2026-09-06T15:19:59.772516+00:00,12160714,E. Dotsenko,N. Lagaev,Girls Singles,0.3333,,,,0,E. Dotsenko,2026-09-06T17:17:36.912629+00:00
2026-09-06T15:20:00.877650+00:00,12160711,M. I. Burcescu,Y. Saffar,Girls Singles,0.8605,,,,0,Y. Saffar,2026-09-06T16:21:03.655219+00:00
2026-09-06T15:20:02.194362+00:00,12160709,Re. Alame,K. Penickova,Girls Singles,0.1803,,,,1,K. Penickova,2026-09-06T16:14:25.580659+00:00
2026-09-06T15:20:03.237403+00:00,12160700,K. Nara,M. Domenc,Boys Singles,,,,,,,
2026-09-06T15:20:04.282063+00:00,12160697,T. Konduri,J. Kusy,Boys Singles,,,,,,,
2026-09-06T15:20:05.320350+00:00,12160695,D. Jovanovski,D. Brand,Boys Singles,0.6667,,,,0,D. Brand,2026-09-06T17:11:44.653037+00:00
2026-09-06T15:20:06.375205+00:00,12160694,A. Johnson,A. Paparkar,Boys Singles,0.8974,,,,1,A. Johnson,2026-09-06T17:11:44.995357+00:00
2026-09-06T15:20:07.619435+00:00,12160688,R. Cozad,T. Behrmann,Boys Singles,,,,,,,
2026-09-06T15:20:08.673933+00:00,12160679,M. Antonius,F. L. Storck,Boys Singles,0.9804,,,,1,M. Antonius,2026-09-06T16:14:27.231425+00:00
2026-09-06T15:20:09.908978+00:00,12160512,Carpico/ Filin,Melo/ Peers,Atp Doubles,,,,,,,
2026-09-06T15:20:10.952331+00:00,12160674,M. Houkes,K. Bennani,Itf Men Singles,0.6959,1.42,0.7042,-0.0083,1,M. Houkes,2026-09-06T17:11:45.339169+00:00
2026-09-06T15:20:11.990784+00:00,12160669,E. Bonelli,Y. Kotliar,Challenger Women Singles,,4.65,0.2151,,,,
2026-09-06T15:20:13.070930+00:00,12160656,L. Ratti,L. Pokorny,Challenger Men Singles,0.6872,1.32,0.7576,-0.0704,0,L. Pokorny,2026-09-06T15:26:25.619686+00:00
2026-09-06T15:20:14.134804+00:00,12160644,T. Pereira,T. Cigarran,Challenger Men Singles,0.7402,1.24,0.8065,-0.0663,1,T. Pereira,2026-09-06T17:23:18.837980+00:00
2026-09-06T15:20:15.181640+00:00,12160641,C. Sanchez Jover,S. Fita Juan,Challenger Men Singles,0.8927,1.15,0.8696,0.0231,1,C. Sanchez Jover,2026-09-06T16:14:28.886184+00:00
2026-09-06T15:20:16.422425+00:00,12160639,G. Campana Lee,L. Carboni,Challenger Men Singles,0.454,1.76,0.5682,-0.1142,0,G. Campana Lee,2026-09-06T16:14:29.421815+00:00
2026-09-06T15:20:17.481107+00:00,12160618,M. Dodig,J. P. Varillas,Challenger Men Singles,0.4839,1.44,0.6944,-0.2106,0,M. Dodig,2026-09-06T17:11:46.032289+00:00
2026-09-06T15:20:18.520798+00:00,12160617,P. Makk,B. Pietri,Challenger Men Singles,0.7008,1.3,0.7692,-0.0684,0,B. Pietri,2026-09-06T16:14:30.510491+00:00
2026-09-06T15:20:19.660708+00:00,12160616,H. Car,G. Dalmasso,Challenger Men Singles,0.1558,,,,0,H. Car,2026-09-06T16:14:31.059802+00:00
2026-09-06T15:20:20.714213+00:00,12160601,Y. Ezzat,Y. Perapekhina,Itf Women Singles,0.6512,3.51,0.2849,0.3663,1,Y. Ezzat,2026-09-06T16:27:43.128014+00:00
2026-09-06T15:20:21.775324+00:00,12160600,D. Javia,C. Duhan,Itf Men Singles,0.5714,1.2,0.8333,-0.2619,1,D. Javia,2026-09-06T17:11:46.376960+00:00
2026-09-06T15:20:22.905513+00:00,12160594,R. Bertrand,R. Perot,Itf Men Singles,0.4291,3.08,0.3247,0.1044,1,R. Perot,2026-09-06T15:26:30.331616+00:00
2026-09-06T15:20:23.949226+00:00,12160585,H. Klugman,L. Fruhvirtova,Itf Women Singles,0.2413,2.34,0.4274,-0.186,0,H. Klugman,2026-09-06T17:11:46.716183+00:00
2026-09-06T15:20:24.988078+00:00,12160532,Gonzalez/ Molteni,Nouza/ Oberleitner,Atp Doubles,,,,,,,
2026-09-06T15:20:26.035236+00:00,12160513,Heliovaara/ Patten,J- Arnaldi/ Struff,Atp Doubles,,,,,,,
2026-09-06T15:26:34.294963+00:00,12160676,V. Bosio,M. F. Urrutia,Itf Women Singles,0.6327,,,,1,V. Bosio,2026-09-06T17:11:47.061260+00:00
2026-09-06T15:26:35.332620+00:00,12160814,M. Petkovic,D. Salazar,Challenger Men Singles,0.7107,1.17,0.8547,-0.144,1,M. Petkovic,2026-09-06T16:14:33.813049+00:00
2026-09-06T15:26:36.390733+00:00,12160813,E. Cherie Ligniere,F. Arnaboldi,Challenger Men Singles,0.1053,4.04,0.2475,-0.1423,1,F. Arnaboldi,2026-09-06T16:14:34.357213+00:00
2026-09-06T15:26:37.435079+00:00,12160812,V. Aboian,L. Castagnola,Challenger Men Singles,0.7533,1.29,0.7752,-0.0219,1,V. Aboian,2026-09-06T17:11:47.398811+00:00
2026-09-06T15:26:38.719377+00:00,12160724,Y. J. Lin,K. Ishii,Girls Singles,,,,,,,
2026-09-06T15:26:39.777766+00:00,12160719,T. Hermanova,P. Pinera Celorio,Girls Singles,,,,,,,
2026-09-06T15:26:40.898147+00:00,12160718,J. Hazelitt,L. Beviz,Girls Singles,,,,,,,
2026-09-06T15:26:41.934303+00:00,12160714,E. Dotsenko,N. Lagaev,Girls Singles,0.3333,,,,0,E. Dotsenko,2026-09-06T17:17:37.605735+00:00
2026-09-06T15:26:42.994976+00:00,12160711,M. I. Burcescu,Y. Saffar,Girls Singles,0.8605,,,,0,Y. Saffar,2026-09-06T16:14:35.998275+00:00
2026-09-06T15:26:44.240683+00:00,12160709,Re. Alame,K. Penickova,Girls Singles,0.1803,,,,1,K. Penickova,2026-09-06T16:14:36.538821+00:00
2026-09-06T15:26:45.344244+00:00,12160700,K. Nara,M. Domenc,Boys Singles,,,,,,,
2026-09-06T15:26:46.427741+00:00,12160697,T. Konduri,J. Kusy,Boys Singles,,,,,,,
2026-09-06T15:26:47.467708+00:00,12160695,D. Jovanovski,D. Brand,Boys Singles,0.6667,,,,0,D. Brand,2026-09-06T17:11:48.091084+00:00
2026-09-06T15:26:48.564228+00:00,12160694,A. Johnson,A. Paparkar,Boys Singles,0.8974,,,,1,A. Johnson,2026-09-06T17:11:48.427625+00:00
2026-09-06T15:26:49.828806+00:00,12160688,R. Cozad,T. Behrmann,Boys Singles,,,,,,,
2026-09-06T15:26:50.911063+00:00,12160679,M. Antonius,F. L. Storck,Boys Singles,0.9804,,,,1,M. Antonius,2026-09-06T16:14:38.177367+00:00
2026-09-06T15:26:52.182192+00:00,12160512,Carpico/ Filin,Melo/ Peers,Atp Doubles,,,,,,,
2026-09-06T15:26:53.241086+00:00,12160674,M. Houkes,K. Bennani,Itf Men Singles,0.6959,1.42,0.7042,-0.0083,1,M. Houkes,2026-09-06T17:11:48.770275+00:00
2026-09-06T15:26:54.297249+00:00,12160669,E. Bonelli,Y. Kotliar,Challenger Women Singles,,4.65,0.2151,,,,
2026-09-06T15:26:55.407141+00:00,12160656,L. Ratti,L. Pokorny,Challenger Men Singles,0.6872,1.32,0.7576,-0.0704,0,L. Pokorny,2026-09-06T16:14:39.255467+00:00
2026-09-06T15:26:56.472347+00:00,12160644,T. Pereira,T. Cigarran,Challenger Men Singles,0.7402,1.24,0.8065,-0.0663,1,T. Pereira,2026-09-06T17:23:19.184306+00:00
2026-09-06T15:26:57.524355+00:00,12160641,C. Sanchez Jover,S. Fita Juan,Challenger Men Singles,0.8927,1.15,0.8696,0.0231,1,C. Sanchez Jover,2026-09-06T16:14:40.361975+00:00
2026-09-06T15:26:58.786248+00:00,12160639,G. Campana Lee,L. Carboni,Challenger Men Singles,0.454,1.76,0.5682,-0.1142,0,G. Campana Lee,2026-09-06T16:14:40.911129+00:00
2026-09-06T15:26:59.837247+00:00,12160618,M. Dodig,J. P. Varillas,Challenger Men Singles,0.4839,1.44,0.6944,-0.2106,0,M. Dodig,2026-09-06T17:11:49.469842+00:00
2026-09-06T15:27:00.886125+00:00,12160617,P. Makk,B. Pietri,Challenger Men Singles,0.7008,1.3,0.7692,-0.0684,0,B. Pietri,2026-09-06T16:14:42.006419+00:00
2026-09-06T15:27:01.926829+00:00,12160616,H. Car,G. Dalmasso,Challenger Men Singles,0.1558,,,,0,H. Car,2026-09-06T16:14:42.554998+00:00
2026-09-06T15:27:02.991018+00:00,12160601,Y. Ezzat,Y. Perapekhina,Itf Women Singles,0.6512,3.51,0.2849,0.3663,1,Y. Ezzat,2026-09-06T16:27:49.184090+00:00
2026-09-06T15:27:04.050333+00:00,12160600,D. Javia,C. Duhan,Itf Men Singles,0.5714,1.2,0.8333,-0.2619,1,D. Javia,2026-09-06T17:11:49.813297+00:00
2026-09-06T15:27:05.108092+00:00,12160585,H. Klugman,L. Fruhvirtova,Itf Women Singles,0.2413,2.34,0.4274,-0.186,0,H. Klugman,2026-09-06T17:11:50.157480+00:00
2026-09-06T15:27:06.142042+00:00,12160532,Gonzalez/ Molteni,Nouza/ Oberleitner,Atp Doubles,,,,,,,
2026-09-06T15:27:07.199226+00:00,12160531,A. Sabalenka,T. Townsend,Wta Singles,0.9163,1.19,0.8403,0.076,1,A. Sabalenka,2026-09-06T17:11:50.501856+00:00
2026-09-06T15:27:08.237479+00:00,12160513,Heliovaara/ Patten,J- Arnaldi/ Struff,Atp Doubles,,,,,,,
2026-09-06T16:14:48.167895+00:00,12160679,M. Antonius,F. L. Storck,Boys Singles,0.9804,,,,1,M. Antonius,2026-09-06T16:21:15.209335+00:00
2026-09-06T16:14:49.512936+00:00,12160814,M. Petkovic,D. Salazar,Challenger Men Singles,0.7107,1.16,0.8621,-0.1514,1,M. Petkovic,2026-09-06T16:21:15.758218+00:00
2026-09-06T16:14:50.612977+00:00,12160812,V. Aboian,L. Castagnola,Challenger Men Singles,0.7533,1.29,0.7752,-0.0219,1,V. Aboian,2026-09-06T17:11:50.851069+00:00
2026-09-06T16:14:51.937632+00:00,12160724,Y. J. Lin,K. Ishii,Girls Singles,,,,,,,
2026-09-06T16:14:53.034065+00:00,12160719,T. Hermanova,P. Pinera Celorio,Girls Singles,,,,,,,
2026-09-06T16:14:54.133158+00:00,12160718,J. Hazelitt,L. Beviz,Girls Singles,,,,,,,
2026-09-06T16:14:55.226009+00:00,12160714,E. Dotsenko,N. Lagaev,Girls Singles,0.3333,,,,0,E. Dotsenko,2026-09-06T17:17:38.293166+00:00
2026-09-06T16:14:56.314025+00:00,12160711,M. I. Burcescu,Y. Saffar,Girls Singles,0.8605,,,,0,Y. Saffar,2026-09-06T16:21:17.397689+00:00
2026-09-06T16:14:57.673177+00:00,12160709,Re. Alame,K. Penickova,Girls Singles,0.1803,,,,1,K. Penickova,2026-09-06T16:21:17.938829+00:00
2026-09-06T16:14:58.760933+00:00,12160700,K. Nara,M. Domenc,Boys Singles,,,,,,,
2026-09-06T16:14:59.847913+00:00,12160697,T. Konduri,J. Kusy,Boys Singles,,,,,,,
2026-09-06T16:15:00.937616+00:00,12160695,D. Jovanovski,D. Brand,Boys Singles,0.6667,,,,0,D. Brand,2026-09-06T17:11:51.542076+00:00
2026-09-06T16:15:02.033008+00:00,12160694,A. Johnson,A. Paparkar,Boys Singles,0.8974,,,,1,A. Johnson,2026-09-06T17:11:51.882696+00:00
2026-09-06T16:15:03.375885+00:00,12160688,R. Cozad,T. Behrmann,Boys Singles,,,,,,,
2026-09-06T16:15:04.498417+00:00,12160512,Carpico/ Filin,Melo/ Peers,Atp Doubles,,,,,,,
2026-09-06T16:15:05.588172+00:00,12160676,V. Bosio,M. F. Urrutia,Itf Women Singles,0.6327,,,,1,V. Bosio,2026-09-06T17:11:52.244084+00:00
2026-09-06T16:15:06.687672+00:00,12160674,M. Houkes,K. Bennani,Itf Men Singles,0.6959,1.42,0.7042,-0.0083,1,M. Houkes,2026-09-06T17:11:52.593918+00:00
2026-09-06T16:15:07.786349+00:00,12160672,L. Zaar,K. Tsygourova,Challenger Women Singles,0.594,1.29,0.7752,-0.1812,0,K. Tsygourova,2026-09-06T19:11:47.743818+00:00
2026-09-06T16:15:08.876212+00:00,12160644,T. Pereira,T. Cigarran,Challenger Men Singles,0.7402,1.24,0.8065,-0.0663,1,T. Pereira,2026-09-06T17:23:19.871727+00:00
2026-09-06T16:15:09.959813+00:00,12160643,I. Lopez Morillo,P. Vives Marcos,Challenger Men Singles,0.4558,3.53,0.2833,0.1725,1,P. Vives Marcos,2026-09-06T18:15:17.022096+00:00
2026-09-06T16:15:11.059404+00:00,12160642,J. Forejtek,A. Barroso Campos,Challenger Men Singles,0.6968,1.19,0.8403,-0.1435,1,J. Forejtek,2026-09-06T18:15:17.549553+00:00
2026-09-06T16:15:12.155004+00:00,12160618,M. Dodig,J. P. Varillas,Challenger Men Singles,0.4839,1.44,0.6944,-0.2106,0,M. Dodig,2026-09-06T17:11:54.323822+00:00
2026-09-06T16:15:13.246130+00:00,12160600,D. Javia,C. Duhan,Itf Men Singles,0.5714,1.2,0.8333,-0.2619,1,D. Javia,2026-09-06T17:11:54.661628+00:00
2026-09-06T16:15:14.353724+00:00,12160585,H. Klugman,L. Fruhvirtova,Itf Women Singles,0.2413,2.34,0.4274,-0.186,0,H. Klugman,2026-09-06T17:11:55.009293+00:00
2026-09-06T16:15:15.442808+00:00,12160532,Gonzalez/ Molteni,Nouza/ Oberleitner,Atp Doubles,,,,,,,
2026-09-06T16:15:16.544029+00:00,12160531,A. Sabalenka,T. Townsend,Wta Singles,0.9163,1.19,0.8403,0.076,1,A. Sabalenka,2026-09-06T17:11:55.365901+00:00
2026-09-06T16:15:17.633556+00:00,12160513,Heliovaara/ Patten,J- Arnaldi/ Struff,Atp Doubles,,,,,,,
2026-09-06T16:21:27.931699+00:00,12160676,V. Bosio,M. F. Urrutia,Itf Women Singles,0.6327,,,,1,V. Bosio,2026-09-06T17:11:55.717541+00:00
2026-09-06T16:21:29.020022+00:00,12160812,V. Aboian,L. Castagnola,Challenger Men Singles,0.7533,1.29,0.7752,-0.0219,1,V. Aboian,2026-09-06T17:11:56.062859+00:00
2026-09-06T16:21:30.340809+00:00,12160724,Y. J. Lin,K. Ishii,Girls Singles,,,,,,,
2026-09-06T16:21:31.426828+00:00,12160719,T. Hermanova,P. Pinera Celorio,Girls Singles,,,,,,,
2026-09-06T16:21:32.514395+00:00,12160718,J. Hazelitt,L. Beviz,Girls Singles,,,,,,,
2026-09-06T16:21:33.580269+00:00,12160714,E. Dotsenko,N. Lagaev,Girls Singles,0.3333,,,,0,E. Dotsenko,2026-09-06T17:17:40.014287+00:00
2026-09-06T16:21:34.671218+00:00,12160711,M. I. Burcescu,Y. Saffar,Girls Singles,0.8605,,,,0,Y. Saffar,2026-09-06T16:28:00.663616+00:00
2026-09-06T16:21:35.997683+00:00,12160700,K. Nara,M. Domenc,Boys Singles,,,,,,,
2026-09-06T16:21:37.088519+00:00,12160697,T. Konduri,J. Kusy,Boys Singles,,,,,,,
2026-09-06T16:21:38.175208+00:00,12160695,D. Jovanovski,D. Brand,Boys Singles,0.6667,,,,0,D. Brand,2026-09-06T17:11:56.752372+00:00
2026-09-06T16:21:39.253508+00:00,12160694,A. Johnson,A. Paparkar,Boys Singles,0.8974,,,,1,A. Johnson,2026-09-06T17:11:57.102246+00:00
2026-09-06T16:21:40.556933+00:00,12160688,R. Cozad,T. Behrmann,Boys Singles,,,,,,,
2026-09-06T16:21:41.665044+00:00,12160679,M. Antonius,F. L. Storck,Boys Singles,0.9804,,,,1,M. Antonius,2026-09-06T16:28:02.336972+00:00
2026-09-06T16:21:42.992815+00:00,12160512,Carpico/ Filin,Melo/ Peers,Atp Doubles,,,,,,,
2026-09-06T16:21:44.084150+00:00,12160674,M. Houkes,K. Bennani,Itf Men Singles,0.6959,1.42,0.7042,-0.0083,1,M. Houkes,2026-09-06T17:11:57.445162+00:00
2026-09-06T16:21:45.187350+00:00,12160672,L. Zaar,K. Tsygourova,Challenger Women Singles,0.594,1.29,0.7752,-0.1812,0,K. Tsygourova,2026-09-06T19:11:48.200348+00:00
2026-09-06T16:21:46.286243+00:00,12160644,T. Pereira,T. Cigarran,Challenger Men Singles,0.7402,1.24,0.8065,-0.0663,1,T. Pereira,2026-09-06T17:23:21.334073+00:00
2026-09-06T16:21:47.391613+00:00,12160643,I. Lopez Morillo,P. Vives Marcos,Challenger Men Singles,0.4558,3.53,0.2833,0.1725,1,P. Vives Marcos,2026-09-06T18:15:18.699842+00:00
2026-09-06T16:21:48.484528+00:00,12160642,J. Forejtek,A. Barroso Campos,Challenger Men Singles,0.6968,1.19,0.8403,-0.1435,1,J. Forejtek,2026-09-06T18:15:19.226055+00:00
2026-09-06T16:21:49.584703+00:00,12160618,M. Dodig,J. P. Varillas,Challenger Men Singles,0.4839,1.44,0.6944,-0.2106,0,M. Dodig,2026-09-06T17:11:59.176754+00:00
2026-09-06T16:21:50.694517+00:00,12160600,D. Javia,C. Duhan,Itf Men Singles,0.5714,1.2,0.8333,-0.2619,1,D. Javia,2026-09-06T17:11:59.523445+00:00
2026-09-06T16:21:51.801059+00:00,12160585,H. Klugman,L. Fruhvirtova,Itf Women Singles,0.2413,2.34,0.4274,-0.186,0,H. Klugman,2026-09-06T17:11:59.861364+00:00
2026-09-06T16:21:52.922386+00:00,12160532,Gonzalez/ Molteni,Nouza/ Oberleitner,Atp Doubles,,,,,,,
2026-09-06T16:21:54.000283+00:00,12160531,A. Sabalenka,T. Townsend,Wta Singles,0.9163,1.19,0.8403,0.076,1,A. Sabalenka,2026-09-06T17:12:00.205051+00:00
2026-09-06T16:21:55.089776+00:00,12160513,Heliovaara/ Patten,J- Arnaldi/ Struff,Atp Doubles,,,,,,,
2026-09-06T16:28:10.748760+00:00,12160679,M. Antonius,F. L. Storck,Boys Singles,0.9804,,,,1,M. Antonius,2026-09-06T17:12:00.558770+00:00
2026-09-06T16:28:12.156716+00:00,12160812,V. Aboian,L. Castagnola,Challenger Men Singles,0.7533,1.29,0.7752,-0.0219,1,V. Aboian,2026-09-06T17:12:00.899426+00:00
2026-09-06T16:28:13.492257+00:00,12160727,A. Penickova,V. L. Barros,Girls Singles,0.7373,,,,1,A. Penickova,2026-09-06T18:15:19.826863+00:00
2026-09-06T16:28:14.581228+00:00,12160724,Y. J. Lin,K. Ishii,Girls Singles,,,,,,,
2026-09-06T16:28:15.677028+00:00,12160719,T. Hermanova,P. Pinera Celorio,Girls Singles,,,,,,,
2026-09-06T16:28:16.777974+00:00,12160718,J. Hazelitt,L. Beviz,Girls Singles,,,,,,,
2026-09-06T16:28:17.869770+00:00,12160714,E. Dotsenko,N. Lagaev,Girls Singles,0.3333,,,,0,E. Dotsenko,2026-09-06T17:17:42.109807+00:00
2026-09-06T16:28:18.956989+00:00,12160711,M. I. Burcescu,Y. Saffar,Girls Singles,0.8605,,,,0,Y. Saffar,2026-09-06T17:12:01.927757+00:00
2026-09-06T16:28:20.284828+00:00,12160700,K. Nara,M. Domenc,Boys Singles,,,,,,,
2026-09-06T16:28:21.365685+00:00,12160697,T. Konduri,J. Kusy,Boys Singles,,,,,,,
2026-09-06T16:28:22.456092+00:00,12160695,D. Jovanovski,D. Brand,Boys Singles,0.6667,,,,0,D. Brand,2026-09-06T17:12:02.271318+00:00
2026-09-06T16:28:23.544723+00:00,12160694,A. Johnson,A. Paparkar,Boys Singles,0.8974,,,,1,A. Johnson,2026-09-06T17:12:02.613522+00:00
2026-09-06T16:28:24.874308+00:00,12160688,R. Cozad,T. Behrmann,Boys Singles,,,,,,,
2026-09-06T16:28:25.974452+00:00,12160512,Carpico/ Filin,Melo/ Peers,Atp Doubles,,,,,,,
2026-09-06T16:28:27.069774+00:00,12160676,V. Bosio,M. F. Urrutia,Itf Women Singles,0.6327,,,,1,V. Bosio,2026-09-06T17:12:02.957309+00:00
2026-09-06T16:28:28.153768+00:00,12160674,M. Houkes,K. Bennani,Itf Men Singles,0.6959,1.42,0.7042,-0.0083,1,M. Houkes,2026-09-06T17:12:03.297842+00:00
2026-09-06T16:28:29.247445+00:00,12160672,L. Zaar,K. Tsygourova,Challenger Women Singles,0.594,1.29,0.7752,-0.1812,0,K. Tsygourova,2026-09-06T19:11:48.627360+00:00
2026-09-06T16:28:30.323755+00:00,12160644,T. Pereira,T. Cigarran,Challenger Men Singles,0.7402,1.24,0.8065,-0.0663,1,T. Pereira,2026-09-06T17:23:23.038825+00:00
2026-09-06T16:28:31.421998+00:00,12160643,I. Lopez Morillo,P. Vives Marcos,Challenger Men Singles,0.4558,3.53,0.2833,0.1725,1,P. Vives Marcos,2026-09-06T18:15:20.963241+00:00
2026-09-06T16:28:32.525041+00:00,12160642,J. Forejtek,A. Barroso Campos,Challenger Men Singles,0.6968,1.19,0.8403,-0.1435,1,J. Forejtek,2026-09-06T18:15:21.566628+00:00
2026-09-06T16:28:33.628787+00:00,12160618,M. Dodig,J. P. Varillas,Challenger Men Singles,0.4839,1.44,0.6944,-0.2106,0,M. Dodig,2026-09-06T17:12:05.022077+00:00
2026-09-06T16:28:34.716868+00:00,12160600,D. Javia,C. Duhan,Itf Men Singles,0.5714,1.2,0.8333,-0.2619,1,D. Javia,2026-09-06T17:12:05.378880+00:00
2026-09-06T16:28:35.806331+00:00,12160585,H. Klugman,L. Fruhvirtova,Itf Women Singles,0.2413,2.34,0.4274,-0.186,0,H. Klugman,2026-09-06T17:12:05.724294+00:00
2026-09-06T16:28:36.901569+00:00,12160532,Gonzalez/ Molteni,Nouza/ Oberleitner,Atp Doubles,,,,,,,
2026-09-06T16:28:38.036541+00:00,12160531,A. Sabalenka,T. Townsend,Wta Singles,0.9163,1.19,0.8403,0.076,1,A. Sabalenka,2026-09-06T17:12:06.061440+00:00
2026-09-06T16:28:39.146657+00:00,12160513,Heliovaara/ Patten,J- Arnaldi/ Struff,Atp Doubles,,,,,,,
2026-09-06T17:12:08.194237+00:00,12160686,R. Ciurnelli,J. Lee,Boys Singles,0.6667,,,,0,J. Lee,2026-09-06T18:15:22.097329+00:00
2026-09-06T17:12:08.881540+00:00,12160739,A. Wang,M. Makarova,Girls Singles,,,,,,,
2026-09-06T17:12:09.576352+00:00,12160734,Y. Shao,S. Meabe,Girls Singles,0.8305,,,,1,Y. Shao,2026-09-06T18:15:22.676431+00:00
2026-09-06T17:12:10.304477+00:00,12160731,A. Pushkareva,S. Selvan,Girls Singles,,,,,,,
2026-09-06T17:12:10.993285+00:00,12160727,A. Penickova,V. L. Barros,Girls Singles,0.7373,,,,1,A. Penickova,2026-09-06T18:15:23.201322+00:00
2026-09-06T17:12:11.677305+00:00,12160724,Y. J. Lin,K. Ishii,Girls Singles,,,,,,,
2026-09-06T17:12:12.381606+00:00,12160714,E. Dotsenko,N. Lagaev,Girls Singles,0.3333,,,,0,E. Dotsenko,2026-09-06T17:17:44.983199+00:00
2026-09-06T17:12:13.065380+00:00,12160701,D. Pagani,N. Baena,Boys Singles,0.9474,,,,1,D. Pagani,2026-09-06T18:27:27.924861+00:00
2026-09-06T17:12:13.804787+00:00,12160687,K. Colombo,M. V. Chelemen,Boys Singles,,,,,,,
2026-09-06T17:12:14.489631+00:00,12160515,Nys/ Roger-Vasselin,Balaji/ King,Atp Doubles,,,,,,,
2026-09-06T17:12:15.177331+00:00,12160672,L. Zaar,K. Tsygourova,Challenger Women Singles,0.594,1.29,0.7752,-0.1812,0,K. Tsygourova,2026-09-06T19:11:49.070057+00:00
2026-09-06T17:12:15.861175+00:00,12160644,T. Pereira,T. Cigarran,Challenger Men Singles,0.7402,1.24,0.8065,-0.0663,1,T. Pereira,2026-09-06T17:23:25.794627+00:00
2026-09-06T17:12:16.548557+00:00,12160643,I. Lopez Morillo,P. Vives Marcos,Challenger Men Singles,0.4558,3.53,0.2833,0.1725,1,P. Vives Marcos,2026-09-06T18:15:24.877719+00:00
2026-09-06T17:12:17.232664+00:00,12160642,J. Forejtek,A. Barroso Campos,Challenger Men Singles,0.6968,1.19,0.8403,-0.1435,1,J. Forejtek,2026-09-06T18:15:25.406944+00:00
2026-09-06T17:12:17.922881+00:00,12160619,I. Montes-De La Torre,F. Balshaw,Challenger Men Singles,0.4828,,,,1,F. Balshaw,2026-09-06T19:11:49.499579+00:00
2026-09-06T17:12:18.603710+00:00,12160600,D. Javia,C. Duhan,Itf Men Singles,0.5714,1.2,0.8333,-0.2619,1,D. Javia,2026-09-06T17:17:47.452615+00:00
2026-09-06T17:12:19.364193+00:00,12160533,M. Kostyuk,L. Noskova,Wta Singles,0.4418,1.72,0.5814,-0.1396,1,L. Noskova,2026-09-06T19:17:41.835261+00:00
2026-09-06T17:12:20.039392+00:00,12160518,Maria/ Sonmez,Danilina/ Krunic,Wta Doubles,,,,,,,
2026-09-06T17:17:49.979080+00:00,12160686,R. Ciurnelli,J. Lee,Boys Singles,0.6667,,,,0,J. Lee,2026-09-06T18:15:27.067402+00:00
2026-09-06T17:17:50.665874+00:00,12160739,A. Wang,M. Makarova,Girls Singles,,,,,,,
2026-09-06T17:17:51.340536+00:00,12160734,Y. Shao,S. Meabe,Girls Singles,0.8305,,,,1,Y. Shao,2026-09-06T18:15:27.595770+00:00
2026-09-06T17:17:52.071380+00:00,12160731,A. Pushkareva,S. Selvan,Girls Singles,,,,,,,
2026-09-06T17:17:52.774564+00:00,12160727,A. Penickova,V. L. Barros,Girls Singles,0.7373,,,,1,A. Penickova,2026-09-06T18:15:28.177573+00:00
2026-09-06T17:17:53.468839+00:00,12160724,Y. J. Lin,K. Ishii,Girls Singles,,,,,,,
2026-09-06T17:17:54.156640+00:00,12160714,E. Dotsenko,N. Lagaev,Girls Singles,0.3333,,,,0,E. Dotsenko,2026-09-06T17:23:28.614718+00:00
2026-09-06T17:17:54.841991+00:00,12160703,N. Raguin,S. Massellani,Boys Singles,0.25,,,,1,S. Massellani,2026-09-06T19:11:50.413941+00:00
2026-09-06T17:17:55.534822+00:00,12160701,D. Pagani,N. Baena,Boys Singles,0.9474,,,,1,D. Pagani,2026-09-06T18:27:30.599558+00:00
2026-09-06T17:17:56.265710+00:00,12160687,K. Colombo,M. V. Chelemen,Boys Singles,,,,,,,
2026-09-06T17:17:56.959892+00:00,12160515,Nys/ Roger-Vasselin,Balaji/ King,Atp Doubles,,,,,,,
2026-09-06T17:17:57.647020+00:00,12160672,L. Zaar,K. Tsygourova,Challenger Women Singles,0.594,1.29,0.7752,-0.1812,0,K. Tsygourova,2026-09-06T19:11:50.842022+00:00
2026-09-06T17:17:58.334365+00:00,12160644,T. Pereira,T. Cigarran,Challenger Men Singles,0.7402,1.24,0.8065,-0.0663,1,T. Pereira,2026-09-06T17:23:29.993162+00:00
2026-09-06T17:17:59.046710+00:00,12160643,I. Lopez Morillo,P. Vives Marcos,Challenger Men Singles,0.4558,3.53,0.2833,0.1725,1,P. Vives Marcos,2026-09-06T18:15:30.407651+00:00
2026-09-06T17:17:59.738197+00:00,12160642,J. Forejtek,A. Barroso Campos,Challenger Men Singles,0.6968,1.19,0.8403,-0.1435,1,J. Forejtek,2026-09-06T18:15:30.938660+00:00
2026-09-06T17:18:00.420867+00:00,12160619,I. Montes-De La Torre,F. Balshaw,Challenger Men Singles,0.4828,,,,1,F. Balshaw,2026-09-06T19:11:51.268083+00:00
2026-09-06T17:18:01.106862+00:00,12160600,D. Javia,C. Duhan,Itf Men Singles,0.5714,1.2,0.8333,-0.2619,1,D. Javia,2026-09-06T17:23:31.397678+00:00
2026-09-06T17:18:01.796090+00:00,12160533,M. Kostyuk,L. Noskova,Wta Singles,0.4418,1.72,0.5814,-0.1396,1,L. Noskova,2026-09-06T19:17:42.269187+00:00
2026-09-06T17:18:02.486643+00:00,12160518,Maria/ Sonmez,Danilina/ Krunic,Wta Doubles,,,,,,,
2026-09-06T17:23:33.899855+00:00,12160686,R. Ciurnelli,J. Lee,Boys Singles,0.6667,,,,0,J. Lee,2026-09-06T18:15:32.530554+00:00
2026-09-06T17:23:34.580207+00:00,12160739,A. Wang,M. Makarova,Girls Singles,,,,,,,
2026-09-06T17:23:35.276322+00:00,12160734,Y. Shao,S. Meabe,Girls Singles,0.8305,,,,1,Y. Shao,2026-09-06T18:15:33.055329+00:00
2026-09-06T17:23:36.002402+00:00,12160731,A. Pushkareva,S. Selvan,Girls Singles,,,,,,,
2026-09-06T17:23:36.687138+00:00,12160727,A. Penickova,V. L. Barros,Girls Singles,0.7373,,,,1,A. Penickova,2026-09-06T18:15:33.584837+00:00
2026-09-06T17:23:37.446566+00:00,12160724,Y. J. Lin,K. Ishii,Girls Singles,,,,,,,
2026-09-06T17:23:38.140472+00:00,12160717,T. Gowda,E. V. Eigelsbach,Girls Singles,0.7419,,,,1,T. Gowda,2026-09-06T19:11:52.130162+00:00
2026-09-06T17:23:38.818811+00:00,12160714,E. Dotsenko,N. Lagaev,Girls Singles,0.3333,,,,0,E. Dotsenko,2026-09-06T18:15:34.679983+00:00
2026-09-06T17:23:39.518750+00:00,12160703,N. Raguin,S. Massellani,Boys Singles,0.25,,,,1,S. Massellani,2026-09-06T19:11:52.547316+00:00
2026-09-06T17:23:40.207452+00:00,12160701,D. Pagani,N. Baena,Boys Singles,0.9474,,,,1,D. Pagani,2026-09-06T18:27:33.775366+00:00
2026-09-06T17:23:40.951278+00:00,12160687,K. Colombo,M. V. Chelemen,Boys Singles,,,,,,,
2026-09-06T17:23:41.652931+00:00,12160515,Nys/ Roger-Vasselin,Balaji/ King,Atp Doubles,,,,,,,
2026-09-06T17:23:42.343966+00:00,12160672,L. Zaar,K. Tsygourova,Challenger Women Singles,0.594,1.29,0.7752,-0.1812,0,K. Tsygourova,2026-09-06T19:11:52.971655+00:00
2026-09-06T17:23:43.057400+00:00,12160644,T. Pereira,T. Cigarran,Challenger Men Singles,0.7402,1.24,0.8065,-0.0663,1,T. Pereira,2026-09-06T18:15:36.785926+00:00
2026-09-06T17:23:43.748563+00:00,12160643,I. Lopez Morillo,P. Vives Marcos,Challenger Men Singles,0.4558,3.53,0.2833,0.1725,1,P. Vives Marcos,2026-09-06T18:15:37.314049+00:00
2026-09-06T17:23:44.436421+00:00,12160642,J. Forejtek,A. Barroso Campos,Challenger Men Singles,0.6968,1.19,0.8403,-0.1435,1,J. Forejtek,2026-09-06T18:15:37.941404+00:00
2026-09-06T17:23:45.117461+00:00,12160619,I. Montes-De La Torre,F. Balshaw,Challenger Men Singles,0.4828,,,,1,F. Balshaw,2026-09-06T19:11:53.382766+00:00
2026-09-06T17:23:45.807591+00:00,12160600,D. Javia,C. Duhan,Itf Men Singles,0.5714,1.2,0.8333,-0.2619,1,D. Javia,2026-09-06T18:15:38.993783+00:00
2026-09-06T17:23:46.499139+00:00,12160533,M. Kostyuk,L. Noskova,Wta Singles,0.4418,1.72,0.5814,-0.1396,1,L. Noskova,2026-09-06T19:17:42.692883+00:00
2026-09-06T17:23:47.178437+00:00,12160529,Muhammad/ Stollar,Hozumi/ Klepac,Wta Doubles,,,,,,,
2026-09-06T17:23:47.863297+00:00,12160518,Maria/ Sonmez,Danilina/ Krunic,Wta Doubles,,,,,,,
2026-09-06T18:15:42.864425+00:00,12160693,D. Jade,M. Vaughan,Boys Singles,,,,,,,
2026-09-06T18:15:43.950469+00:00,12160739,A. Wang,M. Makarova,Girls Singles,,,,,,,
2026-09-06T18:15:45.009481+00:00,12160737,A. Sushkova,Y. Lin,Girls Singles,,,,,,,
2026-09-06T18:15:46.069653+00:00,12160726,C. Mercier,A. Tu,Girls Singles,,,,,,,
2026-09-06T18:15:47.134992+00:00,12160717,T. Gowda,E. V. Eigelsbach,Girls Singles,0.7419,,,,1,T. Gowda,2026-09-06T19:11:54.258521+00:00
2026-09-06T18:15:48.189258+00:00,12160704,V. Reisach,V. Reddy,Boys Singles,0.9167,,,,0,V. Reddy,2026-09-06T20:13:09.913874+00:00
2026-09-06T18:15:49.524196+00:00,12160703,N. Raguin,S. Massellani,Boys Singles,0.25,,,,1,S. Massellani,2026-09-06T19:11:55.139749+00:00
2026-09-06T18:15:50.577630+00:00,12160702,N. Raghuram,K. Thompson,Boys Singles,,,,,,,
2026-09-06T18:15:51.634243+00:00,12160701,D. Pagani,N. Baena,Boys Singles,0.9474,,,,1,D. Pagani,2026-09-06T18:27:37.479725+00:00
2026-09-06T18:15:52.959523+00:00,12160515,Nys/ Roger-Vasselin,Balaji/ King,Atp Doubles,,,,,,,
2026-09-06T18:15:54.012646+00:00,12160672,L. Zaar,K. Tsygourova,Challenger Women Singles,0.594,1.29,0.7752,-0.1812,0,K. Tsygourova,2026-09-06T19:11:55.570471+00:00
2026-09-06T18:15:55.065338+00:00,12160619,I. Montes-De La Torre,F. Balshaw,Challenger Men Singles,0.4828,,,,1,F. Balshaw,2026-09-06T19:11:56.124275+00:00
2026-09-06T18:15:56.115500+00:00,12160535,Hsieh S-/Ostapenko,Bouzkova/ Sorribes Tormo,Wta Doubles,,,,,,,
2026-09-06T18:15:57.172441+00:00,12160533,M. Kostyuk,L. Noskova,Wta Singles,0.4418,1.72,0.5814,-0.1396,1,L. Noskova,2026-09-06T19:17:43.543541+00:00
2026-09-06T18:15:58.228017+00:00,12160529,Muhammad/ Stollar,Hozumi/ Klepac,Wta Doubles,,,,,,,
2026-09-06T18:15:59.279718+00:00,12160519,Dart/ Lumsden,Bucsa/ Melichar-Martinez,Wta Doubles,,,,,,,
2026-09-06T18:16:00.341387+00:00,12160518,Maria/ Sonmez,Danilina/ Krunic,Wta Doubles,,,,,,,
2026-09-06T18:16:01.402791+00:00,12160516,T. Paul,C. Alcaraz,Atp Singles,0.2371,5.5,0.1818,0.0553,1,C. Alcaraz,2026-09-06T21:12:25.611174+00:00
2026-09-06T18:21:42.875796+00:00,12160693,D. Jade,M. Vaughan,Boys Singles,,,,,,,
2026-09-06T18:21:43.932850+00:00,12160739,A. Wang,M. Makarova,Girls Singles,,,,,,,
2026-09-06T18:21:44.991309+00:00,12160737,A. Sushkova,Y. Lin,Girls Singles,,,,,,,
2026-09-06T18:21:46.043720+00:00,12160726,C. Mercier,A. Tu,Girls Singles,,,,,,,
2026-09-06T18:21:47.106776+00:00,12160717,T. Gowda,E. V. Eigelsbach,Girls Singles,0.7419,,,,1,T. Gowda,2026-09-06T19:11:57.423483+00:00
2026-09-06T18:21:48.162891+00:00,12160704,V. Reisach,V. Reddy,Boys Singles,0.9167,,,,0,V. Reddy,2026-09-06T20:13:10.592897+00:00
2026-09-06T18:21:49.470599+00:00,12160703,N. Raguin,S. Massellani,Boys Singles,0.25,,,,1,S. Massellani,2026-09-06T19:11:58.271479+00:00
2026-09-06T18:21:50.519217+00:00,12160702,N. Raghuram,K. Thompson,Boys Singles,,,,,,,
2026-09-06T18:21:51.569377+00:00,12160701,D. Pagani,N. Baena,Boys Singles,0.9474,,,,1,D. Pagani,2026-09-06T18:27:41.729374+00:00
2026-09-06T18:21:52.924737+00:00,12160515,Nys/ Roger-Vasselin,Balaji/ King,Atp Doubles,,,,,,,
2026-09-06T18:21:53.989253+00:00,12160672,L. Zaar,K. Tsygourova,Challenger Women Singles,0.594,1.29,0.7752,-0.1812,0,K. Tsygourova,2026-09-06T19:11:58.712590+00:00
2026-09-06T18:21:55.042576+00:00,12160619,I. Montes-De La Torre,F. Balshaw,Challenger Men Singles,0.4828,,,,1,F. Balshaw,2026-09-06T19:11:59.143171+00:00
2026-09-06T18:21:56.095340+00:00,12160535,Hsieh S-/Ostapenko,Bouzkova/ Sorribes Tormo,Wta Doubles,,,,,,,
2026-09-06T18:21:57.151286+00:00,12160533,M. Kostyuk,L. Noskova,Wta Singles,0.4418,1.72,0.5814,-0.1396,1,L. Noskova,2026-09-06T19:17:44.849775+00:00
2026-09-06T18:21:58.198841+00:00,12160529,Muhammad/ Stollar,Hozumi/ Klepac,Wta Doubles,,,,,,,
2026-09-06T18:21:59.248963+00:00,12160519,Dart/ Lumsden,Bucsa/ Melichar-Martinez,Wta Doubles,,,,,,,
2026-09-06T18:22:00.311394+00:00,12160518,Maria/ Sonmez,Danilina/ Krunic,Wta Doubles,,,,,,,
2026-09-06T18:22:01.372565+00:00,12160516,T. Paul,C. Alcaraz,Atp Singles,0.2371,5.5,0.1818,0.0553,1,C. Alcaraz,2026-09-06T21:12:26.029424+00:00
2026-09-06T18:27:47.212261+00:00,12160693,D. Jade,M. Vaughan,Boys Singles,,,,,,,
2026-09-06T18:27:48.359729+00:00,12160739,A. Wang,M. Makarova,Girls Singles,,,,,,,
2026-09-06T18:27:49.503716+00:00,12160737,A. Sushkova,Y. Lin,Girls Singles,,,,,,,
2026-09-06T18:27:50.678748+00:00,12160726,C. Mercier,A. Tu,Girls Singles,,,,,,,
2026-09-06T18:27:51.730607+00:00,12160717,T. Gowda,E. V. Eigelsbach,Girls Singles,0.7419,,,,1,T. Gowda,2026-09-06T19:12:00.478192+00:00
2026-09-06T18:27:52.907447+00:00,12160704,V. Reisach,V. Reddy,Boys Singles,0.9167,,,,0,V. Reddy,2026-09-06T20:13:11.277274+00:00
2026-09-06T18:27:54.213673+00:00,12160703,N. Raguin,S. Massellani,Boys Singles,0.25,,,,1,S. Massellani,2026-09-06T19:12:01.341128+00:00
2026-09-06T18:27:55.369100+00:00,12160702,N. Raghuram,K. Thompson,Boys Singles,,,,,,,
2026-09-06T18:27:56.421359+00:00,12160701,D. Pagani,N. Baena,Boys Singles,0.9474,,,,1,D. Pagani,2026-09-06T19:12:01.759936+00:00
2026-09-06T18:27:57.752703+00:00,12160515,Nys/ Roger-Vasselin,Balaji/ King,Atp Doubles,,,,,,,
2026-09-06T18:27:58.955166+00:00,12160672,L. Zaar,K. Tsygourova,Challenger Women Singles,0.594,1.29,0.7752,-0.1812,0,K. Tsygourova,2026-09-06T19:12:02.187985+00:00
2026-09-06T18:28:00.012819+00:00,12160619,I. Montes-De La Torre,F. Balshaw,Challenger Men Singles,0.4828,,,,1,F. Balshaw,2026-09-06T19:12:02.613042+00:00
2026-09-06T18:28:01.121335+00:00,12160535,Hsieh S-/Ostapenko,Bouzkova/ Sorribes Tormo,Wta Doubles,,,,,,,
2026-09-06T18:28:02.187315+00:00,12160533,M. Kostyuk,L. Noskova,Wta Singles,0.4418,1.72,0.5814,-0.1396,1,L. Noskova,2026-09-06T19:17:46.189755+00:00
2026-09-06T18:28:03.291853+00:00,12160529,Muhammad/ Stollar,Hozumi/ Klepac,Wta Doubles,,,,,,,
2026-09-06T18:28:04.419406+00:00,12160519,Dart/ Lumsden,Bucsa/ Melichar-Martinez,Wta Doubles,,,,,,,
2026-09-06T18:28:05.472725+00:00,12160518,Maria/ Sonmez,Danilina/ Krunic,Wta Doubles,,,,,,,
2026-09-06T18:28:06.611008+00:00,12160516,T. Paul,C. Alcaraz,Atp Singles,0.2371,5.5,0.1818,0.0553,1,C. Alcaraz,2026-09-06T21:12:26.482586+00:00
2026-09-06T19:12:06.165375+00:00,12160693,D. Jade,M. Vaughan,Boys Singles,,,,,,,
2026-09-06T19:12:07.042284+00:00,12160853,A. S. Sanchez,A. Candiotto,Itf Women Singles,0.5423,,,,1,A. S. Sanchez,2026-09-06T21:12:26.898573+00:00
2026-09-06T19:12:07.926912+00:00,12160851,Pavlasek/ Rikl,Cash/ Glasspool,Atp Doubles,,,,,,,
2026-09-06T19:12:08.771503+00:00,12160728,I. Pistola,A. Pircher,Girls Singles,0.3256,,,,0,I. Pistola,2026-09-06T21:12:27.324757+00:00
2026-09-06T19:12:09.623498+00:00,12160726,C. Mercier,A. Tu,Girls Singles,,,,,,,
2026-09-06T19:12:10.495487+00:00,12160722,S. A. Larraya Guidi,N. Kha,Girls Singles,,,,,,,
2026-09-06T19:12:11.350804+00:00,12160704,V. Reisach,V. Reddy,Boys Singles,0.9167,,,,0,V. Reddy,2026-09-06T20:13:12.638818+00:00
2026-09-06T19:12:12.567724+00:00,12160702,N. Raghuram,K. Thompson,Boys Singles,,,,,,,
2026-09-06T19:12:13.455810+00:00,12160699,L. A. Miguel,D. Malacek,Boys Singles,,,,,,,
2026-09-06T19:12:14.300809+00:00,12160514,Miedler/ Polmans,Cash/ Erler,Atp Doubles,,,,,,,
2026-09-06T19:12:15.164108+00:00,12160683,M. Ceban,Y. Sakurai,Boys Singles,,,,,,,
2026-09-06T19:12:16.041052+00:00,12160681,J. M. Bolivar Idarraga,V. Gonzalez-Galino,Boys Singles,,,,,,,
2026-09-06T19:12:16.877129+00:00,12160543,A. Michelsen,T. M. Etcheverry,Atp Singles,0.4263,1.36,0.7353,-0.309,0,A. Michelsen,2026-09-06T22:12:21.407547+00:00
2026-09-06T19:12:17.769423+00:00,12160535,Hsieh S-/Ostapenko,Bouzkova/ Sorribes Tormo,Wta Doubles,,,,,,,
2026-09-06T19:12:18.616961+00:00,12160533,M. Kostyuk,L. Noskova,Wta Singles,0.4418,1.72,0.5814,-0.1396,1,L. Noskova,2026-09-06T19:17:48.854987+00:00
2026-09-06T19:12:19.518899+00:00,12160520,Jiang/ Zhang,Chong/ Yang,Wta Doubles,,,,,,,
2026-09-06T19:12:20.417403+00:00,12160519,Dart/ Lumsden,Bucsa/ Melichar-Martinez,Wta Doubles,,,,,,,
2026-09-06T19:12:21.306302+00:00,12160516,T. Paul,C. Alcaraz,Atp Singles,0.2371,5.5,0.1818,0.0553,1,C. Alcaraz,2026-09-06T21:12:28.210385+00:00
2026-09-06T19:17:51.968884+00:00,12160693,D. Jade,M. Vaughan,Boys Singles,,,,,,,
2026-09-06T19:17:52.856180+00:00,12160853,A. S. Sanchez,A. Candiotto,Itf Women Singles,0.5423,,,,1,A. S. Sanchez,2026-09-06T21:12:28.629407+00:00
2026-09-06T19:17:53.732122+00:00,12160851,Pavlasek/ Rikl,Cash/ Glasspool,Atp Doubles,,,,,,,
2026-09-06T19:17:54.587731+00:00,12160728,I. Pistola,A. Pircher,Girls Singles,0.3256,,,,0,I. Pistola,2026-09-06T21:12:29.062736+00:00
2026-09-06T19:17:55.453504+00:00,12160726,C. Mercier,A. Tu,Girls Singles,,,,,,,
2026-09-06T19:17:56.327782+00:00,12160722,S. A. Larraya Guidi,N. Kha,Girls Singles,,,,,,,
2026-09-06T19:17:57.186346+00:00,12160704,V. Reisach,V. Reddy,Boys Singles,0.9167,,,,0,V. Reddy,2026-09-06T20:13:14.361910+00:00
2026-09-06T19:17:58.175790+00:00,12160702,N. Raghuram,K. Thompson,Boys Singles,,,,,,,
2026-09-06T19:17:59.064887+00:00,12160699,L. A. Miguel,D. Malacek,Boys Singles,,,,,,,
2026-09-06T19:17:59.941626+00:00,12160514,Miedler/ Polmans,Cash/ Erler,Atp Doubles,,,,,,,
2026-09-06T19:18:00.813193+00:00,12160683,M. Ceban,Y. Sakurai,Boys Singles,,,,,,,
2026-09-06T19:18:01.746183+00:00,12160681,J. M. Bolivar Idarraga,V. Gonzalez-Galino,Boys Singles,,,,,,,
2026-09-06T19:18:02.614507+00:00,12160543,A. Michelsen,T. M. Etcheverry,Atp Singles,0.4263,1.36,0.7353,-0.309,0,A. Michelsen,2026-09-06T22:12:21.747522+00:00
2026-09-06T19:18:03.484582+00:00,12160535,Hsieh S-/Ostapenko,Bouzkova/ Sorribes Tormo,Wta Doubles,,,,,,,
2026-09-06T19:18:04.346255+00:00,12160533,M. Kostyuk,L. Noskova,Wta Singles,0.4418,1.72,0.5814,-0.1396,1,L. Noskova,2026-09-06T19:23:33.061365+00:00
2026-09-06T19:18:05.218028+00:00,12160520,Jiang/ Zhang,Chong/ Yang,Wta Doubles,,,,,,,
2026-09-06T19:18:06.100630+00:00,12160516,T. Paul,C. Alcaraz,Atp Singles,0.2371,5.5,0.1818,0.0553,1,C. Alcaraz,2026-09-06T21:12:29.910140+00:00
2026-09-06T19:23:36.156721+00:00,12160693,D. Jade,M. Vaughan,Boys Singles,,,,,,,
2026-09-06T19:23:37.039435+00:00,12160853,A. S. Sanchez,A. Candiotto,Itf Women Singles,0.5423,,,,1,A. S. Sanchez,2026-09-06T21:12:30.324136+00:00
2026-09-06T19:23:37.918715+00:00,12160851,Pavlasek/ Rikl,Cash/ Glasspool,Atp Doubles,,,,,,,
2026-09-06T19:23:38.764065+00:00,12160728,I. Pistola,A. Pircher,Girls Singles,0.3256,,,,0,I. Pistola,2026-09-06T21:12:30.742607+00:00
2026-09-06T19:23:39.610190+00:00,12160726,C. Mercier,A. Tu,Girls Singles,,,,,,,
2026-09-06T19:23:40.488186+00:00,12160722,S. A. Larraya Guidi,N. Kha,Girls Singles,,,,,,,
2026-09-06T19:23:41.350404+00:00,12160704,V. Reisach,V. Reddy,Boys Singles,0.9167,,,,0,V. Reddy,2026-09-06T20:13:16.077951+00:00
2026-09-06T19:23:42.354126+00:00,12160702,N. Raghuram,K. Thompson,Boys Singles,,,,,,,
2026-09-06T19:23:43.216931+00:00,12160699,L. A. Miguel,D. Malacek,Boys Singles,,,,,,,
2026-09-06T19:23:44.069192+00:00,12160514,Miedler/ Polmans,Cash/ Erler,Atp Doubles,,,,,,,
2026-09-06T19:23:44.937284+00:00,12160683,M. Ceban,Y. Sakurai,Boys Singles,,,,,,,
2026-09-06T19:23:45.797097+00:00,12160681,J. M. Bolivar Idarraga,V. Gonzalez-Galino,Boys Singles,,,,,,,
2026-09-06T19:23:46.669958+00:00,12160543,A. Michelsen,T. M. Etcheverry,Atp Singles,0.4263,1.36,0.7353,-0.309,0,A. Michelsen,2026-09-06T22:12:22.088647+00:00
2026-09-06T19:23:47.533728+00:00,12160535,Hsieh S-/Ostapenko,Bouzkova/ Sorribes Tormo,Wta Doubles,,,,,,,
2026-09-06T19:23:48.407507+00:00,12160533,M. Kostyuk,L. Noskova,Wta Singles,0.4418,1.72,0.5814,-0.1396,1,L. Noskova,2026-09-06T20:13:16.771336+00:00
2026-09-06T19:23:49.256161+00:00,12160520,Jiang/ Zhang,Chong/ Yang,Wta Doubles,,,,,,,
2026-09-06T19:23:50.122488+00:00,12160516,T. Paul,C. Alcaraz,Atp Singles,0.2371,5.5,0.1818,0.0553,1,C. Alcaraz,2026-09-06T21:12:31.588997+00:00
2026-09-06T20:13:19.279356+00:00,12160514,Miedler/ Polmans,Cash/ Erler,Atp Doubles,,,,,,,
2026-09-06T20:13:19.962963+00:00,12160516,T. Paul,C. Alcaraz,Atp Singles,0.2371,5.5,0.1818,0.0553,1,C. Alcaraz,2026-09-06T21:12:32.036958+00:00
2026-09-06T20:13:20.641842+00:00,12160520,Jiang/ Zhang,Chong/ Yang,Wta Doubles,,,,,,,
2026-09-06T20:13:21.338801+00:00,12160542,D. Medvedev,F. Tiafoe,Atp Singles,0.5719,1.67,0.5988,-0.0269,0,F. Tiafoe,2026-09-06T23:11:55.631468+00:00
2026-09-06T20:13:22.023875+00:00,12160543,A. Michelsen,T. M. Etcheverry,Atp Singles,0.4263,1.36,0.7353,-0.309,0,A. Michelsen,2026-09-06T22:12:22.777540+00:00
2026-09-06T20:13:22.700393+00:00,12160545,Fossa Huergo/ Korpatsch,Chan H-/Joint,Wta Doubles,,,,,,,
2026-09-06T20:13:23.391685+00:00,12160681,J. M. Bolivar Idarraga,V. Gonzalez-Galino,Boys Singles,,,,,,,
2026-09-06T20:13:24.100429+00:00,12160683,M. Ceban,Y. Sakurai,Boys Singles,,,,,,,
2026-09-06T20:13:24.779613+00:00,12160699,L. A. Miguel,D. Malacek,Boys Singles,,,,,,,
2026-09-06T20:13:25.464499+00:00,12160702,N. Raghuram,K. Thompson,Boys Singles,,,,,,,
2026-09-06T20:13:26.146502+00:00,12160710,P. Berezina,C. Clarke,Girls Singles,,,,,,,
2026-09-06T20:13:26.826113+00:00,12160722,S. A. Larraya Guidi,N. Kha,Girls Singles,,,,,,,
2026-09-06T20:13:27.549978+00:00,12160728,I. Pistola,A. Pircher,Girls Singles,0.3256,,,,0,I. Pistola,2026-09-06T21:12:33.335013+00:00
2026-09-06T20:13:28.226305+00:00,12160736,X. Sun,A. Terentyeva,Girls Singles,,,,,,,
2026-09-06T20:13:28.907858+00:00,12160851,Pavlasek/ Rikl,Cash/ Glasspool,Atp Doubles,,,,,,,
2026-09-06T20:13:29.597909+00:00,12160853,A. S. Sanchez,A. Candiotto,Itf Women Singles,0.5423,,,,1,A. S. Sanchez,2026-09-06T21:12:33.757587+00:00
2026-09-06T20:18:54.585076+00:00,12160699,L. A. Miguel,D. Malacek,Boys Singles,,,,,,,
2026-09-06T20:18:55.272731+00:00,12160853,A. S. Sanchez,A. Candiotto,Itf Women Singles,0.5423,,,,1,A. S. Sanchez,2026-09-06T21:12:34.175975+00:00
2026-09-06T20:18:55.947081+00:00,12160851,Pavlasek/ Rikl,Cash/ Glasspool,Atp Doubles,,,,,,,
2026-09-06T20:18:56.624684+00:00,12160736,X. Sun,A. Terentyeva,Girls Singles,,,,,,,
2026-09-06T20:18:57.305875+00:00,12160728,I. Pistola,A. Pircher,Girls Singles,0.3256,,,,0,I. Pistola,2026-09-06T21:12:34.594210+00:00
2026-09-06T20:18:57.979795+00:00,12160722,S. A. Larraya Guidi,N. Kha,Girls Singles,,,,,,,
2026-09-06T20:18:58.657464+00:00,12160710,P. Berezina,C. Clarke,Girls Singles,,,,,,,
2026-09-06T20:18:59.339971+00:00,12160705,M. Reyniak,J. Mackenzie,Boys Singles,0.1268,,,,1,J. Mackenzie,2026-09-06T23:11:56.028715+00:00
2026-09-06T20:19:00.037572+00:00,12160702,N. Raghuram,K. Thompson,Boys Singles,,,,,,,
2026-09-06T20:19:00.711536+00:00,12160514,Miedler/ Polmans,Cash/ Erler,Atp Doubles,,,,,,,
2026-09-06T20:19:01.396567+00:00,12160683,M. Ceban,Y. Sakurai,Boys Singles,,,,,,,
2026-09-06T20:19:02.075328+00:00,12160681,J. M. Bolivar Idarraga,V. Gonzalez-Galino,Boys Singles,,,,,,,
2026-09-06T20:19:02.753988+00:00,12160545,Fossa Huergo/ Korpatsch,Chan H-/Joint,Wta Doubles,,,,,,,
2026-09-06T20:19:03.454610+00:00,12160543,A. Michelsen,T. M. Etcheverry,Atp Singles,0.4263,1.36,0.7353,-0.309,0,A. Michelsen,2026-09-06T22:12:23.483668+00:00
2026-09-06T20:19:04.136894+00:00,12160542,D. Medvedev,F. Tiafoe,Atp Singles,0.5719,1.67,0.5988,-0.0269,0,F. Tiafoe,2026-09-06T23:11:56.426238+00:00
2026-09-06T20:19:04.813411+00:00,12160520,Jiang/ Zhang,Chong/ Yang,Wta Doubles,,,,,,,
2026-09-06T20:19:05.510825+00:00,12160516,T. Paul,C. Alcaraz,Atp Singles,0.2371,5.5,0.1818,0.0553,1,C. Alcaraz,2026-09-06T21:12:36.326782+00:00
2026-09-06T20:24:32.284691+00:00,12160683,M. Ceban,Y. Sakurai,Boys Singles,,,,,,,
2026-09-06T20:24:32.989376+00:00,12160853,A. S. Sanchez,A. Candiotto,Itf Women Singles,0.5423,,,,1,A. S. Sanchez,2026-09-06T21:12:36.762302+00:00
2026-09-06T20:24:33.662559+00:00,12160851,Pavlasek/ Rikl,Cash/ Glasspool,Atp Doubles,,,,,,,
2026-09-06T20:24:34.424885+00:00,12160736,X. Sun,A. Terentyeva,Girls Singles,,,,,,,
2026-09-06T20:24:35.113579+00:00,12160728,I. Pistola,A. Pircher,Girls Singles,0.3256,,,,0,I. Pistola,2026-09-06T21:12:37.178084+00:00
2026-09-06T20:24:35.796382+00:00,12160722,S. A. Larraya Guidi,N. Kha,Girls Singles,,,,,,,
2026-09-06T20:24:36.486734+00:00,12160710,P. Berezina,C. Clarke,Girls Singles,,,,,,,
2026-09-06T20:24:37.170133+00:00,12160705,M. Reyniak,J. Mackenzie,Boys Singles,0.1268,,,,1,J. Mackenzie,2026-09-06T23:11:56.816659+00:00
2026-09-06T20:24:37.854497+00:00,12160699,L. A. Miguel,D. Malacek,Boys Singles,,,,,,,
2026-09-06T20:24:38.530429+00:00,12160514,Miedler/ Polmans,Cash/ Erler,Atp Doubles,,,,,,,
2026-09-06T20:24:39.215392+00:00,12160681,J. M. Bolivar Idarraga,V. Gonzalez-Galino,Boys Singles,,,,,,,
2026-09-06T20:24:39.892988+00:00,12160545,Fossa Huergo/ Korpatsch,Chan H-/Joint,Wta Doubles,,,,,,,
2026-09-06T20:24:40.585443+00:00,12160543,A. Michelsen,T. M. Etcheverry,Atp Singles,0.4263,1.36,0.7353,-0.309,0,A. Michelsen,2026-09-06T22:12:24.525892+00:00
2026-09-06T20:24:41.285068+00:00,12160542,D. Medvedev,F. Tiafoe,Atp Singles,0.5719,1.67,0.5988,-0.0269,0,F. Tiafoe,2026-09-06T23:11:57.218068+00:00
2026-09-06T20:24:41.971306+00:00,12160534,Kichenok/ Kichenok,Kato/ Wu,Wta Doubles,,,,,,,
2026-09-06T20:24:42.651436+00:00,12160520,Jiang/ Zhang,Chong/ Yang,Wta Doubles,,,,,,,
2026-09-06T20:24:43.376102+00:00,12160516,T. Paul,C. Alcaraz,Atp Singles,0.2371,5.5,0.1818,0.0553,1,C. Alcaraz,2026-09-06T21:12:38.907175+00:00
2026-09-06T21:12:41.572305+00:00,12160534,Kichenok/ Kichenok,Kato/ Wu,Wta Doubles,,,,,,,
2026-09-06T21:12:42.421576+00:00,12160542,D. Medvedev,F. Tiafoe,Atp Singles,0.5719,1.67,0.5988,-0.0269,0,F. Tiafoe,2026-09-06T23:11:57.613415+00:00
2026-09-06T21:12:43.277637+00:00,12160543,A. Michelsen,T. M. Etcheverry,Atp Singles,0.4263,1.36,0.7353,-0.309,0,A. Michelsen,2026-09-06T22:12:25.552633+00:00
2026-09-06T21:12:44.129178+00:00,12160545,Fossa Huergo/ Korpatsch,Chan H-/Joint,Wta Doubles,,,,,,,
2026-09-06T21:12:44.969933+00:00,12160677,F. Alfano,Y. T. Alexandrescou,Boys Singles,0.027,,,,1,Y. T. Alexandrescou,2026-09-06T22:12:25.888953+00:00
2026-09-06T21:12:45.809010+00:00,12160685,K. S. Chen,O. Ogunsakin,Boys Singles,0.5,,,,,,
2026-09-06T21:12:46.659243+00:00,12160689,C. Doig,T. Davidov,Boys Singles,0.4286,,,,0,C. Doig,2026-09-06T22:23:41.670988+00:00
2026-09-06T21:12:47.494542+00:00,12160705,M. Reyniak,J. Mackenzie,Boys Singles,0.1268,,,,1,J. Mackenzie,2026-09-06T23:11:58.398415+00:00
2026-09-06T21:12:48.337118+00:00,12160706,J. Secord,D. Zhalgasbay,Boys Singles,0.0714,,,,0,J. Secord,2026-09-06T23:11:58.790855+00:00
2026-09-06T21:12:49.174095+00:00,12160710,P. Berezina,C. Clarke,Girls Singles,,,,,,,
2026-09-06T21:12:50.023099+00:00,12160715,K. Efremova,S. Fagan,Girls Singles,,,,,,,
2026-09-06T21:12:50.880941+00:00,12160729,D. Popovski,C. Esquiva Banuls,Girls Singles,0.2131,,,,1,C. Esquiva Banuls,2026-09-06T22:12:27.599212+00:00
2026-09-06T21:12:51.753556+00:00,12160852,Ram/ Salisbury,Arribage/ Olivetti,Atp Doubles,,,,,,,
2026-09-06T21:12:52.632967+00:00,12160854,M. Alves,V. H. Remondy Pagotto,Itf Men Singles,0.9077,,,,0,V. H. Remondy Pagotto,2026-09-06T23:11:59.180024+00:00
2026-09-06T21:18:24.643021+00:00,12160534,Kichenok/ Kichenok,Kato/ Wu,Wta Doubles,,,,,,,
2026-09-06T21:18:25.481703+00:00,12160542,D. Medvedev,F. Tiafoe,Atp Singles,0.5719,1.67,0.5988,-0.0269,0,F. Tiafoe,2026-09-06T23:11:59.577900+00:00
2026-09-06T21:18:26.350050+00:00,12160543,A. Michelsen,T. M. Etcheverry,Atp Singles,0.4263,1.36,0.7353,-0.309,0,A. Michelsen,2026-09-06T22:12:28.642757+00:00
2026-09-06T21:18:27.186426+00:00,12160545,Fossa Huergo/ Korpatsch,Chan H-/Joint,Wta Doubles,,,,,,,
2026-09-06T21:18:28.038329+00:00,12160677,F. Alfano,Y. T. Alexandrescou,Boys Singles,0.027,,,,1,Y. T. Alexandrescou,2026-09-06T22:12:28.983005+00:00
2026-09-06T21:18:28.920543+00:00,12160685,K. S. Chen,O. Ogunsakin,Boys Singles,0.5,,,,,,
2026-09-06T21:18:29.771235+00:00,12160689,C. Doig,T. Davidov,Boys Singles,0.4286,,,,0,C. Doig,2026-09-06T22:23:43.842539+00:00
2026-09-06T21:18:30.626267+00:00,12160705,M. Reyniak,J. Mackenzie,Boys Singles,0.1268,,,,1,J. Mackenzie,2026-09-06T23:12:00.375026+00:00
2026-09-06T21:18:31.462429+00:00,12160706,J. Secord,D. Zhalgasbay,Boys Singles,0.0714,,,,0,J. Secord,2026-09-06T23:12:00.769327+00:00
2026-09-06T21:18:32.307236+00:00,12160708,K. Watanabe,J. Gaines,Boys Singles,,,,,,,
2026-09-06T21:18:33.159239+00:00,12160710,P. Berezina,C. Clarke,Girls Singles,,,,,,,
2026-09-06T21:18:34.025934+00:00,12160715,K. Efremova,S. Fagan,Girls Singles,,,,,,,
2026-09-06T21:18:34.859151+00:00,12160729,D. Popovski,C. Esquiva Banuls,Girls Singles,0.2131,,,,1,C. Esquiva Banuls,2026-09-06T22:12:30.682552+00:00
2026-09-06T21:18:35.732253+00:00,12160852,Ram/ Salisbury,Arribage/ Olivetti,Atp Doubles,,,,,,,
2026-09-06T21:18:36.589106+00:00,12160854,M. Alves,V. H. Remondy Pagotto,Itf Men Singles,0.9077,,,,0,V. H. Remondy Pagotto,2026-09-06T23:12:01.160852+00:00
2026-09-06T21:24:12.163597+00:00,12160534,Kichenok/ Kichenok,Kato/ Wu,Wta Doubles,,,,,,,
2026-09-06T21:24:13.042651+00:00,12160542,D. Medvedev,F. Tiafoe,Atp Singles,0.5719,1.67,0.5988,-0.0269,0,F. Tiafoe,2026-09-06T23:12:01.553740+00:00
2026-09-06T21:24:13.913855+00:00,12160543,A. Michelsen,T. M. Etcheverry,Atp Singles,0.4263,1.36,0.7353,-0.309,0,A. Michelsen,2026-09-06T22:12:31.707298+00:00
2026-09-06T21:24:14.770032+00:00,12160545,Fossa Huergo/ Korpatsch,Chan H-/Joint,Wta Doubles,,,,,,,
2026-09-06T21:24:15.637596+00:00,12160677,F. Alfano,Y. T. Alexandrescou,Boys Singles,0.027,,,,1,Y. T. Alexandrescou,2026-09-06T22:12:32.046450+00:00
2026-09-06T21:24:16.507225+00:00,12160685,K. S. Chen,O. Ogunsakin,Boys Singles,0.5,,,,,,
2026-09-06T21:24:17.374931+00:00,12160689,C. Doig,T. Davidov,Boys Singles,0.4286,,,,0,C. Doig,2026-09-06T22:23:46.012558+00:00
2026-09-06T21:24:18.230574+00:00,12160705,M. Reyniak,J. Mackenzie,Boys Singles,0.1268,,,,1,J. Mackenzie,2026-09-06T23:12:02.346234+00:00
2026-09-06T21:24:19.092895+00:00,12160706,J. Secord,D. Zhalgasbay,Boys Singles,0.0714,,,,0,J. Secord,2026-09-06T23:12:02.740787+00:00
2026-09-06T21:24:19.942196+00:00,12160708,K. Watanabe,J. Gaines,Boys Singles,,,,,,,
2026-09-06T21:24:20.827102+00:00,12160710,P. Berezina,C. Clarke,Girls Singles,,,,,,,
2026-09-06T21:24:21.702743+00:00,12160715,K. Efremova,S. Fagan,Girls Singles,,,,,,,
2026-09-06T21:24:22.556514+00:00,12160729,D. Popovski,C. Esquiva Banuls,Girls Singles,0.2131,,,,1,C. Esquiva Banuls,2026-09-06T22:12:33.750211+00:00
2026-09-06T21:24:23.417782+00:00,12160852,Ram/ Salisbury,Arribage/ Olivetti,Atp Doubles,,,,,,,
2026-09-06T21:24:24.296327+00:00,12160854,M. Alves,V. H. Remondy Pagotto,Itf Men Singles,0.9077,,,,0,V. H. Remondy Pagotto,2026-09-06T23:12:03.131762+00:00
2026-09-06T22:12:36.227886+00:00,12160534,Kichenok/ Kichenok,Kato/ Wu,Wta Doubles,,,,,,,
2026-09-06T22:12:36.935111+00:00,12160542,D. Medvedev,F. Tiafoe,Atp Singles,0.5719,1.67,0.5988,-0.0269,0,F. Tiafoe,2026-09-06T23:12:03.539144+00:00
2026-09-06T22:12:37.620297+00:00,12160543,A. Michelsen,T. M. Etcheverry,Atp Singles,0.4263,1.36,0.7353,-0.309,0,A. Michelsen,2026-09-06T22:18:09.565450+00:00
2026-09-06T22:12:38.307360+00:00,12160545,Fossa Huergo/ Korpatsch,Chan H-/Joint,Wta Doubles,,,,,,,
2026-09-06T22:12:39.000509+00:00,12160685,K. S. Chen,O. Ogunsakin,Boys Singles,0.5,,,,,,
2026-09-06T22:12:39.706109+00:00,12160689,C. Doig,T. Davidov,Boys Singles,0.4286,,,,0,C. Doig,2026-09-06T22:23:48.084545+00:00
2026-09-06T22:12:40.402195+00:00,12160691,F. Fontes Damorim,B. Azar,Boys Singles,,,,,,,
2026-09-06T22:12:41.078424+00:00,12160705,M. Reyniak,J. Mackenzie,Boys Singles,0.1268,,,,1,J. Mackenzie,2026-09-06T23:12:04.324323+00:00
2026-09-06T22:12:41.754901+00:00,12160706,J. Secord,D. Zhalgasbay,Boys Singles,0.0714,,,,0,J. Secord,2026-09-06T23:12:04.717109+00:00
2026-09-06T22:12:42.436530+00:00,12160708,K. Watanabe,J. Gaines,Boys Singles,,,,,,,
2026-09-06T22:12:43.144601+00:00,12160852,Ram/ Salisbury,Arribage/ Olivetti,Atp Doubles,,,,,,,
2026-09-06T22:12:43.834308+00:00,12160854,M. Alves,V. H. Remondy Pagotto,Itf Men Singles,0.9077,,,,0,V. H. Remondy Pagotto,2026-09-06T23:12:05.110479+00:00
2026-09-06T22:12:44.701999+00:00,12160855,Mediorreal/ Sanchez,Garcia Vidal/ Melleiro,Itf Women Doubles,,,,,,,
2026-09-06T22:18:13.455238+00:00,12160712,L. Chang,J. Kovackova,Girls Singles,,,,,,,
2026-09-06T22:18:14.133695+00:00,12160534,Kichenok/ Kichenok,Kato/ Wu,Wta Doubles,,,,,,,
2026-09-06T22:18:14.919178+00:00,12160542,D. Medvedev,F. Tiafoe,Atp Singles,0.5719,1.67,0.5988,-0.0269,0,F. Tiafoe,2026-09-06T23:12:05.503132+00:00
2026-09-06T22:18:15.609173+00:00,12160543,A. Michelsen,T. M. Etcheverry,Atp Singles,0.4263,1.36,0.7353,-0.309,0,A. Michelsen,2026-09-06T22:23:49.779985+00:00
2026-09-06T22:18:16.286142+00:00,12160545,Fossa Huergo/ Korpatsch,Chan H-/Joint,Wta Doubles,,,,,,,
2026-09-06T22:18:16.966712+00:00,12160685,K. S. Chen,O. Ogunsakin,Boys Singles,0.5,,,,,,
2026-09-06T22:18:17.642630+00:00,12160689,C. Doig,T. Davidov,Boys Singles,0.4286,,,,0,C. Doig,2026-09-06T22:23:50.497428+00:00
2026-09-06T22:18:18.312737+00:00,12160691,F. Fontes Damorim,B. Azar,Boys Singles,,,,,,,
2026-09-06T22:18:19.030171+00:00,12160705,M. Reyniak,J. Mackenzie,Boys Singles,0.1268,,,,1,J. Mackenzie,2026-09-06T23:12:06.297066+00:00
2026-09-06T22:18:19.709610+00:00,12160706,J. Secord,D. Zhalgasbay,Boys Singles,0.0714,,,,0,J. Secord,2026-09-06T23:12:06.696004+00:00
2026-09-06T22:18:20.396177+00:00,12160708,K. Watanabe,J. Gaines,Boys Singles,,,,,,,
2026-09-06T22:18:21.076404+00:00,12160852,Ram/ Salisbury,Arribage/ Olivetti,Atp Doubles,,,,,,,
2026-09-06T22:18:21.760967+00:00,12160854,M. Alves,V. H. Remondy Pagotto,Itf Men Singles,0.9077,,,,0,V. H. Remondy Pagotto,2026-09-06T23:12:07.091137+00:00
2026-09-06T22:18:22.484153+00:00,12160855,Mediorreal/ Sanchez,Garcia Vidal/ Melleiro,Itf Women Doubles,,,,,,,
2026-09-06T22:23:53.671045+00:00,12160541,Bolelli/ Vavassori,Gille/ Verbeek,Atp Doubles,,,,,,,
2026-09-06T22:23:54.367409+00:00,12160733,M. Rajeshwaran Revathi,E. Combs,Girls Singles,0.6,,,,,,
2026-09-06T22:23:55.045462+00:00,12160732,Y. Qu,A. Malygina,Girls Singles,,,,,,,
2026-09-06T22:23:55.724907+00:00,12160712,L. Chang,J. Kovackova,Girls Singles,,,,,,,
2026-09-06T22:23:56.400474+00:00,12160855,Mediorreal/ Sanchez,Garcia Vidal/ Melleiro,Itf Women Doubles,,,,,,,
2026-09-06T22:23:57.076728+00:00,12160534,Kichenok/ Kichenok,Kato/ Wu,Wta Doubles,,,,,,,
2026-09-06T22:23:57.758318+00:00,12160854,M. Alves,V. H. Remondy Pagotto,Itf Men Singles,0.9077,,,,0,V. H. Remondy Pagotto,2026-09-06T23:12:07.870106+00:00
2026-09-06T22:23:58.498003+00:00,12160852,Ram/ Salisbury,Arribage/ Olivetti,Atp Doubles,,,,,,,
2026-09-06T22:23:59.178397+00:00,12160708,K. Watanabe,J. Gaines,Boys Singles,,,,,,,
2026-09-06T22:23:59.858956+00:00,12160706,J. Secord,D. Zhalgasbay,Boys Singles,0.0714,,,,0,J. Secord,2026-09-06T23:12:08.269006+00:00
2026-09-06T22:24:00.558144+00:00,12160705,M. Reyniak,J. Mackenzie,Boys Singles,0.1268,,,,1,J. Mackenzie,2026-09-06T23:12:08.667552+00:00
2026-09-06T22:24:01.238731+00:00,12160691,F. Fontes Damorim,B. Azar,Boys Singles,,,,,,,
2026-09-06T22:24:01.918164+00:00,12160689,C. Doig,T. Davidov,Boys Singles,0.4286,,,,0,C. Doig,2026-09-06T23:12:09.061342+00:00
2026-09-06T22:24:02.599659+00:00,12160685,K. S. Chen,O. Ogunsakin,Boys Singles,0.5,,,,,,
2026-09-06T22:24:03.281350+00:00,12160545,Fossa Huergo/ Korpatsch,Chan H-/Joint,Wta Doubles,,,,,,,
2026-09-06T22:24:03.967494+00:00,12160543,A. Michelsen,T. M. Etcheverry,Atp Singles,0.4263,1.36,0.7353,-0.309,0,A. Michelsen,2026-09-06T23:12:09.853184+00:00
2026-09-06T22:24:04.652014+00:00,12160542,D. Medvedev,F. Tiafoe,Atp Singles,0.5719,1.67,0.5988,-0.0269,0,F. Tiafoe,2026-09-06T23:12:10.254225+00:00
2026-09-06T23:12:12.600064+00:00,12160511,J. Pegula,S. Cirstea,Wta Singles,0.76,1.35,0.7407,0.0193,,,
2026-09-06T23:12:13.505562+00:00,12160541,Bolelli/ Vavassori,Gille/ Verbeek,Atp Doubles,,,,,,,
2026-09-06T23:12:14.298278+00:00,12160546,B. Shelton,S. Tsitsipas,Atp Singles,0.7742,1.43,0.6993,0.0749,,,
2026-09-06T23:12:15.095136+00:00,12160696,J. Kennedy,R. Tabata,Boys Singles,0.8543,,,,,,
2026-09-06T23:12:15.984316+00:00,12160712,L. Chang,J. Kovackova,Girls Singles,,,,,,,
2026-09-06T23:12:16.769005+00:00,12160721,U.-S. Jeong,H. Ayrault,Girls Singles,,,,,,,
2026-09-06T23:12:17.556500+00:00,12160732,Y. Qu,A. Malygina,Girls Singles,,,,,,,
2026-09-06T23:12:18.337502+00:00,12160733,M. Rajeshwaran Revathi,E. Combs,Girls Singles,0.6,,,,,,
2026-09-06T23:12:19.120938+00:00,12160740,R. Zhang,M. V. Pop,Girls Singles,,,,,,,
2026-09-06T23:12:19.911568+00:00,12160685,K. S. Chen,O. Ogunsakin,Boys Singles,0.5,,,,,,
2026-09-06T23:12:20.700492+00:00,12160691,F. Fontes Damorim,B. Azar,Boys Singles,,,,,,,
2026-09-06T23:12:21.530027+00:00,12160705,M. Reyniak,J. Mackenzie,Boys Singles,0.1268,,,,1,J. Mackenzie,2026-09-06T23:17:46.991969+00:00
2026-09-06T23:12:22.325619+00:00,12160852,Ram/ Salisbury,Arribage/ Olivetti,Atp Doubles,,,,,,,
2026-09-06T23:12:23.112734+00:00,12160854,M. Alves,V. H. Remondy Pagotto,Itf Men Singles,0.9077,,,,0,V. H. Remondy Pagotto,2026-09-06T23:17:47.390778+00:00
2026-09-06T23:12:23.991770+00:00,12160855,Mediorreal/ Sanchez,Garcia Vidal/ Melleiro,Itf Women Doubles,,,,,,,
2026-09-06T23:17:49.758383+00:00,12160511,J. Pegula,S. Cirstea,Wta Singles,0.76,1.35,0.7407,0.0193,,,
2026-09-06T23:17:50.646933+00:00,12160541,Bolelli/ Vavassori,Gille/ Verbeek,Atp Doubles,,,,,,,
2026-09-06T23:17:51.439542+00:00,12160546,B. Shelton,S. Tsitsipas,Atp Singles,0.7742,1.43,0.6993,0.0749,,,
2026-09-06T23:17:52.226930+00:00,12160696,J. Kennedy,R. Tabata,Boys Singles,0.8543,,,,,,
2026-09-06T23:17:53.119371+00:00,12160712,L. Chang,J. Kovackova,Girls Singles,,,,,,,
2026-09-06T23:17:53.913163+00:00,12160721,U.-S. Jeong,H. Ayrault,Girls Singles,,,,,,,
2026-09-06T23:17:54.701462+00:00,12160732,Y. Qu,A. Malygina,Girls Singles,,,,,,,
2026-09-06T23:17:55.489635+00:00,12160733,M. Rajeshwaran Revathi,E. Combs,Girls Singles,0.6,,,,,,
2026-09-06T23:17:56.277806+00:00,12160740,R. Zhang,M. V. Pop,Girls Singles,,,,,,,
2026-09-06T23:17:57.082171+00:00,12160685,K. S. Chen,O. Ogunsakin,Boys Singles,0.5,,,,,,
2026-09-06T23:17:57.869421+00:00,12160691,F. Fontes Damorim,B. Azar,Boys Singles,,,,,,,
2026-09-06T23:17:58.653074+00:00,12160705,M. Reyniak,J. Mackenzie,Boys Singles,0.1268,,,,1,J. Mackenzie,2026-09-06T23:23:25.779809+00:00
2026-09-06T23:17:59.451551+00:00,12160852,Ram/ Salisbury,Arribage/ Olivetti,Atp Doubles,,,,,,,
2026-09-06T23:18:00.246563+00:00,12160855,Mediorreal/ Sanchez,Garcia Vidal/ Melleiro,Itf Women Doubles,,,,,,,
2026-09-06T23:23:28.151704+00:00,12160511,J. Pegula,S. Cirstea,Wta Singles,0.76,1.35,0.7407,0.0193,,,
2026-09-06T23:23:29.103843+00:00,12160541,Bolelli/ Vavassori,Gille/ Verbeek,Atp Doubles,,,,,,,
2026-09-06T23:23:29.898546+00:00,12160546,B. Shelton,S. Tsitsipas,Atp Singles,0.7742,1.43,0.6993,0.0749,,,
2026-09-06T23:23:30.701568+00:00,12160696,J. Kennedy,R. Tabata,Boys Singles,0.8543,,,,,,
2026-09-06T23:23:31.586010+00:00,12160712,L. Chang,J. Kovackova,Girls Singles,,,,,,,
2026-09-06T23:23:32.369823+00:00,12160721,U.-S. Jeong,H. Ayrault,Girls Singles,,,,,,,
2026-09-06T23:23:33.161902+00:00,12160732,Y. Qu,A. Malygina,Girls Singles,,,,,,,
2026-09-06T23:23:33.963558+00:00,12160733,M. Rajeshwaran Revathi,E. Combs,Girls Singles,0.6,,,,,,
2026-09-06T23:23:34.787777+00:00,12160740,R. Zhang,M. V. Pop,Girls Singles,,,,,,,
2026-09-06T23:23:35.582377+00:00,12160685,K. S. Chen,O. Ogunsakin,Boys Singles,0.5,,,,,,
2026-09-06T23:23:36.370441+00:00,12160691,F. Fontes Damorim,B. Azar,Boys Singles,,,,,,,
2026-09-06T23:23:37.163692+00:00,12160852,Ram/ Salisbury,Arribage/ Olivetti,Atp Doubles,,,,,,,
2026-09-06T23:23:37.948700+00:00,12160855,Mediorreal/ Sanchez,Garcia Vidal/ Melleiro,Itf Women Doubles,,,,,,,
